question,worker,answer
0,0,0.51029748
0,1,0.50114416
0,2,0.50114416
0,3,0.51716247
0,5,0.55148741
0,6,0.54004577
0,7,0.27231121
0,8,0.63157895
1,0,0.51029748
1,1,0.50343249
1,2,0.49427918
1,3,0.49656751
1,4,0.4416476
1,5,0.54691076
1,6,0.65217391
1,8,0.68421053
2,0,0.5194508
2,1,0.50343249
2,2,0.50800915
2,3,0.5423341
2,4,0.4805492
2,5,0.52402746
2,6,0.60640732
2,7,0.35240275
2,8,0.80091533
3,0,0.53089245
3,1,0.53089245
3,2,0.5194508
3,4,0.46910755
3,5,0.52631579
3,6,0.60411899
4,0,0.51258581
4,1,0.48970252
4,3,0.51029748
4,5,0.55606407
4,6,0.61556064
4,7,0.5194508
4,8,0.64759725
5,0,0.50800915
5,2,0.51487414
5,3,0.53318078
5,4,0.5194508
5,5,0.55377574
5,6,0.62242563
5,7,0.29977117
5,8,0.58352403
6,0,0.53318078
6,1,0.52402746
6,2,0.53546911
6,3,0.58581236
6,4,0.47139588
6,5,0.5583524
6,6,0.68649886
6,7,0.41647597
6,8,0.62929062
7,0,0.5423341
7,1,0.51258581
7,2,0.52860412
7,3,0.57665904
7,4,0.45080092
7,5,0.53089245
7,6,0.66361556
7,7,0.41647597
7,8,0.6819222
8,0,0.51258581
8,1,0.51258581
8,3,0.5423341
8,4,0.42334096
8,5,0.56292906
8,6,0.61556064
8,7,0.37070938
8,8,0.57208238
9,0,0.51029748
9,1,0.5194508
9,2,0.52402746
9,3,0.54919908
9,4,0.48970252
9,5,0.58581236
9,6,0.67505721
9,7,0.38443936
9,8,0.66361556
10,0,0.53089245
10,1,0.50572082
10,2,0.51716247
10,3,0.59038902
10,4,0.46910755
10,5,0.56292906
10,6,0.64988558
10,8,0.66819222
11,0,0.51716247
11,1,0.51258581
11,2,0.52631579
11,3,0.56064073
11,4,0.44851259
11,5,0.54462243
11,6,0.60411899
11,7,0.41647597
11,8,0.7208238
12,0,0.50114416
12,1,0.50572082
12,2,0.54004577
12,3,0.54691076
12,4,0.52631579
12,5,0.56750572
12,6,0.62700229
12,7,0.3798627
12,8,0.71853547
13,0,0.52173913
13,1,0.51029748
13,2,0.51487414
13,3,0.51029748
13,5,0.52860412
13,6,0.61327231
13,7,0.30663616
14,0,0.50800915
14,1,0.51029748
14,2,0.51258581
14,4,0.50114416
14,5,0.57665904
14,6,0.65446224
14,7,0.42334096
14,8,0.68649886
15,0,0.52402746
15,1,0.52173913
15,2,0.51716247
15,3,0.56292906
15,4,0.49199085
15,5,0.56750572
15,6,0.61327231
15,7,0.49199085
15,8,0.5583524
16,0,0.52631579
16,2,0.51258581
16,3,0.57208238
16,6,0.61098398
16,7,0.47597254
16,8,0.6979405
17,0,0.53546911
17,1,0.53546911
17,2,0.5423341
17,3,0.54919908
17,4,0.54004577
17,5,0.5423341
17,6,0.75743707
17,7,0.37070938
17,8,0.70022883
18,0,0.53546911
18,1,0.52402746
18,3,0.56292906
18,4,0.51487414
18,5,0.56292906
18,6,0.69107551
19,0,0.52173913
19,1,0.5194508
19,2,0.53318078
19,3,0.54691076
19,4,0.47139588
19,5,0.57437071
19,6,0.59267735
19,7,0.33180778
19,8,0.67048055
20,0,0.55377574
20,1,0.53318078
20,2,0.55377574
20,3,0.57208238
20,4,0.48741419
20,5,0.5812357
20,6,0.68878719
20,8,0.60183066
21,0,0.53318078
21,1,0.52631579
21,2,0.53775744
21,3,0.51029748
21,6,0.65446224
21,7,0.40961098
21,8,0.63386728
22,0,0.54919908
22,1,0.5423341
22,2,0.55606407
22,3,0.56521739
22,5,0.57665904
22,6,0.67276888
22,7,0.54004577
22,8,0.6201373
23,0,0.54004577
23,2,0.53089245
23,3,0.58352403
23,4,0.52173913
23,5,0.55148741
23,6,0.64988558
23,8,0.57208238
24,1,0.5423341
24,2,0.55148741
24,3,0.55606407
24,4,0.5194508
24,5,0.59267735
24,6,0.71853547
24,7,0.47597254
24,8,0.67276888
25,0,0.53546911
25,1,0.53775744
25,2,0.54919908
25,3,0.57665904
25,5,0.57665904
25,7,0.48741419
25,8,0.64302059
26,0,0.55148741
26,1,0.53318078
26,2,0.53546911
26,3,0.55148741
26,5,0.54004577
26,6,0.66819222
26,7,0.49199085
27,0,0.54462243
27,1,0.53775744
27,2,0.5583524
27,3,0.59038902
27,6,0.65675057
27,7,0.47368421
27,8,0.80320366
28,0,0.55606407
28,1,0.54691076
28,2,0.55148741
28,3,0.57208238
28,4,0.5194508
28,5,0.5812357
28,6,0.71624714
28,7,0.44622426
28,8,0.67048055
29,0,0.55377574
29,1,0.54691076
29,2,0.55606407
29,3,0.5583524
29,4,0.49427918
29,5,0.60869565
29,7,0.48741419
29,8,0.74141876
30,0,0.56979405
30,1,0.55606407
30,2,0.55377574
30,3,0.61098398
30,4,0.53318078
30,5,0.58352403
30,7,0.40503432
31,0,0.56521739
31,1,0.55606407
31,2,0.56979405
31,3,0.6201373
31,4,0.51487414
31,5,0.64073227
31,6,0.69107551
31,7,0.36384439
31,8,0.62929062
32,0,0.55377574
32,1,0.54691076
32,2,0.5812357
32,3,0.57208238
32,4,0.52173913
32,5,0.60640732
32,6,0.67276888
32,7,0.49885584
32,8,0.66590389
33,1,0.54691076
33,2,0.56521739
33,3,0.59267735
33,4,0.5583524
33,5,0.59954233
33,6,0.67963387
33,7,0.52860412
33,8,0.68878719
34,0,0.56521739
34,1,0.56292906
34,2,0.57437071
34,3,0.60869565
34,4,0.51487414
34,5,0.60411899
34,6,0.67048055
34,7,0.38215103
34,8,0.65675057
35,0,0.54919908
35,1,0.54462243
35,2,0.55606407
35,3,0.597254
35,4,0.47826087
35,5,0.59267735
35,6,0.66361556
35,7,0.50343249
36,0,0.57437071
36,2,0.57665904
36,3,0.55606407
36,4,0.50343249
36,5,0.60183066
36,6,0.64073227
36,7,0.57208238
36,8,0.67734554
37,0,0.53318078
37,1,0.54004577
37,2,0.5583524
37,3,0.60411899
37,5,0.58810069
37,6,0.61784897
37,7,0.44393593
37,8,0.67505721
38,0,0.54462243
38,1,0.55606407
38,2,0.56064073
38,3,0.57437071
38,4,0.55377574
38,5,0.60869565
38,6,0.61098398
38,7,0.39359268
38,8,0.67963387
39,0,0.5583524
39,1,0.56750572
39,2,0.56979405
39,3,0.59038902
39,4,0.54462243
39,6,0.59954233
39,7,0.47139588
39,8,0.78718535
40,0,0.58581236
40,1,0.56292906
40,2,0.57665904
40,3,0.66590389
40,4,0.54004577
40,5,0.59954233
40,6,0.63386728
41,0,0.59267735
41,1,0.57437071
41,2,0.54691076
41,3,0.60869565
41,4,0.52631579
41,6,0.67276888
41,8,0.72311213
42,0,0.57208238
42,1,0.57437071
42,3,0.59267735
42,6,0.68878719
42,7,0.42791762
42,8,0.72768879
43,0,0.57208238
43,1,0.56750572
43,2,0.57665904
43,3,0.55148741
43,4,0.55377574
43,5,0.59496568
43,6,0.66819222
43,7,0.42334096
43,8,0.72997712
44,0,0.56750572
44,2,0.56521739
44,3,0.62700229
44,4,0.51029748
44,5,0.58810069
44,8,0.72768879
45,0,0.58581236
45,2,0.59038902
45,3,0.57208238
45,5,0.65217391
45,6,0.54919908
45,7,0.49656751
45,8,0.70251716
46,0,0.56521739
46,1,0.56979405
46,2,0.57894737
46,5,0.62700229
46,6,0.77574371
46,8,0.69565217
47,0,0.59038902
47,1,0.58581236
47,2,0.57894737
47,3,0.59496568
47,4,0.56521739
47,5,0.63615561
47,7,0.37070938
47,8,0.72997712
48,0,0.597254
48,1,0.57208238
48,2,0.58810069
48,3,0.60640732
48,4,0.53318078
48,5,0.60640732
48,6,0.75743707
48,7,0.37757437
48,8,0.77116705
49,0,0.57894737
49,1,0.56521739
49,2,0.56521739
49,3,0.63386728
49,4,0.51487414
49,5,0.62471396
49,6,0.70709382
49,7,0.46681922
50,0,0.59038902
50,1,0.56750572
50,2,0.59496568
50,4,0.53775744
50,5,0.62700229
50,6,0.80778032
51,0,0.597254
51,1,0.58352403
51,2,0.59038902
51,3,0.63157895
51,4,0.5423341
51,5,0.62929062
51,6,0.63844394
51,7,0.47597254
51,8,0.76887872
52,0,0.55377574
52,1,0.56750572
52,3,0.61098398
52,4,0.55148741
52,5,0.60869565
52,6,0.80320366
52,7,0.50114416
52,8,0.70709382
53,1,0.59954233
53,2,0.60640732
53,3,0.63157895
53,4,0.56979405
53,6,0.64988558
53,7,0.61556064
54,0,0.60640732
54,1,0.59038902
54,2,0.59496568
54,4,0.46681922
54,5,0.64302059
54,6,0.72311213
54,7,0.49885584
55,0,0.59267735
55,2,0.60183066
55,3,0.61556064
55,4,0.54691076
55,5,0.63386728
55,6,0.63844394
55,7,0.53318078
55,8,0.76887872
56,0,0.56979405
56,1,0.5812357
56,2,0.57894737
56,3,0.62242563
56,4,0.54691076
56,5,0.61784897
56,6,0.70022883
56,8,0.71395881
57,0,0.60183066
57,1,0.58352403
57,2,0.60411899
57,3,0.62700229
57,5,0.64988558
57,6,0.72768879
57,7,0.42105263
57,8,0.72997712
58,0,0.61556064
58,1,0.59267735
58,2,0.60869565
58,4,0.61098398
58,5,0.61327231
58,6,0.70251716
58,7,0.54691076
58,8,0.71167048
59,0,0.60640732
59,1,0.60869565
59,2,0.61327231
59,4,0.54462243
59,5,0.6590389
59,6,0.75743707
59,7,0.46224256
59,8,0.73226545
60,1,0.57437071
60,2,0.60183066
60,3,0.64988558
60,4,0.56979405
60,5,0.65217391
60,6,0.71395881
60,8,0.79176201
61,0,0.61327231
61,1,0.60411899
61,2,0.60869565
61,3,0.65446224
61,4,0.61098398
61,5,0.62700229
61,6,0.6819222
61,7,0.49885584
61,8,0.73913043
62,0,0.61556064
62,1,0.59267735
62,2,0.61327231
62,3,0.63844394
62,4,0.52860412
62,5,0.62242563
62,6,0.67505721
62,7,0.48283753
62,8,0.73684211
63,0,0.61327231
63,1,0.58352403
63,2,0.597254
63,3,0.6201373
63,4,0.57665904
63,5,0.63615561
63,6,0.75514874
63,8,0.66361556
64,0,0.63157895
64,1,0.59954233
64,3,0.6590389
64,6,0.68649886
64,7,0.57665904
64,8,0.73226545
65,0,0.62700229
65,1,0.62242563
65,2,0.62242563
65,3,0.64530892
65,4,0.56521739
65,6,0.78032037
65,7,0.42105263
65,8,0.73913043
66,0,0.61098398
66,1,0.597254
66,3,0.61556064
66,4,0.56521739
66,5,0.65675057
66,6,0.78947368
66,8,0.70480549
67,0,0.60183066
67,2,0.61098398
67,6,0.63386728
67,7,0.35469108
67,8,0.75286041
68,0,0.61327231
68,1,0.60183066
68,2,0.61098398
68,3,0.63615561
68,4,0.56292906
68,5,0.65446224
68,6,0.79176201
68,7,0.49427918
69,0,0.60183066
69,1,0.61098398
69,2,0.61327231
69,4,0.5583524
69,5,0.6590389
69,6,0.8375286
69,7,0.53546911
69,8,0.72311213
70,0,0.64302059
70,1,0.61556064
70,2,0.63157895
70,3,0.64988558
70,4,0.66132723
70,5,0.69336384
70,6,0.74370709
70,7,0.52173913
70,8,0.75514874
71,1,0.61556064
71,2,0.62929062
71,3,0.67963387
71,5,0.66132723
71,6,0.77345538
71,7,0.60640732
71,8,0.76659039
72,0,0.61784897
72,1,0.61327231
72,2,0.6201373
72,3,0.64530892
72,5,0.62929062
72,6,0.78947368
72,7,0.5423341
72,8,0.70938215
73,0,0.63386728
73,1,0.61784897
73,2,0.62929062
73,3,0.63386728
73,5,0.68878719
73,6,0.72540046
73,7,0.48512586
73,8,0.74599542
74,0,0.61098398
74,2,0.60183066
74,4,0.59496568
74,6,0.72540046
74,8,0.74141876
75,0,0.62929062
75,1,0.62929062
75,2,0.63386728
75,3,0.66132723
75,4,0.62700229
75,5,0.70251716
75,6,0.66361556
75,7,0.36155606
75,8,0.81693364
76,1,0.62700229
76,2,0.61556064
76,3,0.6590389
76,4,0.60640732
76,5,0.67505721
76,7,0.50114416
76,8,0.77116705
77,0,0.64530892
77,1,0.62242563
77,3,0.6590389
77,5,0.64530892
77,6,0.74141876
77,7,0.58810069
77,8,0.72768879
78,0,0.62242563
78,1,0.62471396
78,2,0.64302059
78,3,0.67963387
78,5,0.66819222
78,6,0.76659039
78,7,0.49427918
78,8,0.78032037
79,0,0.61784897
79,1,0.6201373
79,2,0.61327231
79,3,0.66819222
79,4,0.54004577
79,5,0.63615561
79,6,0.75514874
79,7,0.51029748
79,8,0.82608696
80,0,0.6201373
80,2,0.63844394
80,3,0.64530892
80,4,0.60869565
80,6,0.80091533
80,7,0.55148741
80,8,0.80320366
81,0,0.6201373
81,1,0.62700229
81,2,0.62471396
81,3,0.64988558
81,4,0.63157895
81,6,0.70022883
81,7,0.4576659
81,8,0.79176201
82,0,0.63615561
82,2,0.65217391
82,3,0.64988558
82,4,0.58810069
82,5,0.6979405
82,6,0.72311213
82,7,0.57894737
82,8,0.81006865
83,0,0.63157895
83,1,0.61784897
83,2,0.64073227
83,3,0.67734554
83,4,0.62700229
83,5,0.64759725
83,6,0.84897025
83,7,0.63615561
83,8,0.83066362
84,0,0.62700229
84,1,0.62700229
84,2,0.63615561
84,3,0.69336384
84,4,0.61784897
84,5,0.66590389
84,6,0.73226545
84,7,0.51258581
84,8,0.81235698
85,0,0.62700229
85,1,0.64302059
85,2,0.62700229
85,4,0.65446224
85,5,0.65675057
85,6,0.75514874
85,7,0.44851259
85,8,0.79405034
86,1,0.63157895
86,2,0.64988558
86,3,0.66819222
86,4,0.60183066
86,5,0.68878719
86,6,0.75057208
86,7,0.53318078
86,8,0.82837529
87,0,0.62700229
87,1,0.63386728
87,2,0.63386728
87,3,0.66819222
87,4,0.5812357
87,5,0.67734554
87,6,0.70480549
87,7,0.38215103
87,8,0.72540046
88,0,0.63844394
88,1,0.63386728
88,2,0.63844394
88,3,0.70251716
88,5,0.6819222
88,6,0.84210526
88,7,0.55377574
88,8,0.70251716
89,0,0.62929062
89,1,0.64073227
89,2,0.6590389
89,3,0.68878719
89,4,0.60411899
89,5,0.68878719
89,6,0.72768879
89,8,0.78718535
90,0,0.65446224
90,1,0.63157895
90,3,0.68421053
90,4,0.65217391
90,5,0.66819222
90,6,0.69107551
90,7,0.56979405
90,8,0.78032037
91,0,0.65446224
91,1,0.65446224
91,2,0.66132723
91,3,0.65446224
91,5,0.70480549
91,6,0.73684211
91,7,0.66132723
91,8,0.7597254
92,0,0.62700229
92,1,0.65217391
92,2,0.64530892
92,3,0.68878719
92,4,0.56064073
92,5,0.6819222
92,6,0.63844394
92,7,0.52173913
92,8,0.81235698
93,0,0.64302059
93,2,0.64073227
93,3,0.65446224
93,5,0.67048055
93,6,0.71853547
93,7,0.56750572
93,8,0.69336384
94,0,0.63844394
94,1,0.64073227
94,2,0.65446224
94,3,0.65217391
94,4,0.5583524
94,5,0.72997712
94,8,0.75514874
95,0,0.64530892
95,1,0.62929062
95,2,0.64302059
95,4,0.61098398
95,5,0.69107551
95,6,0.69565217
95,7,0.47368421
95,8,0.75286041
96,1,0.63615561
96,2,0.63615561
96,3,0.67734554
96,4,0.61098398
96,5,0.69336384
96,6,0.80091533
96,7,0.52173913
96,8,0.71167048
97,0,0.67048055
97,1,0.64988558
97,2,0.66590389
97,3,0.67276888
97,4,0.62471396
97,5,0.72311213
97,6,0.72768879
97,7,0.44393593
97,8,0.85583524
98,1,0.65675057
98,2,0.65675057
98,5,0.72997712
98,6,0.81693364
98,7,0.53318078
98,8,0.72540046
99,0,0.63386728
99,1,0.65217391
99,2,0.66819222
99,3,0.67963387
99,4,0.64759725
99,5,0.69336384
99,6,0.84439359
99,7,0.52631579
99,8,0.7597254
100,0,0.64988558
100,1,0.64073227
100,3,0.64530892
100,4,0.60183066
100,5,0.69565217
100,6,0.80320366
100,8,0.8215103
101,0,0.65446224
101,1,0.64530892
101,2,0.64759725
101,3,0.70709382
101,4,0.57208238
101,5,0.67963387
101,6,0.75286041
101,7,0.56979405
102,0,0.66590389
102,1,0.64302059
102,2,0.63157895
102,3,0.71395881
102,5,0.69565217
102,6,0.77574371
102,7,0.50800915
103,0,0.6590389
103,1,0.65446224
103,2,0.66132723
103,3,0.64073227
103,4,0.67963387
103,5,0.69336384
103,6,0.67734554
103,7,0.55377574
103,8,0.81922197
104,0,0.65217391
104,1,0.66132723
104,2,0.66590389
104,3,0.71395881
104,4,0.60183066
104,5,0.70709382
104,7,0.53089245
104,8,0.74370709
105,0,0.66361556
105,1,0.64988558
105,2,0.65446224
105,3,0.67734554
105,5,0.71395881
105,6,0.76887872
105,7,0.53546911
105,8,0.83066362
106,0,0.66819222
106,1,0.6819222
106,2,0.67048055
106,3,0.72768879
106,4,0.61784897
106,6,0.73913043
106,8,0.82379863
107,0,0.67963387
107,1,0.66361556
107,2,0.69565217
107,4,0.66590389
107,5,0.71853547
107,6,0.81693364
107,7,0.56521739
107,8,0.90617849
108,0,0.67048055
108,1,0.67276888
108,2,0.66819222
108,3,0.6979405
108,4,0.62700229
108,5,0.71395881
108,6,0.92677346
108,7,0.56521739
108,8,0.8215103
109,2,0.67734554
109,3,0.6979405
109,6,0.80549199
109,8,0.79405034
110,0,0.67734554
110,1,0.64073227
110,2,0.65217391
110,3,0.6819222
110,5,0.67505721
110,7,0.60183066
110,8,0.75057208
111,0,0.67048055
111,2,0.65446224
111,3,0.72768879
111,4,0.63615561
111,5,0.69565217
111,6,0.66590389
111,7,0.55377574
111,8,0.76887872
112,0,0.66361556
112,2,0.67276888
112,3,0.67276888
112,4,0.65446224
112,5,0.70251716
112,6,0.76201373
112,7,0.54004577
112,8,0.76659039
113,0,0.67276888
113,1,0.67276888
113,2,0.69107551
113,4,0.68878719
113,5,0.72540046
113,7,0.56979405
113,8,0.88558352
114,1,0.66590389
114,2,0.67048055
114,3,0.71624714
114,4,0.63157895
114,5,0.73455378
114,7,0.51716247
114,8,0.80549199
115,0,0.65675057
115,2,0.67963387
115,6,0.79405034
115,7,0.54462243
115,8,0.83524027
116,0,0.6590389
116,1,0.67276888
116,2,0.6819222
116,3,0.73226545
116,5,0.69565217
116,6,0.79176201
116,7,0.70709382
116,8,0.87871854
117,0,0.67276888
117,1,0.67505721
117,2,0.67048055
117,3,0.71624714
117,4,0.67963387
117,5,0.70480549
117,6,0.73684211
117,8,0.69336384
118,0,0.69336384
118,2,0.67734554
118,4,0.59496568
118,5,0.74599542
118,6,0.81006865
118,7,0.51716247
118,8,0.87871854
119,0,0.66590389
119,1,0.6819222
119,2,0.69107551
119,3,0.76887872
119,5,0.7208238
119,6,0.72311213
119,8,0.81922197
120,0,0.69565217
120,1,0.67734554
120,2,0.67048055
120,3,0.70480549
120,4,0.67505721
120,5,0.73684211
120,6,0.74141876
120,7,0.56064073
120,8,0.83981693
121,0,0.67048055
121,1,0.66132723
121,2,0.6590389
121,3,0.72768879
121,4,0.6201373
121,5,0.71395881
121,6,0.8215103
121,7,0.5423341
121,8,0.77116705
122,0,0.69336384
122,1,0.69336384
122,2,0.70251716
122,3,0.7208238
122,5,0.73913043
122,6,0.74370709
122,7,0.56750572
122,8,0.79176201
123,0,0.69336384
123,2,0.6819222
123,3,0.73226545
123,4,0.67963387
123,5,0.71167048
123,6,0.81464531
123,7,0.54462243
123,8,0.83066362
124,0,0.70022883
124,2,0.69107551
124,4,0.66132723
124,5,0.74141876
124,7,0.60183066
124,8,0.93135011
125,0,0.6979405
125,1,0.68878719
125,6,0.73226545
125,7,0.47597254
125,8,0.87871854
126,0,0.67048055
126,2,0.67048055
126,4,0.62929062
126,5,0.69336384
126,6,0.89016018
126,8,0.87185355
127,1,0.68878719
127,2,0.67963387
127,3,0.71395881
127,4,0.67048055
127,5,0.71853547
127,6,0.75057208
127,7,0.64759725
127,8,0.80778032
128,0,0.66590389
128,2,0.68878719
128,3,0.71167048
128,4,0.6819222
128,5,0.73684211
128,6,0.78718535
128,7,0.62471396
128,8,0.79405034
129,0,0.67734554
129,2,0.67505721
129,3,0.74599542
129,4,0.67276888
129,5,0.73684211
129,6,0.81464531
129,7,0.49427918
129,8,0.7826087
130,0,0.67734554
130,1,0.67276888
130,2,0.67505721
130,3,0.6979405
130,4,0.6201373
130,6,0.75743707
130,7,0.41647597
130,8,0.79176201
131,0,0.6819222
131,1,0.69565217
131,2,0.70022883
131,3,0.69107551
131,4,0.64759725
131,5,0.76201373
131,6,0.81006865
131,8,0.73226545
132,0,0.68421053
132,2,0.70022883
132,3,0.70251716
132,4,0.65446224
132,5,0.7208238
132,6,0.82837529
132,7,0.51029748
132,8,0.78489703
133,2,0.69565217
133,3,0.74141876
133,4,0.66361556
133,5,0.76659039
133,6,0.86270023
133,7,0.57208238
133,8,0.80320366
134,0,0.68878719
134,2,0.6979405
134,3,0.75057208
134,4,0.67734554
134,6,0.84439359
134,7,0.75743707
134,8,0.81235698
135,0,0.70480549
135,2,0.69107551
135,3,0.73913043
135,4,0.6201373
135,5,0.73455378
135,6,0.80549199
135,7,0.63615561
135,8,0.84439359
136,0,0.68421053
136,1,0.68878719
136,2,0.70022883
136,3,0.75057208
136,4,0.66819222
136,5,0.75743707
136,6,0.79176201
136,7,0.45995423
136,8,0.83981693
137,0,0.6979405
137,1,0.68649886
137,2,0.69107551
137,3,0.69336384
137,5,0.75057208
137,7,0.54004577
137,8,0.82837529
138,0,0.70938215
138,1,0.69336384
138,2,0.70938215
138,4,0.66361556
138,5,0.72768879
138,7,0.59267735
138,8,0.81006865
139,0,0.67734554
139,2,0.69107551
139,3,0.71167048
139,4,0.63615561
139,6,0.93592677
139,7,0.60183066
140,0,0.71853547
140,1,0.69336384
140,4,0.64988558
140,5,0.74828375
140,6,0.86498856
140,7,0.50343249
140,8,0.74370709
141,0,0.70938215
141,2,0.72540046
141,3,0.73226545
141,5,0.75057208
141,6,0.76659039
141,7,0.59267735
141,8,0.81693364
142,0,0.69107551
142,1,0.68649886
142,2,0.68421053
142,4,0.65217391
142,5,0.74370709
142,6,0.80549199
142,8,0.77803204
143,0,0.71167048
143,1,0.6979405
143,2,0.71167048
143,3,0.73226545
143,4,0.57208238
143,5,0.74141876
143,6,0.79405034
143,7,0.54691076
144,0,0.70709382
144,2,0.70480549
144,3,0.73684211
144,4,0.65446224
144,5,0.74141876
144,6,0.80778032
144,7,0.52173913
145,0,0.7208238
145,2,0.71167048
145,3,0.75514874
145,4,0.65446224
145,5,0.77574371
145,6,0.74828375
145,7,0.6201373
146,0,0.70022883
146,1,0.68649886
146,2,0.6979405
146,6,0.7826087
146,7,0.64302059
146,8,0.85125858
147,0,0.69107551
147,1,0.68878719
147,2,0.69107551
147,3,0.71624714
147,4,0.67963387
147,6,0.91075515
147,7,0.64759725
147,8,0.87185355
148,0,0.71395881
148,1,0.70480549
148,2,0.71167048
148,3,0.74370709
148,4,0.65675057
148,7,0.64302059
148,8,0.88558352
149,0,0.69565217
149,1,0.68878719
149,2,0.71167048
149,3,0.73913043
149,6,0.85354691
149,7,0.56750572
149,8,0.87643021
150,1,0.70709382
150,2,0.71395881
150,3,0.71853547
150,6,0.67734554
150,7,0.65217391
150,8,0.8375286
151,0,0.71167048
151,1,0.6979405
151,2,0.71395881
151,3,0.73913043
151,4,0.67276888
151,5,0.75057208
151,6,0.89016018
151,7,0.62471396
151,8,0.81922197
152,0,0.70480549
152,1,0.69107551
152,3,0.73226545
152,4,0.71624714
152,5,0.76201373
152,6,0.87643021
152,7,0.60640732
152,8,0.80320366
153,0,0.70938215
153,1,0.69336384
153,2,0.7208238
153,3,0.73913043
153,4,0.70709382
153,6,0.80091533
153,7,0.56292906
153,8,0.77574371
154,0,0.71167048
154,1,0.69336384
154,2,0.72311213
154,4,0.70709382
154,5,0.75057208
154,6,0.86498856
154,7,0.57208238
154,8,0.89244851
155,0,0.68649886
155,1,0.69107551
155,2,0.70022883
155,3,0.73684211
155,4,0.66132723
155,5,0.77803204
155,6,0.76887872
155,7,0.60411899
155,8,0.83066362
156,0,0.71853547
156,1,0.71395881
156,2,0.73684211
156,4,0.70938215
156,6,0.80778032
156,7,0.78489703
157,0,0.71853547
157,1,0.72311213
157,2,0.70709382
157,4,0.67734554
157,5,0.74599542
157,6,0.91304348
157,7,0.62929062
157,8,0.79176201
158,0,0.70709382
158,2,0.71395881
158,3,0.73684211
158,4,0.66819222
158,5,0.73684211
158,6,0.80091533
158,7,0.55606407
158,8,0.80091533
159,0,0.70709382
159,3,0.73913043
159,5,0.78718535
159,6,0.72311213
159,7,0.55377574
159,8,0.81235698
160,0,0.72311213
160,1,0.6979405
160,2,0.71624714
160,3,0.76659039
160,4,0.68878719
160,5,0.74141876
160,6,0.81464531
160,8,0.84439359
161,0,0.71167048
161,1,0.71624714
161,2,0.70709382
161,3,0.72540046
161,4,0.67276888
161,5,0.79176201
161,6,0.82608696
161,7,0.57894737
162,0,0.73455378
162,1,0.7208238
162,2,0.72768879
162,3,0.73684211
162,4,0.73455378
162,5,0.7826087
162,6,0.90389016
162,8,0.90617849
163,1,0.70480549
163,2,0.70938215
163,3,0.80549199
163,4,0.67505721
163,5,0.75057208
163,7,0.75286041
164,0,0.72997712
164,1,0.71624714
164,2,0.7208238
164,3,0.72997712
164,5,0.73226545
164,6,0.83524027
164,7,0.59038902
164,8,0.84210526
165,0,0.71395881
165,1,0.70709382
165,3,0.7208238
165,4,0.70709382
165,5,0.76201373
165,6,0.80778032
165,7,0.67505721
165,8,0.75057208
166,0,0.74599542
166,1,0.72768879
166,2,0.73913043
166,3,0.77116705
166,4,0.73226545
166,5,0.76659039
166,6,0.89473684
166,8,0.84897025
167,0,0.71853547
167,1,0.73913043
167,2,0.72768879
167,3,0.71395881
167,5,0.79405034
167,6,0.84897025
167,7,0.59954233
167,8,0.85812357
168,0,0.72997712
168,1,0.70022883
168,2,0.71395881
168,3,0.74370709
168,4,0.71395881
168,5,0.78947368
168,6,0.78489703
168,7,0.62929062
168,8,0.83981693
169,0,0.72768879
169,1,0.70251716
169,2,0.71853547
169,4,0.64530892
169,6,0.89244851
169,7,0.66132723
169,8,0.81922197
170,1,0.70709382
170,6,0.83524027
170,7,0.56750572
170,8,0.85812357
171,0,0.70938215
171,2,0.72540046
171,3,0.79405034
171,4,0.69565217
171,5,0.74370709
171,6,0.82608696
171,7,0.56521739
171,8,0.85125858
172,0,0.73684211
172,1,0.70709382
172,2,0.72311213
172,5,0.77803204
172,6,0.84210526
172,7,0.72768879
172,8,0.85354691
173,0,0.72311213
173,1,0.7208238
173,2,0.73684211
173,3,0.71853547
173,4,0.71624714
173,5,0.78032037
173,6,0.77345538
173,7,0.68421053
173,8,0.87643021
174,0,0.72768879
174,1,0.71395881
174,3,0.70938215
174,4,0.71853547
174,5,0.78489703
174,6,0.80549199
174,7,0.67276888
174,8,0.8375286
175,0,0.73226545
175,1,0.73684211
175,2,0.73684211
175,3,0.72540046
175,4,0.66590389
175,5,0.78032037
175,7,0.67505721
175,8,0.83981693
176,0,0.72311213
176,1,0.72540046
176,2,0.70709382
176,3,0.77345538
176,4,0.67505721
176,5,0.72997712
176,8,0.91990847
177,0,0.74370709
177,1,0.72997712
177,2,0.73226545
177,3,0.78947368
177,4,0.72997712
177,5,0.77345538
177,6,0.84439359
177,7,0.6590389
177,8,0.89244851
178,0,0.73226545
178,1,0.72311213
178,2,0.7208238
178,3,0.74141876
178,4,0.67048055
178,5,0.74370709
178,7,0.75514874
178,8,0.89473684
179,0,0.72311213
179,1,0.74370709
179,2,0.75057208
179,3,0.78947368
179,4,0.70480549
179,5,0.7826087
179,6,0.84210526
179,7,0.63844394
179,8,0.93363844
180,0,0.74599542
180,1,0.71853547
180,2,0.70938215
180,4,0.74141876
180,5,0.78947368
180,6,0.91304348
180,7,0.66132723
180,8,0.88787185
181,0,0.70022883
181,1,0.70709382
181,3,0.7826087
181,4,0.68649886
181,6,0.84210526
181,7,0.51258581
181,8,0.89473684
182,2,0.74370709
182,3,0.78947368
182,4,0.66819222
182,5,0.76659039
182,6,0.87871854
182,8,0.78032037
183,0,0.74141876
183,1,0.72311213
183,2,0.73684211
183,3,0.75514874
183,4,0.67505721
183,5,0.79176201
183,6,0.83981693
183,7,0.56521739
183,8,0.87185355
184,0,0.73913043
184,1,0.72540046
184,3,0.70251716
184,5,0.77345538
184,6,0.89702517
184,8,0.84897025
185,0,0.7208238
185,1,0.72768879
185,3,0.74370709
185,5,0.75057208
185,7,0.5423341
185,8,0.94279176
186,0,0.72540046
186,2,0.73455378
186,3,0.75057208
186,5,0.72540046
186,8,0.90617849
187,0,0.71395881
187,1,0.70938215
187,2,0.74141876
187,3,0.75057208
187,4,0.70480549
187,5,0.77116705
187,6,0.8604119
187,7,0.70709382
188,0,0.7208238
188,1,0.70938215
188,3,0.74828375
188,5,0.7597254
188,6,0.83295195
188,7,0.43935927
189,0,0.71395881
189,1,0.71167048
189,3,0.77345538
189,4,0.64988558
189,5,0.74141876
189,6,0.82837529
189,7,0.58352403
189,8,0.8215103
190,0,0.73455378
190,1,0.71853547
190,2,0.75057208
190,3,0.78489703
190,4,0.68649886
190,5,0.73684211
190,6,0.78032037
190,8,0.87643021
191,0,0.75057208
191,1,0.74141876
191,2,0.74599542
191,3,0.76201373
191,4,0.71167048
191,5,0.76201373
191,6,0.87414188
191,7,0.42334096
191,8,0.87643021
192,0,0.74599542
192,1,0.71395881
192,2,0.74141876
192,3,0.78489703
192,4,0.73455378
192,5,0.76887872
192,6,0.83981693
192,7,0.56750572
192,8,0.88558352
193,1,0.71853547
193,2,0.72540046
193,3,0.7597254
193,4,0.70709382
193,5,0.77574371
193,7,0.5812357
193,8,0.80778032
194,0,0.72540046
194,1,0.73455378
194,2,0.73226545
194,3,0.76201373
194,5,0.77574371
194,6,0.81235698
194,7,0.71853547
194,8,0.88100686
195,0,0.72997712
195,1,0.74141876
195,2,0.72997712
195,3,0.7826087
195,4,0.6819222
195,6,0.90617849
195,7,0.65217391
196,0,0.70480549
196,1,0.71395881
196,2,0.71853547
196,4,0.72540046
196,6,0.76201373
196,7,0.56064073
196,8,0.84668192
197,0,0.72311213
197,1,0.72768879
197,2,0.72768879
197,3,0.76430206
197,4,0.69107551
197,5,0.80320366
197,6,0.81693364
197,7,0.6979405
197,8,0.87643021
198,1,0.72768879
198,2,0.7208238
198,3,0.80778032
198,4,0.66590389
198,5,0.75286041
198,6,0.8993135
198,8,0.83066362
199,0,0.73455378
199,1,0.71853547
199,3,0.7208238
199,4,0.68649886
199,5,0.78032037
199,6,0.85125858
199,7,0.61784897
199,8,0.82837529
200,1,0.72540046
200,2,0.73455378
200,3,0.75286041
200,4,0.74141876
200,5,0.77574371
200,6,0.83981693
200,7,0.62929062
200,8,0.91990847
201,1,0.73226545
201,2,0.72311213
201,3,0.76201373
201,4,0.70709382
201,6,0.8604119
201,7,0.54462243
202,0,0.75743707
202,2,0.74370709
202,5,0.79405034
202,6,0.85812357
202,7,0.56292906
202,8,0.82379863
203,0,0.72540046
203,1,0.71395881
203,2,0.74141876
203,3,0.77803204
203,4,0.70709382
203,5,0.77116705
203,6,0.76201373
203,7,0.57437071
203,8,0.82608696
204,0,0.71624714
204,1,0.7208238
204,2,0.72540046
204,3,0.78032037
204,4,0.73455378
204,5,0.7826087
204,6,0.81235698
204,7,0.61784897
204,8,0.85354691
205,0,0.72540046
205,1,0.71853547
205,2,0.72311213
205,3,0.75514874
205,4,0.65446224
205,5,0.77116705
205,6,0.92677346
205,7,0.62242563
205,8,0.82379863
206,0,0.73913043
206,1,0.72768879
206,3,0.73226545
206,5,0.76430206
206,7,0.73455378
206,8,0.82837529
207,0,0.72540046
207,1,0.74370709
207,2,0.76659039
207,3,0.78489703
207,4,0.66819222
207,5,0.77574371
207,6,0.80778032
207,7,0.65446224
207,8,0.87414188
208,0,0.74141876
208,1,0.72311213
208,3,0.7826087
208,4,0.6590389
208,5,0.77345538
208,6,0.82837529
208,7,0.4416476
208,8,0.798627
209,1,0.74828375
209,2,0.77345538
209,3,0.74370709
209,5,0.80778032
209,6,0.8375286
209,7,0.66819222
210,0,0.72997712
210,1,0.74370709
210,2,0.72768879
210,4,0.71395881
210,5,0.75514874
210,6,0.84210526
210,7,0.52860412
210,8,0.82379863
211,0,0.73913043
211,1,0.72768879
211,2,0.74370709
211,4,0.71167048
211,5,0.78032037
211,6,0.81693364
211,7,0.56521739
211,8,0.96567506
212,0,0.74599542
212,1,0.72768879
212,2,0.73455378
212,3,0.76887872
212,4,0.74828375
212,5,0.78718535
212,6,0.87643021
212,7,0.57437071
212,8,0.89244851
213,0,0.73684211
213,1,0.72997712
213,2,0.72997712
213,3,0.72997712
213,4,0.71167048
213,5,0.77803204
213,6,0.85812357
213,7,0.58352403
213,8,0.83524027
214,1,0.72997712
214,2,0.7208238
214,3,0.74370709
214,4,0.68649886
214,5,0.79633867
214,6,0.88329519
214,7,0.52860412
214,8,0.88100686
215,1,0.73226545
215,2,0.74370709
215,4,0.70480549
215,5,0.79176201
215,6,0.78718535
215,8,0.89702517
216,0,0.7208238
216,1,0.71167048
216,2,0.72311213
216,3,0.73684211
216,4,0.6979405
216,6,0.81693364
216,8,0.90617849
217,0,0.72997712
217,1,0.7208238
217,2,0.74141876
217,3,0.77803204
217,4,0.65217391
217,5,0.77116705
217,6,0.82837529
217,7,0.63615561
218,0,0.72768879
218,1,0.71853547
218,2,0.73913043
218,3,0.76201373
218,4,0.77116705
218,6,0.86498856
218,7,0.52402746
219,0,0.72768879
219,1,0.72540046
219,2,0.74828375
219,4,0.71395881
219,5,0.77803204
219,6,0.79633867
219,8,0.8604119
220,1,0.74370709
220,2,0.74141876
220,3,0.74828375
220,4,0.7208238
220,6,0.91075515
220,7,0.66361556
220,8,0.92448513
221,0,0.71624714
221,1,0.71395881
221,2,0.72540046
221,3,0.76887872
221,5,0.76659039
221,7,0.76430206
221,8,0.75743707
222,0,0.75514874
222,1,0.71624714
222,2,0.74370709
222,3,0.73226545
222,4,0.7208238
222,6,0.91304348
222,7,0.53775744
223,0,0.72768879
223,1,0.7208238
223,2,0.71853547
223,3,0.75743707
223,5,0.76887872
223,8,0.80549199
224,0,0.72540046
224,1,0.72311213
224,2,0.72311213
224,3,0.73913043
224,5,0.73684211
224,6,0.78032037
225,0,0.74599542
225,1,0.74141876
225,2,0.75514874
225,3,0.7597254
225,4,0.72540046
225,5,0.77345538
225,6,0.8215103
225,7,0.61098398
225,8,0.87871854
226,0,0.72768879
226,1,0.72768879
226,2,0.73684211
226,3,0.77345538
226,4,0.69565217
226,5,0.74599542
226,6,0.81006865
226,7,0.45080092
227,0,0.73684211
227,1,0.72311213
227,2,0.73226545
227,3,0.76430206
227,4,0.67505721
227,5,0.78718535
227,6,0.98398169
227,8,0.87185355
228,0,0.72997712
228,1,0.72311213
228,2,0.7208238
228,3,0.78718535
228,4,0.70938215
228,5,0.76659039
228,6,0.81006865
228,7,0.597254
228,8,0.81693364
229,1,0.73684211
229,2,0.72540046
229,3,0.76201373
229,4,0.71395881
229,6,0.94050343
230,0,0.72311213
230,1,0.72311213
230,2,0.72311213
230,3,0.76201373
230,5,0.76201373
230,6,0.76201373
230,8,0.86956522
231,0,0.73684211
231,1,0.72311213
231,2,0.73226545
231,3,0.75057208
231,4,0.67734554
231,5,0.78947368
231,6,0.78489703
231,7,0.66819222
231,8,0.83524027
232,0,0.71167048
232,1,0.73913043
232,2,0.72311213
232,4,0.73684211
232,5,0.77803204
232,6,0.80091533
232,7,0.67276888
232,8,0.85125858
233,0,0.71167048
233,1,0.72540046
233,2,0.72768879
233,3,0.7597254
233,4,0.70022883
233,5,0.74599542
233,6,0.78718535
233,7,0.62242563
233,8,0.90389016
234,0,0.72997712
234,1,0.74141876
234,2,0.72997712
234,3,0.78489703
234,4,0.73226545
234,5,0.78489703
234,8,0.91762014
235,0,0.73455378
235,2,0.72540046
235,3,0.76201373
235,5,0.76887872
235,6,0.82837529
235,7,0.68649886
235,8,0.8215103
236,0,0.73455378
236,2,0.72311213
236,4,0.7208238
236,5,0.72311213
236,6,0.78489703
236,7,0.7826087
236,8,0.798627
237,0,0.75514874
237,1,0.71395881
237,2,0.73684211
237,3,0.71853547
237,5,0.75743707
237,6,0.79176201
237,7,0.73913043
237,8,0.84439359
238,0,0.72997712
238,2,0.72311213
238,3,0.76201373
238,4,0.69107551
238,5,0.76201373
238,6,0.8993135
238,7,0.5812357
238,8,0.85583524
239,0,0.73913043
239,1,0.71853547
239,2,0.72768879
239,3,0.77116705
239,4,0.70938215
239,5,0.77345538
239,6,0.91304348
239,7,0.52631579
239,8,0.83524027
240,0,0.70251716
240,1,0.71624714
240,2,0.71395881
240,3,0.73684211
240,4,0.71167048
240,5,0.73684211
240,6,0.88558352
240,7,0.58581236
240,8,0.90160183
241,0,0.7208238
241,1,0.7208238
241,2,0.72540046
241,3,0.72768879
241,4,0.67505721
241,5,0.78947368
241,6,0.86727689
241,7,0.55377574
241,8,0.87414188
242,0,0.7208238
242,1,0.71853547
242,2,0.73913043
242,3,0.79405034
242,4,0.70022883
242,6,0.84439359
242,7,0.65446224
242,8,0.88100686
243,2,0.74370709
243,3,0.77345538
243,4,0.70480549
243,5,0.77116705
243,7,0.54462243
243,8,0.80778032
244,0,0.71167048
244,1,0.71167048
244,2,0.71624714
244,4,0.6590389
244,5,0.7597254
244,6,0.798627
244,7,0.60411899
245,0,0.7208238
245,1,0.72768879
245,2,0.71395881
245,5,0.77116705
245,6,0.77803204
245,8,0.90846682
246,0,0.71624714
246,2,0.72768879
246,3,0.74599542
246,4,0.75286041
246,6,0.85354691
246,7,0.67276888
247,0,0.6979405
247,1,0.71853547
247,2,0.71395881
247,3,0.72311213
247,4,0.64988558
247,5,0.74599542
247,6,0.76201373
247,7,0.60640732
248,0,0.74599542
248,2,0.73455378
248,3,0.74828375
248,5,0.78489703
248,6,0.78947368
248,7,0.56292906
248,8,0.73913043
249,0,0.71395881
249,3,0.78718535
249,4,0.6590389
249,5,0.76201373
249,6,0.90160183
249,7,0.70022883
249,8,0.89702517
250,0,0.71853547
250,1,0.70022883
250,2,0.72997712
250,4,0.71853547
250,5,0.73913043
250,6,0.93363844
250,7,0.47826087
250,8,0.89016018
251,0,0.75286041
251,1,0.7208238
251,3,0.76201373
251,4,0.71624714
251,5,0.78032037
251,6,0.86270023
251,7,0.59954233
251,8,0.84210526
252,0,0.72768879
252,1,0.72540046
252,3,0.75514874
252,5,0.80549199
252,6,0.91075515
252,8,0.92906178
253,0,0.70022883
253,1,0.71853547
253,2,0.73913043
253,3,0.77116705
253,5,0.7826087
253,6,0.82379863
253,7,0.61784897
253,8,0.85812357
254,1,0.70022883
254,2,0.71395881
254,4,0.64988558
254,5,0.76887872
254,6,0.74370709
254,7,0.60411899
254,8,0.84668192
255,1,0.70709382
255,2,0.70938215
255,3,0.72768879
255,5,0.74828375
255,6,0.86270023
255,7,0.62242563
255,8,0.86498856
256,0,0.72540046
256,1,0.71395881
256,2,0.73226545
256,3,0.79405034
256,4,0.71395881
256,5,0.74141876
256,6,0.87185355
256,7,0.66361556
257,0,0.72768879
257,1,0.70709382
257,2,0.72768879
257,3,0.77574371
257,4,0.72311213
257,5,0.7826087
257,6,0.82837529
257,7,0.60411899
257,8,0.99313501
258,0,0.74370709
258,1,0.71167048
258,2,0.7208238
258,3,0.74141876
258,4,0.68878719
258,5,0.80091533
258,6,0.81922197
258,8,0.91762014
259,1,0.6979405
259,2,0.73913043
259,3,0.73913043
259,6,0.88787185
259,7,0.59038902
259,8,0.88787185
260,0,0.6979405
260,1,0.71853547
260,2,0.72540046
260,3,0.6819222
260,4,0.75057208
260,6,0.76430206
260,7,0.57665904
260,8,0.80320366
261,0,0.72311213
261,1,0.71853547
261,4,0.63844394
261,5,0.78718535
261,6,0.7826087
261,7,0.56750572
261,8,0.85583524
262,0,0.68878719
262,1,0.68421053
262,2,0.71167048
262,3,0.69107551
262,4,0.6819222
262,5,0.72997712
262,6,0.74599542
262,7,0.64073227
262,8,0.78947368
263,0,0.70709382
263,1,0.70251716
263,2,0.71395881
263,3,0.70938215
263,5,0.72997712
263,6,0.82379863
263,7,0.5583524
263,8,0.87871854
264,0,0.74370709
264,1,0.70022883
264,2,0.7208238
264,3,0.74599542
264,5,0.73684211
264,6,0.76201373
264,8,0.85354691
265,0,0.68878719
265,1,0.71167048
265,2,0.7208238
265,3,0.72997712
265,4,0.70709382
265,5,0.71624714
265,6,0.77803204
265,7,0.65675057
265,8,0.78718535
266,0,0.72768879
266,1,0.73226545
266,2,0.73226545
266,4,0.71853547
266,5,0.76430206
266,6,0.79405034
266,7,0.6201373
266,8,0.86270023
267,1,0.6979405
267,2,0.70251716
267,3,0.70251716
267,4,0.66590389
267,5,0.77574371
267,6,0.798627
267,7,0.56064073
267,8,0.798627
268,0,0.71624714
268,1,0.70938215
268,3,0.73455378
268,6,0.73455378
268,7,0.64530892
269,0,0.72540046
269,1,0.70709382
269,2,0.71167048
269,3,0.75514874
269,4,0.67276888
269,5,0.75286041
269,6,0.82837529
269,8,0.85354691
270,0,0.72311213
270,1,0.70480549
270,2,0.72540046
270,4,0.70251716
270,5,0.76887872
270,6,0.90389016
270,8,0.81464531
271,0,0.70480549
271,2,0.69107551
271,3,0.74370709
271,4,0.69107551
271,5,0.76659039
271,6,0.81922197
271,7,0.54462243
272,0,0.71395881
272,1,0.70938215
272,2,0.71853547
272,3,0.70480549
272,4,0.70251716
272,5,0.75286041
272,7,0.65446224
272,8,0.85125858
273,1,0.70480549
273,2,0.72311213
273,5,0.78718535
273,6,0.90846682
273,7,0.61784897
273,8,0.87643021
274,0,0.70480549
274,1,0.69107551
274,2,0.68421053
274,3,0.72997712
274,4,0.6979405
274,5,0.78032037
274,6,0.88787185
274,7,0.55377574
274,8,0.83295195
275,0,0.70709382
275,1,0.70251716
275,2,0.72768879
275,3,0.70938215
275,5,0.75057208
275,6,0.86498856
275,7,0.64073227
275,8,0.82608696
276,0,0.71624714
276,1,0.70022883
276,2,0.7208238
276,3,0.7597254
276,4,0.64988558
276,5,0.73913043
276,6,0.82379863
276,7,0.63844394
276,8,0.85125858
277,0,0.6979405
277,2,0.70022883
277,3,0.75057208
277,4,0.66361556
277,6,0.81464531
278,0,0.71167048
278,1,0.6979405
278,2,0.71395881
278,3,0.71624714
278,4,0.64759725
278,6,0.8604119
278,8,0.87185355
279,0,0.70251716
279,1,0.69565217
279,2,0.70480549
279,3,0.71395881
279,4,0.6590389
279,5,0.75743707
279,6,0.78947368
279,7,0.67505721
279,8,0.78489703
280,0,0.71853547
280,1,0.69107551
280,2,0.71853547
280,3,0.72311213
280,4,0.70022883
280,5,0.73913043
280,6,0.70709382
280,7,0.66361556
280,8,0.84897025
281,0,0.70709382
281,1,0.69565217
281,2,0.71853547
281,3,0.68649886
281,5,0.72768879
281,6,0.84668192
281,7,0.63386728
281,8,0.90160183
282,0,0.69336384
282,1,0.6979405
282,2,0.70251716
282,3,0.75057208
282,5,0.77803204
282,6,0.7597254
282,7,0.52860412
283,0,0.70709382
283,1,0.69336384
283,2,0.70022883
283,3,0.71624714
283,4,0.66361556
283,5,0.75743707
283,6,0.74828375
283,7,0.75286041
283,8,0.85125858
284,0,0.70480549
284,1,0.69336384
284,2,0.71624714
284,3,0.76659039
284,4,0.75514874
284,5,0.7597254
284,6,0.82608696
284,7,0.51258581
284,8,0.85125858
285,1,0.68878719
285,2,0.68878719
285,3,0.69107551
285,5,0.70480549
285,6,0.79176201
285,7,0.64530892
285,8,0.84897025
286,0,0.69107551
286,1,0.70022883
286,2,0.69336384
286,3,0.71395881
286,4,0.67048055
286,5,0.71624714
286,6,0.72768879
286,7,0.6201373
286,8,0.85125858
287,0,0.69565217
287,1,0.69336384
287,3,0.6979405
287,4,0.67276888
287,5,0.74599542
287,6,0.8215103
287,7,0.51487414
287,8,0.86956522
288,0,0.71395881
288,1,0.67505721
288,2,0.71853547
288,3,0.70709382
288,5,0.73226545
288,6,0.86498856
288,8,0.73913043
289,0,0.66819222
289,2,0.70480549
289,3,0.69565217
289,4,0.66361556
289,5,0.72768879
289,6,0.73684211
289,7,0.57665904
289,8,0.75286041
290,0,0.72997712
290,1,0.68421053
290,2,0.68878719
290,3,0.74599542
290,4,0.64530892
290,5,0.75514874
290,6,0.87643021
290,7,0.5812357
290,8,0.87185355
291,0,0.70251716
291,1,0.68421053
291,2,0.6819222
291,3,0.70480549
291,4,0.65675057
291,5,0.74599542
291,6,0.71167048
291,7,0.67276888
291,8,0.75514874
292,0,0.69336384
292,1,0.67505721
292,2,0.68878719
292,3,0.72311213
292,4,0.68878719
292,5,0.75514874
292,6,0.91990847
292,7,0.53318078
292,8,0.83981693
293,0,0.6979405
293,1,0.68878719
293,2,0.70480549
293,3,0.71853547
293,4,0.67048055
293,5,0.7208238
293,6,0.78489703
293,7,0.57208238
293,8,0.81464531
294,0,0.6979405
294,1,0.6979405
294,2,0.6979405
294,4,0.64073227
294,6,0.81235698
294,7,0.42562929
294,8,0.78032037
295,0,0.69107551
295,1,0.68421053
295,2,0.70022883
295,3,0.68649886
295,4,0.62929062
295,5,0.7208238
295,6,0.68878719
295,7,0.6979405
295,8,0.83524027
296,0,0.70251716
296,1,0.6819222
296,2,0.70480549
296,4,0.65217391
296,5,0.75057208
296,6,0.80320366
296,7,0.51487414
296,8,0.8375286
297,0,0.6979405
297,1,0.67276888
297,2,0.70251716
297,3,0.71624714
297,4,0.66132723
297,5,0.74141876
297,6,0.81464531
297,7,0.60640732
297,8,0.91990847
298,0,0.69336384
298,1,0.68421053
298,2,0.6979405
298,3,0.73684211
298,4,0.69336384
298,7,0.57894737
298,8,0.798627
299,0,0.68878719
299,1,0.6819222
299,2,0.67963387
299,4,0.62242563
299,5,0.7597254
299,6,0.79633867
299,7,0.57665904
300,1,0.67734554
300,2,0.67963387
300,3,0.6819222
300,6,0.75743707
300,7,0.62929062
300,8,0.87871854
301,0,0.67963387
301,1,0.67048055
301,2,0.69336384
301,3,0.72997712
301,4,0.64073227
301,5,0.72997712
301,6,0.73684211
301,7,0.68878719
301,8,0.83066362
302,0,0.68649886
302,1,0.68649886
302,2,0.69107551
302,5,0.76430206
302,6,0.86270023
303,0,0.70022883
303,1,0.69336384
303,2,0.69336384
303,3,0.6979405
303,4,0.6590389
303,5,0.73913043
303,6,0.798627
303,7,0.597254
303,8,0.78947368
304,0,0.68878719
304,1,0.67963387
304,2,0.6819222
304,4,0.59954233
304,5,0.74141876
304,6,0.87871854
304,8,0.85125858
305,0,0.64759725
305,2,0.67505721
305,3,0.70022883
305,5,0.71624714
305,6,0.76201373
305,7,0.61784897
305,8,0.83981693
306,0,0.69565217
306,2,0.68878719
306,4,0.63386728
306,6,0.77345538
306,7,0.60411899
307,0,0.67734554
307,2,0.67963387
307,4,0.62471396
307,5,0.71624714
307,6,0.83066362
307,7,0.63615561
307,8,0.80778032
308,0,0.6819222
308,1,0.67505721
308,2,0.67734554
308,3,0.72311213
308,6,0.6979405
308,7,0.5423341
308,8,0.82608696
309,0,0.67048055
309,1,0.66590389
309,3,0.68878719
309,4,0.6201373
309,7,0.64073227
309,8,0.78032037
310,0,0.68649886
310,1,0.66361556
310,2,0.67276888
310,3,0.70480549
310,5,0.73226545
310,6,0.71395881
310,7,0.64302059
310,8,0.76887872
311,0,0.69336384
311,3,0.70480549
311,4,0.65446224
311,5,0.75286041
311,6,0.85354691
311,7,0.64759725
311,8,0.84897025
312,0,0.67048055
312,2,0.67276888
312,3,0.71167048
312,4,0.64302059
312,5,0.73226545
312,6,0.7208238
312,7,0.52631579
312,8,0.80091533
313,0,0.6819222
313,1,0.67963387
313,2,0.68878719
313,3,0.65217391
313,4,0.62929062
313,5,0.71624714
313,6,0.68421053
314,0,0.66819222
314,1,0.66819222
314,2,0.67963387
314,3,0.66819222
314,6,0.89702517
314,7,0.56064073
314,8,0.80778032
315,0,0.65446224
315,1,0.66361556
315,3,0.71395881
315,4,0.64988558
315,5,0.73684211
315,6,0.70022883
315,7,0.57894737
315,8,0.81464531
316,0,0.66590389
316,1,0.66590389
316,2,0.68878719
316,3,0.72540046
316,4,0.68878719
316,5,0.67505721
316,6,0.79405034
316,7,0.47139588
316,8,0.81693364
317,0,0.67505721
317,1,0.65446224
317,2,0.6819222
317,3,0.67276888
317,4,0.67734554
317,5,0.67963387
317,6,0.77803204
317,7,0.66590389
318,0,0.67963387
318,1,0.65217391
318,3,0.69336384
318,8,0.73455378
319,1,0.6590389
319,2,0.66590389
319,3,0.70022883
319,4,0.57894737
319,6,0.61327231
319,7,0.55606407
319,8,0.85583524
320,0,0.67048055
320,1,0.65675057
320,2,0.65675057
320,3,0.70938215
320,4,0.64759725
320,6,0.7597254
320,7,0.57665904
320,8,0.80320366
321,1,0.66361556
321,3,0.64988558
321,4,0.62929062
321,5,0.7208238
321,6,0.80091533
321,7,0.5194508
321,8,0.78947368
322,0,0.66361556
322,1,0.64530892
322,3,0.66590389
322,4,0.62700229
322,5,0.6979405
322,6,0.78489703
322,7,0.4576659
322,8,0.80778032
323,0,0.67963387
323,1,0.67505721
323,2,0.65675057
323,4,0.63157895
323,5,0.72540046
323,6,0.83524027
323,7,0.52631579
324,0,0.64530892
324,1,0.63844394
324,2,0.64073227
324,3,0.67276888
324,4,0.62242563
324,5,0.69336384
324,6,0.73913043
324,7,0.5583524
324,8,0.79633867
325,0,0.65446224
325,2,0.63844394
325,3,0.69565217
325,4,0.6201373
325,5,0.70022883
325,6,0.798627
325,8,0.81693364
326,0,0.67276888
326,1,0.66819222
326,3,0.75057208
326,4,0.61556064
326,5,0.69107551
326,6,0.73455378
326,7,0.60183066
326,8,0.8215103
327,2,0.67505721
327,3,0.68421053
327,4,0.60411899
327,5,0.71167048
327,6,0.68878719
327,7,0.56292906
327,8,0.82608696
328,0,0.66590389
328,1,0.63844394
328,2,0.66132723
328,3,0.65446224
328,4,0.61327231
328,5,0.71624714
328,6,0.69336384
328,7,0.57437071
328,8,0.85125858
329,0,0.67048055
329,1,0.65217391
329,2,0.66132723
329,3,0.69565217
329,4,0.63157895
329,5,0.7208238
329,6,0.6819222
329,8,0.83066362
330,0,0.6590389
330,1,0.64759725
330,2,0.63386728
330,3,0.71167048
330,4,0.63615561
330,5,0.72997712
330,7,0.5194508
330,8,0.77574371
331,0,0.64759725
331,1,0.63157895
331,2,0.63386728
331,3,0.67505721
331,4,0.63386728
331,5,0.68878719
331,6,0.81006865
331,7,0.56979405
331,8,0.72540046
332,0,0.66132723
332,1,0.64530892
332,3,0.6590389
332,4,0.60411899
332,6,0.67276888
332,7,0.64302059
332,8,0.85812357
333,0,0.64302059
333,2,0.65217391
333,4,0.61784897
333,5,0.68878719
333,6,0.76887872
333,7,0.58352403
333,8,0.76430206
334,0,0.64302059
334,1,0.65446224
334,2,0.65675057
334,3,0.70480549
334,4,0.64759725
334,8,0.76430206
335,0,0.64073227
335,1,0.62242563
335,4,0.64302059
335,5,0.65675057
335,6,0.73913043
335,7,0.59038902
335,8,0.69565217
336,0,0.62929062
336,1,0.63386728
336,2,0.63844394
336,4,0.60411899
336,5,0.66819222
336,6,0.74141876
336,8,0.78489703
337,0,0.63157895
337,1,0.61556064
337,3,0.68421053
337,4,0.60183066
337,5,0.67734554
337,8,0.77803204
338,0,0.64073227
338,1,0.62929062
338,2,0.64988558
338,3,0.64988558
338,4,0.61556064
338,5,0.70251716
338,6,0.83066362
338,7,0.55606407
338,8,0.70709382
339,0,0.62700229
339,1,0.63844394
339,2,0.65217391
339,3,0.67276888
339,6,0.7208238
339,7,0.42334096
339,8,0.78947368
340,0,0.62929062
340,1,0.6201373
340,2,0.63157895
340,4,0.56750572
340,5,0.66132723
340,6,0.77574371
340,7,0.45308924
340,8,0.74141876
341,0,0.61556064
341,2,0.64073227
341,3,0.69107551
341,4,0.59954233
341,5,0.69336384
341,6,0.75057208
341,7,0.56064073
341,8,0.89473684
342,0,0.63844394
342,1,0.62242563
342,2,0.64073227
342,3,0.69336384
342,5,0.67734554
342,6,0.73684211
342,7,0.52860412
342,8,0.74370709
343,0,0.62929062
343,1,0.62242563
343,2,0.65446224
343,4,0.61784897
343,5,0.66819222
343,6,0.87185355
343,8,0.74370709
344,0,0.6201373
344,1,0.63615561
344,2,0.61098398
344,3,0.65675057
344,4,0.61556064
344,5,0.67505721
344,6,0.65675057
344,8,0.7208238
345,0,0.64073227
345,1,0.61327231
345,2,0.64073227
345,5,0.66590389
345,6,0.81693364
345,7,0.55606407
345,8,0.82379863
346,1,0.60640732
346,2,0.6201373
346,4,0.57894737
346,5,0.65217391
346,6,0.76659039
346,7,0.62700229
346,8,0.73455378
347,0,0.62929062
347,2,0.62471396
347,3,0.64073227
347,4,0.59267735
347,5,0.62929062
347,6,0.70022883
347,8,0.71853547
348,0,0.60411899
348,1,0.62471396
348,3,0.67963387
348,4,0.56750572
348,5,0.6590389
348,6,0.82379863
348,7,0.56292906
348,8,0.78718535
349,0,0.61556064
349,2,0.6201373
349,3,0.62471396
349,4,0.61098398
349,6,0.62700229
349,8,0.69336384
350,1,0.63157895
350,2,0.62700229
350,4,0.59267735
350,5,0.6590389
350,6,0.70480549
350,7,0.60411899
351,0,0.62242563
351,3,0.67276888
351,4,0.59267735
351,5,0.66361556
351,6,0.67276888
351,7,0.53089245
351,8,0.79405034
352,2,0.63615561
352,4,0.58352403
352,6,0.7597254
352,7,0.46453089
352,8,0.83981693
353,0,0.60640732
353,1,0.61098398
353,2,0.64988558
353,3,0.61556064
353,4,0.58352403
353,5,0.66590389
353,6,0.66361556
353,7,0.50572082
353,8,0.77574371
354,2,0.62700229
354,3,0.67276888
354,5,0.67048055
354,6,0.75286041
354,7,0.45537757
354,8,0.78032037
355,0,0.61784897
355,1,0.59496568
355,2,0.60411899
355,4,0.56521739
355,5,0.65446224
355,6,0.70938215
355,7,0.60869565
355,8,0.7826087
356,1,0.62242563
356,2,0.61327231
356,3,0.63844394
356,5,0.67505721
356,6,0.6979405
356,8,0.82608696
357,0,0.60869565
357,1,0.61556064
357,2,0.60869565
357,3,0.67048055
357,4,0.597254
357,5,0.66361556
357,6,0.74370709
357,8,0.798627
358,0,0.61098398
358,1,0.61098398
358,2,0.59954233
358,3,0.65446224
358,4,0.57208238
358,5,0.64988558
358,6,0.70938215
358,7,0.56064073
358,8,0.76659039
359,0,0.5812357
359,2,0.60411899
359,3,0.60640732
359,4,0.61556064
359,5,0.63844394
359,6,0.65217391
359,7,0.53318078
359,8,0.77803204
360,0,0.6201373
360,1,0.59954233
360,2,0.62242563
360,3,0.67505721
360,5,0.6590389
360,6,0.88329519
360,7,0.59038902
360,8,0.70480549
361,0,0.60411899
361,1,0.61098398
361,2,0.60869565
361,3,0.68421053
361,4,0.62700229
361,5,0.67048055
361,6,0.70022883
361,7,0.37070938
361,8,0.78718535
362,0,0.60640732
362,1,0.597254
362,2,0.61784897
362,3,0.65446224
362,4,0.54919908
362,5,0.67276888
362,6,0.58810069
362,7,0.53775744
362,8,0.69107551
363,0,0.61098398
363,1,0.60183066
363,2,0.61327231
363,3,0.6201373
363,4,0.57665904
363,5,0.67048055
363,6,0.66819222
363,7,0.40961098
363,8,0.72311213
364,0,0.62242563
364,1,0.61098398
364,2,0.60411899
364,4,0.5583524
364,5,0.63844394
364,6,0.64530892
364,8,0.59954233
365,0,0.58352403
365,1,0.597254
365,2,0.59954233
365,3,0.62242563
365,4,0.5583524
365,5,0.63844394
365,6,0.75514874
365,7,0.48970252
365,8,0.75057208
366,0,0.56750572
366,1,0.58810069
366,2,0.61784897
366,3,0.63386728
366,5,0.65446224
366,6,0.72997712
366,7,0.47139588
366,8,0.70480549
367,0,0.59954233
367,1,0.60183066
367,2,0.60640732
367,3,0.61098398
367,4,0.6201373
367,5,0.6590389
367,6,0.72997712
367,8,0.7826087
368,0,0.61784897
368,1,0.59267735
368,2,0.59954233
368,6,0.68649886
368,8,0.74828375
369,2,0.59038902
369,3,0.6590389
369,5,0.64759725
369,6,0.68421053
369,8,0.77345538
370,0,0.60869565
370,1,0.59267735
370,2,0.597254
370,3,0.62700229
370,4,0.55377574
370,5,0.63386728
370,6,0.6819222
371,0,0.597254
371,1,0.59954233
371,2,0.59267735
371,3,0.56292906
371,4,0.57437071
371,5,0.61327231
371,6,0.70022883
371,7,0.53318078
371,8,0.67963387
372,0,0.59496568
372,2,0.58352403
372,3,0.63844394
372,5,0.62242563
372,6,0.75743707
372,7,0.50800915
372,8,0.78032037
373,0,0.60411899
373,1,0.5812357
373,2,0.61556064
373,3,0.61784897
373,4,0.57894737
373,5,0.64073227
373,6,0.72540046
373,7,0.5812357
374,0,0.59038902
374,1,0.59496568
374,2,0.60640732
374,3,0.62929062
374,4,0.5423341
374,5,0.64988558
374,6,0.74141876
374,7,0.45308924
374,8,0.83066362
375,0,0.58581236
375,1,0.56979405
375,3,0.60183066
375,4,0.52402746
375,5,0.60183066
375,6,0.71853547
375,7,0.52173913
375,8,0.74828375
376,0,0.59496568
376,1,0.57208238
376,2,0.59496568
376,5,0.63157895
376,6,0.75057208
376,7,0.49427918
376,8,0.7597254
377,0,0.59496568
377,1,0.57894737
377,2,0.58581236
377,3,0.63157895
377,4,0.5194508
377,5,0.63615561
377,7,0.36384439
377,8,0.72540046
378,0,0.62700229
378,1,0.60640732
378,2,0.59267735
378,3,0.65217391
378,6,0.72311213
378,7,0.42562929
378,8,0.70480549
379,0,0.57894737
379,2,0.57437071
379,3,0.61098398
379,4,0.51716247
379,5,0.59496568
379,6,0.70480549
379,7,0.45537757
379,8,0.74141876
380,0,0.56521739
380,1,0.55148741
380,2,0.56064073
380,3,0.59496568
380,5,0.63386728
380,7,0.54004577
380,8,0.63615561
381,0,0.57208238
381,1,0.56521739
381,2,0.59496568
381,3,0.60183066
381,4,0.46224256
381,6,0.75057208
381,7,0.49656751
381,8,0.68649886
382,0,0.54004577
382,1,0.5583524
382,2,0.55148741
382,3,0.59038902
382,4,0.5423341
382,6,0.63157895
382,7,0.37299771
382,8,0.61098398
383,0,0.56064073
383,1,0.56292906
383,2,0.56292906
383,5,0.60411899
383,6,0.62929062
383,8,0.67048055
384,0,0.56064073
384,1,0.5583524
384,2,0.56521739
384,3,0.57665904
384,4,0.59038902
384,5,0.62929062
384,6,0.60869565
384,8,0.72768879
385,0,0.56521739
385,1,0.55606407
385,2,0.58581236
385,3,0.61327231
385,4,0.5423341
385,6,0.69107551
385,7,0.45308924
385,8,0.72768879
386,0,0.57208238
386,1,0.56521739
386,2,0.57208238
386,4,0.49885584
386,6,0.57437071
386,8,0.70480549
387,0,0.56979405
387,1,0.56750572
387,2,0.56979405
387,3,0.6201373
387,4,0.52860412
387,5,0.61098398
387,6,0.71624714
387,7,0.61098398
387,8,0.7208238
388,1,0.54919908
388,2,0.58581236
388,3,0.63615561
388,4,0.52631579
388,5,0.59267735
388,6,0.67505721
388,7,0.47139588
388,8,0.61784897
389,0,0.57208238
389,1,0.56064073
389,2,0.56750572
389,3,0.61784897
389,4,0.49885584
389,5,0.59267735
389,6,0.73455378
389,7,0.43020595
389,8,0.67505721
390,1,0.55606407
390,4,0.54691076
390,7,0.4805492
390,8,0.65675057
391,0,0.56292906
391,2,0.56979405
391,3,0.57665904
391,4,0.55377574
391,6,0.63386728
391,7,0.50800915
392,0,0.54919908
392,1,0.5423341
392,2,0.5583524
392,3,0.597254
392,4,0.48512586
392,6,0.64759725
392,7,0.40961098
392,8,0.65217391
393,0,0.56521739
393,1,0.56292906
393,4,0.55606407
393,5,0.60869565
393,6,0.74370709
393,7,0.49656751
393,8,0.72997712
394,0,0.56521739
394,1,0.56292906
394,2,0.58810069
394,3,0.57208238
394,4,0.57208238
394,6,0.75286041
394,7,0.43249428
395,0,0.56064073
395,1,0.54462243
395,2,0.57208238
395,3,0.59496568
395,4,0.56979405
395,5,0.58352403
395,6,0.6201373
395,7,0.49199085
395,8,0.64302059
396,0,0.53089245
396,1,0.54004577
396,2,0.53546911
396,4,0.58581236
396,5,0.57665904
396,6,0.66132723
396,7,0.44393593
396,8,0.64530892
397,0,0.55148741
397,1,0.55148741
397,3,0.57665904
397,4,0.50343249
397,6,0.68649886
397,7,0.48512586
397,8,0.597254
398,0,0.54462243
398,1,0.54919908
398,2,0.56521739
398,3,0.55377574
398,4,0.59267735
398,5,0.59496568
398,7,0.38901602
398,8,0.66590389
399,0,0.54004577
399,2,0.56064073
399,3,0.59038902
399,4,0.51258581
399,5,0.59267735
399,6,0.68649886
399,7,0.39130435
400,0,0.52402746
400,1,0.52860412
400,2,0.54004577
400,3,0.50343249
400,5,0.57437071
400,6,0.62929062
400,7,0.49199085
400,8,0.61784897
401,0,0.53318078
401,1,0.53318078
401,2,0.52631579
401,4,0.49199085
401,6,0.72311213
401,7,0.42562929
401,8,0.67505721
402,0,0.55148741
402,1,0.52631579
402,2,0.5423341
402,4,0.5194508
402,5,0.55148741
402,6,0.54462243
403,1,0.53546911
403,2,0.53546911
403,3,0.53089245
403,4,0.49199085
403,5,0.58810069
403,6,0.62700229
403,7,0.45308924
403,8,0.62929062
404,0,0.53775744
404,1,0.52173913
404,3,0.56064073
404,4,0.51487414
404,5,0.57437071
404,6,0.67048055
404,7,0.40732265
405,0,0.5423341
405,2,0.55148741
405,5,0.61098398
405,6,0.67734554
405,7,0.49427918
405,8,0.67963387
406,0,0.53775744
406,1,0.51716247
406,2,0.54004577
406,3,0.5583524
406,4,0.45995423
406,6,0.71395881
406,7,0.37757437
406,8,0.65446224
407,0,0.53089245
407,1,0.5194508
407,3,0.55377574
407,4,0.49427918
407,6,0.71167048
407,7,0.41647597
408,0,0.53775744
408,1,0.5194508
408,2,0.51487414
408,3,0.52631579
408,5,0.55606407
408,6,0.62700229
408,7,0.47826087
409,0,0.53318078
409,1,0.5423341
409,2,0.53546911
409,3,0.54462243
409,4,0.53775744
409,5,0.5423341
409,6,0.71853547
409,7,0.50572082
409,8,0.74370709
410,0,0.53546911
410,1,0.53546911
410,2,0.54691076
410,4,0.49885584
410,5,0.58581236
410,6,0.60183066
410,7,0.38901602
410,8,0.68878719
411,0,0.51258581
411,1,0.52631579
411,2,0.5194508
411,3,0.5583524
411,4,0.48970252
411,5,0.56750572
411,6,0.6819222
411,8,0.56750572
412,0,0.48741419
412,1,0.49885584
412,2,0.52402746
412,3,0.5583524
412,4,0.49656751
412,5,0.53775744
412,6,0.72768879
412,7,0.5423341
412,8,0.59038902
413,0,0.53089245
413,1,0.52631579
413,2,0.53775744
413,4,0.53318078
413,5,0.54462243
413,6,0.71167048
413,7,0.44622426
413,8,0.66819222
414,0,0.54004577
414,1,0.50800915
414,2,0.52860412
414,3,0.55377574
414,4,0.44622426
414,5,0.59267735
414,6,0.64073227
414,7,0.34553776
414,8,0.61327231
415,0,0.52631579
415,1,0.50343249
415,2,0.51487414
415,3,0.57208238
415,4,0.49885584
415,5,0.5812357
415,6,0.60640732
415,7,0.43249428
415,8,0.51258581
416,0,0.54004577
416,1,0.51487414
416,2,0.5194508
416,3,0.56750572
416,4,0.48970252
416,5,0.52402746
416,6,0.55148741
416,7,0.39588101
416,8,0.72311213
417,0,0.53089245
417,1,0.5194508
417,2,0.51029748
417,3,0.53089245
417,5,0.54919908
417,6,0.64530892
417,8,0.6819222
418,0,0.52402746
418,1,0.51258581
418,2,0.53089245
418,3,0.54691076
418,4,0.49656751
418,5,0.59496568
418,6,0.56979405
418,7,0.44622426
418,8,0.67963387
419,0,0.51487414
419,1,0.51487414
419,2,0.51716247
419,3,0.51029748
419,4,0.51029748
419,5,0.54691076
419,6,0.57894737
419,7,0.402746
419,8,0.61784897
420,0,0.5194508
420,1,0.52402746
420,3,0.55377574
420,5,0.5583524
420,6,0.56750572
420,8,0.67734554
421,0,0.51716247
421,1,0.53089245
421,3,0.57665904
421,4,0.4576659
421,5,0.5583524
421,6,0.60640732
421,7,0.4187643
421,8,0.62242563
422,0,0.51258581
422,1,0.48970252
422,2,0.50800915
422,3,0.55148741
422,5,0.52631579
422,6,0.61556064
422,7,0.33638444
422,8,0.64759725
423,0,0.52631579
423,1,0.51487414
423,2,0.51258581
423,4,0.45308924
423,5,0.52402746
423,6,0.63844394
423,7,0.47368421
423,8,0.60411899
424,0,0.50800915
424,1,0.51029748
424,2,0.50800915
424,3,0.57208238
424,5,0.56979405
424,6,0.58352403
424,7,0.32265446
424,8,0.71167048
425,0,0.50800915
425,2,0.52402746
425,3,0.53546911
425,4,0.42791762
425,5,0.5194508
425,6,0.68421053
425,7,0.32951945
425,8,0.57437071
426,0,0.49427918
426,1,0.4805492
426,2,0.49427918
426,3,0.55606407
426,4,0.44851259
426,6,0.59267735
426,7,0.41189931
427,0,0.51029748
427,1,0.50343249
427,2,0.49427918
427,3,0.52860412
427,4,0.50800915
427,5,0.54919908
427,6,0.56979405
427,7,0.50572082
428,0,0.48970252
428,1,0.50114416
428,2,0.51487414
428,3,0.56750572
428,5,0.56292906
428,6,0.62700229
428,8,0.69336384
429,0,0.4576659
429,1,0.47597254
429,2,0.48512586
429,3,0.51258581
429,4,0.44851259
429,5,0.49885584
429,7,0.35240275
429,8,0.61784897
430,0,0.4805492
430,2,0.48970252
430,3,0.53318078
430,4,0.41647597
430,5,0.51029748
430,6,0.70938215
430,7,0.42791762
430,8,0.597254
431,0,0.46453089
431,1,0.46681922
431,2,0.49656751
431,3,0.5423341
431,4,0.43249428
431,6,0.60869565
432,0,0.48283753
432,1,0.47826087
432,2,0.49199085
432,3,0.51487414
432,5,0.55377574
432,6,0.57894737
432,7,0.45537757
432,8,0.62929062
433,1,0.50114416
433,2,0.49885584
433,3,0.52860412
433,6,0.51716247
433,7,0.4416476
433,8,0.66132723
434,0,0.49656751
434,1,0.49199085
434,3,0.5583524
434,4,0.42562929
434,5,0.54919908
434,6,0.59496568
434,7,0.36842105
434,8,0.69336384
435,0,0.4805492
435,1,0.48512586
435,2,0.47826087
435,3,0.51258581
435,4,0.42334096
435,6,0.61098398
435,7,0.30434783
435,8,0.63386728
436,0,0.51258581
436,1,0.48283753
436,2,0.49656751
436,3,0.49427918
436,6,0.58352403
436,7,0.23569794
436,8,0.58810069
437,0,0.47597254
437,1,0.45995423
437,2,0.4805492
437,3,0.55148741
437,4,0.45080092
437,5,0.50343249
437,6,0.48741419
437,8,0.60869565
438,0,0.47368421
438,1,0.46910755
438,2,0.4576659
438,4,0.40503432
438,5,0.53318078
438,6,0.53089245
438,7,0.34324943
438,8,0.68421053
439,0,0.48512586
439,1,0.46224256
439,2,0.48283753
439,3,0.49885584
439,4,0.47826087
439,5,0.5423341
439,8,0.67276888
440,0,0.46681922
440,1,0.47139588
440,2,0.48283753
440,5,0.52631579
440,6,0.67276888
440,8,0.65446224
441,1,0.46910755
441,2,0.47826087
441,3,0.50800915
441,4,0.4416476
441,6,0.66819222
441,7,0.44851259
441,8,0.64530892
442,0,0.47139588
442,2,0.47139588
442,3,0.51716247
442,4,0.43020595
442,5,0.48512586
442,6,0.5194508
442,7,0.27459954
442,8,0.62471396
443,1,0.46681922
443,2,0.47826087
443,3,0.48741419
443,4,0.43249428
443,6,0.6201373
443,7,0.41189931
443,8,0.65675057
444,0,0.46224256
444,1,0.45308924
444,2,0.47826087
444,3,0.46910755
444,4,0.45080092
444,5,0.49656751
444,6,0.50343249
444,7,0.28832952
444,8,0.57437071
445,0,0.4805492
445,1,0.46910755
445,2,0.46681922
445,3,0.51029748
445,5,0.5194508
445,6,0.66361556
445,7,0.37299771
446,0,0.4576659
446,1,0.46910755
446,2,0.47368421
446,4,0.45995423
446,5,0.50800915
446,6,0.59496568
446,7,0.41189931
447,0,0.4416476
447,2,0.46224256
447,3,0.44851259
447,4,0.43707094
447,5,0.51716247
447,6,0.62471396
447,8,0.53089245
448,0,0.46910755
448,1,0.45995423
448,2,0.45308924
448,3,0.48283753
448,4,0.44393593
448,5,0.47368421
448,6,0.47139588
448,7,0.30892449
448,8,0.597254
449,0,0.45995423
449,1,0.4416476
449,2,0.46681922
449,3,0.48970252
449,4,0.41647597
449,5,0.46910755
449,6,0.60411899
449,7,0.35926773
449,8,0.55148741
450,0,0.45080092
450,1,0.45080092
450,2,0.48512586
450,4,0.44393593
450,5,0.50572082
450,6,0.56979405
450,8,0.54462243
451,0,0.45537757
451,1,0.46681922
451,2,0.46910755
451,3,0.48970252
451,4,0.42562929
451,7,0.32951945
451,8,0.56521739
452,0,0.46453089
452,1,0.45080092
452,2,0.4576659
452,3,0.44622426
452,4,0.4187643
452,5,0.48283753
452,6,0.60869565
452,7,0.39130435
452,8,0.6979405
453,0,0.44622426
453,1,0.44393593
453,2,0.46224256
453,4,0.4187643
453,5,0.48970252
453,6,0.62242563
453,7,0.36842105
453,8,0.597254
454,0,0.46910755
454,1,0.44622426
454,2,0.44622426
454,3,0.51716247
454,4,0.40503432
454,5,0.45995423
454,6,0.56521739
454,7,0.34782609
454,8,0.59954233
455,0,0.43707094
455,1,0.42562929
455,2,0.43249428
455,3,0.47826087
455,5,0.48970252
455,6,0.52173913
455,8,0.52402746
456,0,0.4576659
456,1,0.44393593
456,2,0.44622426
456,3,0.51258581
456,4,0.40045767
456,6,0.60411899
457,0,0.43935927
457,1,0.44851259
457,2,0.43249428
457,3,0.46681922
457,4,0.42334096
457,5,0.48283753
457,6,0.54919908
457,7,0.4416476
457,8,0.48970252
458,0,0.45080092
458,1,0.43020595
458,2,0.46224256
458,4,0.44851259
458,5,0.49656751
458,6,0.50343249
458,7,0.38215103
458,8,0.54004577
459,0,0.43249428
459,2,0.43935927
459,3,0.44851259
459,5,0.4805492
459,6,0.49427918
459,7,0.28375286
459,8,0.63615561
460,0,0.45537757
460,1,0.44622426
460,2,0.4576659
460,3,0.49427918
460,4,0.4576659
460,5,0.49656751
460,6,0.48283753
460,7,0.34553776
460,8,0.60640732
461,0,0.44393593
461,1,0.4416476
461,2,0.45308924
461,3,0.46681922
461,5,0.50572082
461,6,0.52402746
461,7,0.32951945
462,0,0.42562929
462,1,0.4187643
462,2,0.42791762
462,3,0.43935927
462,4,0.37070938
462,5,0.45308924
462,6,0.60869565
462,7,0.33409611
462,8,0.597254
463,0,0.44851259
463,1,0.43020595
463,2,0.43707094
463,3,0.50343249
463,4,0.44393593
463,5,0.49199085
463,6,0.56064073
463,7,0.50572082
463,8,0.60640732
464,0,0.43020595
464,3,0.45308924
464,4,0.39588101
464,6,0.51716247
464,8,0.5423341
465,0,0.43249428
465,2,0.43707094
465,3,0.42334096
465,4,0.4187643
465,5,0.44622426
465,7,0.35240275
466,0,0.42791762
466,1,0.43707094
466,2,0.45080092
466,3,0.49885584
466,4,0.38215103
466,5,0.46453089
466,7,0.19221968
466,8,0.63615561
467,0,0.40961098
467,1,0.42791762
467,2,0.44622426
467,3,0.45537757
467,4,0.40961098
467,5,0.4576659
467,6,0.59496568
467,8,0.5423341
468,0,0.42562929
468,1,0.4187643
468,2,0.43249428
468,3,0.44393593
468,4,0.40503432
468,5,0.48283753
468,6,0.48970252
468,7,0.28375286
468,8,0.62471396
469,0,0.45308924
469,2,0.42791762
469,4,0.35240275
469,5,0.46681922
469,6,0.5423341
469,7,0.18535469
469,8,0.57894737
470,0,0.43478261
470,2,0.43249428
470,3,0.41647597
470,4,0.41189931
470,5,0.46681922
470,6,0.52631579
470,8,0.47826087
471,0,0.40961098
471,1,0.40961098
471,2,0.41418764
471,3,0.4805492
471,4,0.41647597
471,5,0.43249428
471,6,0.56521739
471,7,0.28146453
471,8,0.51029748
472,0,0.41189931
472,1,0.40961098
472,2,0.40732265
472,3,0.41418764
472,4,0.37757437
472,5,0.45080092
472,6,0.43478261
472,7,0.17162471
473,0,0.43249428
473,3,0.46453089
473,4,0.43707094
473,5,0.45995423
473,6,0.49427918
473,7,0.26544622
473,8,0.48283753
474,0,0.43935927
474,1,0.42791762
474,2,0.43478261
474,4,0.39588101
474,5,0.4805492
474,6,0.44851259
474,7,0.22196796
474,8,0.6201373
475,2,0.41189931
475,3,0.46910755
475,4,0.40961098
475,5,0.4416476
475,6,0.51258581
475,7,0.33638444
475,8,0.54919908
476,0,0.40961098
476,1,0.41418764
476,7,0.31578947
476,8,0.45308924
477,0,0.43249428
477,1,0.41418764
477,2,0.42334096
477,4,0.32723112
477,5,0.48512586
477,6,0.59954233
477,8,0.56979405
478,0,0.44393593
478,1,0.42791762
478,2,0.43478261
478,3,0.47597254
478,4,0.47139588
478,5,0.44622426
478,6,0.51716247
478,7,0.35011442
479,0,0.43020595
479,1,0.4187643
479,2,0.44622426
479,3,0.45080092
479,5,0.44851259
479,6,0.50343249
479,7,0.30663616
479,8,0.53089245
480,0,0.41647597
480,1,0.40045767
480,2,0.41418764
480,4,0.42105263
480,5,0.48283753
480,6,0.57208238
480,7,0.20823799
480,8,0.47597254
481,0,0.40503432
481,1,0.39588101
481,2,0.39359268
481,3,0.39588101
481,4,0.36384439
481,5,0.43707094
481,6,0.57437071
481,7,0.33180778
481,8,0.61327231
482,0,0.40503432
482,1,0.38443936
482,2,0.40045767
482,3,0.40961098
482,4,0.31121281
482,6,0.50343249
482,7,0.42334096
482,8,0.53546911
483,0,0.41647597
483,1,0.402746
483,2,0.41647597
483,4,0.38443936
483,5,0.42562929
483,6,0.5583524
483,7,0.32951945
483,8,0.52860412
484,0,0.39816934
484,1,0.38901602
484,2,0.4187643
484,3,0.43478261
484,4,0.32951945
484,5,0.44622426
484,6,0.44851259
484,7,0.26544622
485,2,0.39130435
485,3,0.40732265
485,5,0.42791762
485,6,0.58352403
485,7,0.18993135
485,8,0.51029748
486,0,0.39130435
486,1,0.38443936
486,2,0.38672769
486,3,0.43249428
486,4,0.3798627
486,5,0.42562929
486,6,0.63157895
486,7,0.22883295
486,8,0.46224256
487,0,0.39588101
487,1,0.38901602
487,2,0.40503432
487,3,0.43935927
487,5,0.41647597
487,6,0.53318078
487,7,0.3180778
487,8,0.46681922
488,0,0.43020595
488,1,0.40732265
488,2,0.40045767
488,3,0.46453089
488,4,0.39130435
488,5,0.50343249
488,6,0.402746
488,7,0.37757437
488,8,0.60411899
489,0,0.39130435
489,2,0.402746
489,3,0.40732265
489,5,0.4416476
489,8,0.51487414
490,0,0.3798627
490,1,0.39588101
490,2,0.39816934
490,3,0.47826087
490,4,0.33867277
490,6,0.47597254
490,7,0.30663616
490,8,0.53089245
491,0,0.40732265
491,1,0.39588101
491,2,0.40732265
491,3,0.45308924
491,5,0.41189931
491,6,0.55148741
491,7,0.35240275
491,8,0.44393593
492,0,0.39588101
492,2,0.402746
492,3,0.42562929
492,4,0.39359268
492,5,0.46224256
492,6,0.4805492
492,7,0.33638444
493,0,0.38901602
493,1,0.38215103
493,2,0.38215103
493,3,0.4416476
493,4,0.37757437
493,5,0.43935927
493,6,0.56979405
493,8,0.45995423
494,0,0.40503432
494,1,0.39816934
494,2,0.40045767
494,4,0.39588101
494,5,0.42791762
494,6,0.54462243
494,7,0.32951945
494,8,0.56292906
495,0,0.39130435
495,1,0.38901602
495,2,0.39588101
495,3,0.47826087
495,4,0.36155606
495,5,0.41647597
495,6,0.46224256
495,7,0.2402746
495,8,0.54462243
496,0,0.39816934
496,1,0.36842105
496,3,0.37757437
496,5,0.43478261
496,6,0.49199085
496,8,0.59496568
497,0,0.36613272
497,1,0.3798627
497,2,0.38901602
497,5,0.42334096
497,6,0.44393593
497,7,0.29061785
497,8,0.57894737
498,0,0.37070938
498,3,0.40503432
498,4,0.30892449
498,5,0.38443936
498,6,0.47826087
498,7,0.21281465
498,8,0.50114416
499,0,0.37299771
499,1,0.37070938
499,2,0.37757437
499,3,0.35011442
499,4,0.36842105
499,5,0.44851259
499,6,0.45308924
499,7,0.26773455
499,8,0.52860412
500,0,0.37070938
500,1,0.38215103
500,2,0.39588101
500,3,0.42334096
500,4,0.35011442
500,5,0.42105263
500,6,0.56521739
500,7,0.30434783
501,0,0.39130435
501,1,0.37299771
501,2,0.40503432
501,3,0.43249428
501,4,0.32494279
501,6,0.62471396
501,7,0.402746
501,8,0.51258581
502,0,0.38901602
502,1,0.36384439
502,2,0.37528604
502,3,0.39816934
502,4,0.37528604
502,5,0.43935927
502,6,0.39816934
502,7,0.17162471
502,8,0.597254
503,0,0.38215103
503,2,0.38901602
503,3,0.39588101
503,4,0.40732265
503,5,0.44622426
503,6,0.38215103
503,7,0.30663616
503,8,0.56750572
504,0,0.37528604
504,1,0.3798627
504,2,0.35926773
504,3,0.35469108
504,4,0.33867277
504,5,0.39588101
504,6,0.46910755
505,0,0.35697941
505,1,0.36384439
505,2,0.37528604
505,3,0.40961098
505,4,0.40045767
505,6,0.39588101
505,8,0.51258581
506,0,0.36384439
506,2,0.37757437
506,4,0.3409611
506,5,0.43020595
506,6,0.48283753
506,7,0.36384439
506,8,0.51258581
507,0,0.36155606
507,1,0.35469108
507,2,0.37528604
507,3,0.43020595
507,4,0.32494279
507,5,0.39588101
507,6,0.5194508
507,7,0.31121281
507,8,0.56521739
508,0,0.36842105
508,1,0.36842105
508,6,0.56750572
508,7,0.32036613
508,8,0.53089245
509,0,0.3798627
509,1,0.35926773
509,2,0.35926773
509,3,0.3798627
509,4,0.31578947
509,5,0.37070938
509,6,0.48512586
510,0,0.37757437
510,1,0.37070938
510,2,0.36613272
510,3,0.40961098
510,4,0.38215103
510,5,0.402746
510,6,0.46910755
510,7,0.3020595
510,8,0.57437071
511,0,0.35469108
511,1,0.35240275
511,2,0.36384439
511,3,0.36155606
511,4,0.31350114
511,5,0.41418764
511,6,0.36384439
511,7,0.34782609
511,8,0.39816934
512,0,0.36613272
512,1,0.36155606
512,2,0.37070938
512,3,0.40503432
512,4,0.35240275
512,5,0.39588101
512,6,0.47597254
512,7,0.18306636
512,8,0.51716247
513,0,0.36384439
513,1,0.35469108
513,3,0.3798627
513,4,0.31121281
513,6,0.47139588
513,7,0.15560641
513,8,0.46681922
514,0,0.37299771
514,1,0.35240275
514,2,0.37070938
514,3,0.37070938
514,4,0.31350114
514,5,0.39359268
514,6,0.50572082
514,7,0.25171625
514,8,0.57208238
515,0,0.38443936
515,1,0.36155606
515,2,0.36613272
515,4,0.36384439
515,5,0.43020595
515,6,0.43707094
515,7,0.11212815
515,8,0.56979405
516,0,0.35240275
516,1,0.36384439
516,2,0.37528604
516,3,0.37528604
516,4,0.32036613
516,5,0.40732265
516,6,0.44851259
516,7,0.3409611
517,0,0.34324943
517,1,0.35240275
517,2,0.35697941
517,3,0.37299771
517,6,0.37757437
517,7,0.32951945
518,0,0.34324943
518,1,0.34324943
518,2,0.35926773
518,3,0.39588101
518,4,0.31578947
518,5,0.38443936
518,6,0.33638444
518,7,0.22196796
518,8,0.49199085
519,0,0.35926773
519,1,0.36155606
519,2,0.36155606
519,3,0.36155606
519,4,0.36155606
519,5,0.41647597
519,7,0.22883295
519,8,0.56521739
520,1,0.33638444
520,2,0.35240275
520,4,0.35469108
520,5,0.38901602
520,6,0.39130435
520,7,0.23112128
520,8,0.5583524
521,0,0.36384439
521,1,0.35240275
521,2,0.36384439
521,3,0.37757437
521,4,0.34324943
521,5,0.35240275
521,6,0.37757437
521,7,0.25400458
521,8,0.49427918
522,0,0.35926773
522,1,0.3409611
522,2,0.37070938
522,3,0.37757437
522,4,0.29748284
522,6,0.47826087
522,7,0.24942792
522,8,0.59496568
523,0,0.35469108
523,1,0.34782609
523,2,0.35011442
523,3,0.35926773
523,4,0.30892449
523,5,0.40503432
523,6,0.43478261
523,8,0.48741419
524,0,0.3409611
524,1,0.34553776
524,2,0.35240275
524,3,0.41647597
524,4,0.31578947
524,6,0.42334096
524,7,0.27459954
524,8,0.46681922
525,0,0.33867277
525,1,0.32951945
525,2,0.33409611
525,3,0.34782609
525,4,0.31350114
525,5,0.38443936
525,6,0.38901602
525,7,0.2173913
525,8,0.50800915
526,1,0.32265446
526,2,0.33180778
526,3,0.35011442
526,4,0.27688787
526,5,0.37757437
526,6,0.26086957
526,7,0.29290618
526,8,0.45308924
527,0,0.33638444
527,1,0.33638444
527,2,0.34782609
527,3,0.35469108
527,5,0.40503432
527,6,0.5423341
527,7,0.27002288
527,8,0.48283753
528,0,0.37070938
528,1,0.3409611
528,3,0.4187643
528,5,0.37528604
528,6,0.40045767
528,7,0.19679634
528,8,0.54462243
529,0,0.32036613
529,1,0.33867277
529,2,0.3409611
529,3,0.3798627
529,5,0.38443936
529,6,0.42334096
529,8,0.47139588
530,0,0.35011442
530,1,0.34553776
530,2,0.37528604
530,3,0.35469108
530,4,0.33409611
530,5,0.35926773
530,6,0.37299771
530,7,0.33180778
530,8,0.402746
531,0,0.35240275
531,1,0.3180778
531,2,0.33180778
531,3,0.38443936
531,5,0.3798627
531,6,0.49656751
531,8,0.4805492
532,0,0.3409611
532,1,0.35011442
532,2,0.33180778
532,3,0.37528604
532,4,0.31121281
532,5,0.41647597
532,6,0.4576659
533,0,0.32951945
533,1,0.32494279
533,2,0.33638444
533,3,0.36613272
533,4,0.25171625
533,5,0.35469108
533,6,0.39359268
533,7,0.13043478
533,8,0.43249428
534,0,0.32951945
534,1,0.33638444
534,2,0.31578947
534,3,0.35469108
534,4,0.27688787
534,5,0.36155606
534,6,0.42105263
534,7,0.21967963
535,0,0.33409611
535,1,0.32951945
535,2,0.33867277
535,3,0.35011442
535,4,0.29061785
535,6,0.5423341
535,7,0.29519451
535,8,0.51029748
536,0,0.34553776
536,1,0.32723112
536,2,0.33180778
536,3,0.36613272
536,4,0.29519451
536,5,0.35697941
536,6,0.43478261
536,7,0.17162471
537,0,0.30663616
537,1,0.33180778
537,2,0.3409611
537,3,0.35011442
537,4,0.35240275
537,6,0.43020595
537,7,0.24485126
537,8,0.49656751
538,0,0.35697941
538,1,0.3409611
538,2,0.35240275
538,3,0.41189931
538,5,0.38443936
538,6,0.39588101
538,7,0.27002288
539,0,0.31121281
539,2,0.32494279
539,4,0.3020595
539,5,0.35011442
539,6,0.32951945
539,7,0.1624714
539,8,0.52860412
540,0,0.33409611
540,2,0.33867277
540,3,0.33867277
540,4,0.28146453
540,5,0.38672769
540,6,0.43707094
540,7,0.22425629
540,8,0.51029748
541,2,0.3180778
541,3,0.38672769
541,5,0.3798627
541,6,0.45080092
541,7,0.20366133
541,8,0.50572082
542,0,0.32723112
542,1,0.33409611
542,2,0.32494279
542,3,0.35926773
542,4,0.30663616
542,6,0.50572082
542,7,0.18764302
542,8,0.43478261
543,0,0.34553776
543,1,0.33638444
543,2,0.34324943
543,3,0.37528604
543,4,0.29519451
543,5,0.38901602
543,7,0.38901602
543,8,0.50800915
544,0,0.29061785
544,1,0.29977117
544,2,0.29977117
544,3,0.35926773
544,4,0.28604119
544,5,0.3180778
545,0,0.32494279
545,1,0.30892449
545,2,0.3180778
545,3,0.33638444
545,4,0.30434783
545,5,0.3798627
545,6,0.3020595
545,7,0.16018307
545,8,0.5423341
546,1,0.32494279
546,2,0.32265446
546,3,0.37757437
546,4,0.32951945
546,5,0.38672769
546,6,0.37299771
546,7,0.29061785
546,8,0.43020595
547,0,0.34553776
547,1,0.32265446
547,2,0.32951945
547,3,0.29061785
547,4,0.29061785
547,5,0.37757437
547,6,0.39816934
547,7,0.18764302
547,8,0.53775744
548,0,0.30892449
548,1,0.31578947
548,2,0.34324943
548,4,0.33867277
548,5,0.37299771
548,6,0.43478261
548,7,0.14187643
548,8,0.43249428
549,0,0.32036613
549,1,0.3180778
549,2,0.30663616
549,3,0.32951945
549,4,0.31121281
549,5,0.36155606
549,6,0.4187643
549,7,0.2173913
549,8,0.41189931
550,0,0.31350114
550,1,0.32494279
550,2,0.30663616
550,3,0.32951945
550,4,0.27002288
550,5,0.38215103
550,6,0.42334096
550,8,0.46681922
551,0,0.32265446
551,1,0.30434783
551,2,0.32036613
551,3,0.32036613
551,5,0.39588101
551,6,0.45080092
551,7,0.25629291
551,8,0.48283753
552,0,0.32723112
552,1,0.31350114
552,2,0.32951945
552,4,0.35469108
552,6,0.38443936
552,7,0.28146453
552,8,0.50114416
553,0,0.31121281
553,1,0.31121281
553,2,0.32265446
553,3,0.34324943
553,4,0.29519451
553,5,0.34324943
553,6,0.48283753
553,7,0.3180778
553,8,0.40732265
554,0,0.32494279
554,1,0.31350114
554,2,0.3180778
554,3,0.35697941
554,4,0.26315789
554,5,0.3798627
554,6,0.45308924
554,7,0.41418764
554,8,0.47139588
555,0,0.33409611
555,1,0.3020595
555,2,0.31350114
555,3,0.35926773
555,4,0.32494279
555,5,0.35240275
555,6,0.40503432
555,7,0.22196796
555,8,0.41418764
556,0,0.30892449
556,1,0.31350114
556,2,0.31578947
556,3,0.34553776
556,4,0.33638444
556,5,0.35011442
556,6,0.51258581
556,7,0.15789474
556,8,0.37528604
557,1,0.30663616
557,2,0.32265446
557,5,0.32265446
557,6,0.51029748
557,8,0.40045767
558,0,0.32265446
558,1,0.30892449
558,2,0.29977117
558,3,0.32951945
558,6,0.47826087
558,7,0.23798627
558,8,0.41418764
559,0,0.29519451
559,1,0.29290618
559,2,0.30663616
559,3,0.34782609
559,4,0.27688787
559,5,0.34553776
559,6,0.24713959
559,7,0.18306636
560,0,0.3020595
560,2,0.3180778
560,3,0.34553776
560,4,0.26773455
560,6,0.51258581
560,7,0.26773455
560,8,0.46910755
561,0,0.32951945
561,1,0.30892449
561,2,0.3180778
561,3,0.37528604
561,6,0.4805492
561,7,0.12814645
561,8,0.51029748
562,0,0.33180778
562,1,0.31121281
562,2,0.33409611
562,3,0.36155606
562,5,0.33867277
562,7,0.37070938
563,0,0.30892449
563,1,0.28375286
563,3,0.33638444
563,4,0.27002288
563,5,0.33867277
563,7,0.25629291
563,8,0.37070938
564,0,0.31121281
564,1,0.31578947
564,2,0.31121281
564,3,0.32494279
564,4,0.3020595
564,6,0.54004577
564,7,0.09153318
564,8,0.46453089
565,0,0.30434783
565,1,0.29519451
565,2,0.30663616
565,3,0.3180778
565,4,0.30663616
565,6,0.48512586
565,7,0.14645309
565,8,0.38215103
566,0,0.27688787
566,1,0.30663616
566,2,0.29977117
566,3,0.30892449
566,4,0.27459954
566,5,0.31350114
566,6,0.49199085
566,7,0.2402746
566,8,0.45308924
567,2,0.29519451
567,3,0.32036613
567,4,0.26773455
567,5,0.33180778
567,6,0.4576659
567,7,0.27002288
567,8,0.402746
568,0,0.29748284
568,2,0.27688787
568,4,0.29977117
568,5,0.32494279
568,6,0.47826087
568,7,0.09610984
568,8,0.37528604
569,0,0.31121281
569,1,0.30892449
569,2,0.29977117
569,3,0.33638444
569,5,0.34324943
569,6,0.52402746
569,7,0.24256293
569,8,0.46910755
570,0,0.29748284
570,1,0.29519451
570,2,0.31350114
570,3,0.34782609
570,4,0.26086957
570,6,0.42562929
570,7,0.0617849
570,8,0.40732265
571,0,0.30663616
571,2,0.31121281
571,3,0.3409611
571,4,0.30892449
571,5,0.32494279
571,6,0.33180778
571,7,0.19908467
571,8,0.43020595
572,0,0.30663616
572,1,0.29519451
572,3,0.33409611
572,4,0.26315789
572,5,0.3180778
572,6,0.39588101
573,1,0.29748284
573,2,0.29290618
573,4,0.2791762
573,5,0.34553776
573,6,0.43020595
574,0,0.29977117
574,2,0.31578947
574,3,0.33867277
574,4,0.27002288
574,5,0.33180778
574,6,0.4187643
574,7,0.27459954
574,8,0.33638444
575,0,0.28146453
575,2,0.28146453
575,4,0.24942792
575,5,0.34324943
575,7,0.13729977
575,8,0.45995423
576,0,0.32265446
576,1,0.30434783
576,2,0.29748284
576,3,0.3180778
576,4,0.25629291
576,6,0.33867277
576,7,0.08924485
576,8,0.46910755
577,0,0.29977117
577,1,0.28375286
577,2,0.30663616
577,3,0.31121281
577,4,0.30663616
577,5,0.34782609
577,6,0.3180778
577,7,0.20366133
578,0,0.28146453
578,1,0.26773455
578,2,0.29519451
578,3,0.27459954
578,6,0.35240275
578,7,0.13729977
578,8,0.4187643
579,0,0.29519451
579,1,0.29290618
579,2,0.32723112
579,3,0.3180778
579,4,0.25171625
579,5,0.35469108
579,6,0.45995423
579,7,0.23798627
579,8,0.36613272
580,0,0.30663616
580,1,0.29519451
580,2,0.30663616
580,3,0.33867277
580,4,0.24485126
580,5,0.36384439
580,6,0.49656751
580,7,0.12814645
580,8,0.48512586
581,0,0.28832952
581,1,0.28832952
581,2,0.30434783
581,4,0.3180778
581,5,0.32723112
581,6,0.45308924
581,7,0.13043478
581,8,0.39359268
582,0,0.29061785
582,1,0.29748284
582,2,0.29519451
582,3,0.31121281
582,5,0.32723112
582,6,0.46910755
582,8,0.40961098
583,0,0.32265446
583,1,0.29290618
583,2,0.3020595
583,3,0.33180778
583,5,0.36613272
583,6,0.41418764
583,7,0.0617849
583,8,0.54691076
584,0,0.30892449
584,1,0.27002288
584,2,0.29519451
584,3,0.33409611
584,4,0.28832952
584,5,0.34324943
584,8,0.39359268
585,0,0.28604119
585,1,0.29290618
585,2,0.29748284
585,3,0.33409611
585,5,0.33180778
585,6,0.30434783
585,7,0.19679634
585,8,0.45995423
586,0,0.26544622
586,1,0.27459954
586,2,0.2791762
586,3,0.29290618
586,5,0.35469108
586,6,0.37070938
586,7,0.16933638
587,0,0.29519451
587,1,0.26315789
587,2,0.28604119
587,4,0.18764302
587,5,0.32265446
587,7,0.09610984
587,8,0.4416476
588,0,0.28832952
588,1,0.28832952
588,2,0.3020595
588,3,0.34782609
588,4,0.24713959
588,7,0.201373
588,8,0.44622426
589,0,0.29290618
589,1,0.28146453
589,2,0.28832952
589,3,0.33867277
589,4,0.201373
589,5,0.32494279
589,6,0.37757437
589,7,0.24713959
589,8,0.42791762
590,0,0.26544622
590,2,0.29519451
590,3,0.29290618
590,4,0.23112128
590,5,0.32951945
590,6,0.37070938
590,7,0.16704805
590,8,0.43935927
591,0,0.29519451
591,1,0.27688787
591,2,0.28832952
591,4,0.16704805
591,5,0.30892449
591,6,0.39816934
591,8,0.43020595
592,0,0.27688787
592,1,0.28146453
592,2,0.28832952
592,3,0.3020595
592,4,0.25400458
592,6,0.42562929
592,8,0.42105263
593,0,0.29748284
593,1,0.28146453
593,2,0.28604119
593,3,0.34553776
593,4,0.22654462
593,6,0.44851259
593,8,0.49199085
594,0,0.29290618
594,1,0.28375286
594,2,0.28375286
594,3,0.32036613
594,4,0.26315789
594,5,0.33638444
594,6,0.38672769
594,7,0.20366133
594,8,0.36613272
595,0,0.27231121
595,1,0.26544622
595,2,0.29977117
595,3,0.26086957
595,4,0.20594966
595,5,0.34782609
595,6,0.28375286
595,7,0.19221968
595,8,0.46224256
596,0,0.2791762
596,1,0.27231121
596,2,0.28604119
596,3,0.28146453
596,5,0.33180778
596,6,0.36613272
596,7,0.09382151
596,8,0.45308924
597,0,0.28604119
597,1,0.27459954
597,2,0.2791762
597,5,0.32036613
597,6,0.39130435
597,7,0.31121281
597,8,0.4416476
598,0,0.28146453
598,1,0.27688787
598,2,0.27459954
598,4,0.25171625
598,6,0.45995423
598,7,0.14187643
598,8,0.46453089
599,1,0.28146453
599,2,0.31578947
599,3,0.31121281
599,4,0.24256293
599,5,0.32494279
599,6,0.36384439
599,7,0.22425629
600,0,0.29519451
600,1,0.27459954
600,2,0.28146453
600,4,0.29748284
600,5,0.33638444
600,6,0.42791762
600,7,0.23340961
600,8,0.41647597
601,0,0.29977117
601,1,0.26773455
601,2,0.27459954
601,3,0.2791762
601,5,0.33180778
601,6,0.402746
601,7,0.16018307
601,8,0.32265446
602,0,0.27002288
602,1,0.26544622
602,2,0.29519451
602,5,0.3409611
602,6,0.40045767
602,7,0.22196796
602,8,0.4187643
603,0,0.30892449
603,1,0.28604119
603,2,0.29977117
603,3,0.31121281
603,4,0.29748284
603,5,0.32723112
603,6,0.45308924
603,7,0.201373
603,8,0.37757437
604,0,0.28604119
604,1,0.28832952
604,2,0.29519451
604,4,0.27459954
604,5,0.33180778
604,6,0.35697941
604,7,0.08009153
604,8,0.38443936
605,0,0.28375286
605,1,0.27688787
605,3,0.32494279
605,4,0.25400458
605,5,0.34324943
605,6,0.37070938
605,8,0.37070938
606,0,0.26086957
606,2,0.29519451
606,3,0.33867277
606,5,0.29748284
606,6,0.38443936
606,7,0.14416476
606,8,0.38672769
607,0,0.27002288
607,1,0.26086957
607,2,0.2791762
607,3,0.29519451
607,4,0.29519451
607,5,0.31578947
607,6,0.34553776
607,7,0.12128146
607,8,0.37757437
608,0,0.2791762
608,1,0.26315789
608,2,0.26086957
608,3,0.32265446
608,4,0.19221968
608,5,0.27002288
608,6,0.40732265
608,7,0.12814645
608,8,0.29061785
609,0,0.28832952
609,1,0.29061785
609,2,0.29061785
609,3,0.35240275
609,4,0.21967963
609,5,0.3409611
609,7,0.09382151
609,8,0.45537757
610,0,0.3020595
610,2,0.28832952
610,3,0.34553776
610,5,0.33638444
610,6,0.35240275
610,7,0.25400458
610,8,0.51716247
611,0,0.26086957
611,1,0.26773455
611,2,0.29977117
611,4,0.24485126
611,6,0.40045767
611,7,0.28146453
611,8,0.43935927
612,0,0.28146453
612,1,0.26773455
612,2,0.27002288
612,3,0.31578947
612,4,0.31121281
612,5,0.33638444
612,6,0.38443936
612,7,0.2402746
613,0,0.25629291
613,1,0.24942792
613,2,0.28375286
613,3,0.25629291
613,4,0.23340961
613,5,0.30434783
613,6,0.39359268
613,7,0.24942792
613,8,0.39359268
614,0,0.29977117
614,1,0.28832952
614,2,0.29977117
614,3,0.33409611
614,4,0.25858124
614,5,0.3409611
614,6,0.37757437
614,7,0.1624714
614,8,0.42562929
615,0,0.28832952
615,2,0.28832952
615,3,0.33180778
615,5,0.34553776
615,6,0.36842105
615,7,0.12814645
615,8,0.39130435
616,0,0.27231121
616,1,0.28604119
616,2,0.2791762
616,4,0.20594966
616,6,0.39359268
616,7,0.11670481
617,0,0.25171625
617,1,0.27688787
617,2,0.27688787
617,3,0.30892449
617,4,0.27688787
617,7,0.21967963
617,8,0.4187643
618,0,0.28146453
618,1,0.27231121
618,2,0.28832952
618,3,0.35011442
618,4,0.27459954
618,5,0.34782609
618,6,0.40045767
618,7,0.18764302
618,8,0.41189931
619,0,0.28375286
619,1,0.27459954
619,2,0.28604119
619,3,0.32723112
619,4,0.26773455
619,5,0.3180778
619,8,0.37299771
620,0,0.27459954
620,1,0.26315789
620,2,0.28146453
620,3,0.31350114
620,4,0.22196796
620,5,0.31578947
620,6,0.3798627
620,7,0.15789474
620,8,0.4805492
621,0,0.29290618
621,1,0.26773455
621,2,0.28146453
621,3,0.33409611
621,4,0.22883295
621,5,0.3409611
621,7,0.26086957
621,8,0.34324943
622,0,0.27688787
622,1,0.28832952
622,2,0.28604119
622,3,0.32723112
622,4,0.22196796
622,5,0.3020595
622,6,0.49656751
622,8,0.45537757
623,0,0.29290618
623,1,0.2791762
623,2,0.27231121
623,3,0.25858124
623,4,0.25629291
623,5,0.32036613
623,6,0.33867277
623,7,0.20594966
624,0,0.29977117
624,2,0.29748284
624,5,0.35240275
624,6,0.39359268
624,7,0.12128146
624,8,0.41418764
625,0,0.25171625
625,1,0.26544622
625,2,0.2791762
625,3,0.29061785
625,4,0.21052632
625,5,0.33180778
625,6,0.29290618
625,7,0.11670481
625,8,0.49199085
626,0,0.27231121
626,1,0.25400458
626,2,0.26315789
626,3,0.32494279
626,4,0.20366133
626,6,0.40045767
626,7,0.20823799
626,8,0.41647597
627,0,0.26773455
627,1,0.27688787
627,2,0.27231121
627,3,0.28604119
627,4,0.23112128
627,5,0.32265446
627,6,0.32036613
627,7,0.23798627
627,8,0.39130435
628,0,0.27459954
628,2,0.27459954
628,3,0.29977117
628,4,0.23112128
628,5,0.28832952
628,6,0.36842105
628,7,0.20594966
628,8,0.39588101
629,0,0.28604119
629,1,0.2791762
629,2,0.27231121
629,3,0.28832952
629,5,0.32265446
629,6,0.37070938
629,7,0.30434783
629,8,0.41647597
630,1,0.25171625
630,2,0.25858124
630,4,0.2173913
630,6,0.38901602
630,7,0.26773455
630,8,0.34324943
631,0,0.2791762
631,1,0.28604119
631,2,0.27688787
631,3,0.35697941
631,4,0.26544622
631,5,0.31578947
631,6,0.36384439
631,7,0.20823799
631,8,0.38215103
632,0,0.26544622
632,1,0.26315789
632,2,0.27231121
632,3,0.3409611
632,4,0.24485126
632,6,0.35011442
632,7,0.10755149
632,8,0.32494279
633,0,0.27231121
633,1,0.25858124
633,2,0.26773455
633,3,0.28146453
633,4,0.23112128
633,5,0.3180778
633,6,0.46453089
633,7,0.07322654
633,8,0.36155606
634,0,0.25629291
634,1,0.25629291
634,2,0.25400458
634,3,0.29977117
634,4,0.2402746
634,5,0.29519451
634,6,0.39359268
634,7,0.13272311
634,8,0.40503432
635,0,0.25171625
635,1,0.24485126
635,2,0.28375286
635,3,0.27688787
635,4,0.20366133
635,5,0.28604119
635,6,0.3409611
635,7,0.20823799
635,8,0.40961098
636,0,0.28832952
636,1,0.27688787
636,2,0.29290618
636,3,0.32494279
636,4,0.25171625
636,5,0.28375286
636,6,0.37528604
636,7,0.29748284
636,8,0.32265446
637,0,0.26086957
637,1,0.25629291
637,2,0.27002288
637,3,0.31578947
637,5,0.33867277
637,6,0.47826087
637,7,0.19679634
637,8,0.40045767
638,0,0.27231121
638,1,0.24942792
638,2,0.27002288
638,4,0.23798627
638,5,0.29977117
638,6,0.36155606
638,7,0.23798627
638,8,0.42334096
639,0,0.27002288
639,1,0.24485126
639,2,0.27231121
639,3,0.31350114
639,4,0.19221968
639,5,0.30892449
639,6,0.33638444
639,7,0.14187643
639,8,0.39130435
640,1,0.26544622
640,2,0.28604119
640,3,0.30892449
640,4,0.26773455
640,5,0.31350114
640,6,0.34324943
640,7,0.20823799
641,0,0.26544622
641,1,0.2791762
641,2,0.28146453
641,3,0.38215103
641,4,0.22883295
641,5,0.30892449
641,6,0.36384439
641,7,0.23569794
641,8,0.38901602
642,0,0.26544622
642,1,0.26315789
642,2,0.28604119
642,3,0.2791762
642,5,0.29061785
642,6,0.34782609
642,7,0.02974828
642,8,0.38672769
643,0,0.2791762
643,1,0.24942792
643,2,0.26086957
643,4,0.23569794
643,5,0.28832952
643,6,0.3020595
643,7,0.12814645
644,0,0.26086957
644,1,0.25858124
644,2,0.26315789
644,3,0.26315789
644,4,0.27231121
644,5,0.3020595
644,6,0.3180778
644,7,0.23112128
644,8,0.38215103
645,0,0.26773455
645,2,0.28146453
645,3,0.29290618
645,4,0.26544622
645,5,0.32036613
645,6,0.33638444
645,7,0.18535469
645,8,0.37757437
646,0,0.26086957
646,1,0.25400458
646,2,0.27002288
646,3,0.24942792
646,4,0.22654462
646,5,0.28375286
646,6,0.40045767
646,7,0.06636156
646,8,0.39816934
647,0,0.28375286
647,2,0.29977117
647,3,0.27002288
647,4,0.23340961
647,5,0.34782609
647,6,0.36384439
647,7,0.0
647,8,0.51258581
648,0,0.27002288
648,1,0.26315789
648,2,0.26544622
648,3,0.28146453
648,5,0.33409611
648,6,0.37070938
648,7,0.14187643
648,8,0.37299771
649,0,0.27231121
649,1,0.27459954
649,2,0.28832952
649,5,0.33638444
649,6,0.46224256
649,7,0.16704805
650,0,0.30434783
650,1,0.27459954
650,2,0.28604119
650,3,0.29748284
650,4,0.28146453
650,5,0.32723112
650,7,0.11899314
650,8,0.40732265
651,0,0.30434783
651,1,0.27688787
651,2,0.29290618
651,4,0.27002288
651,5,0.35240275
651,6,0.46681922
651,7,0.18535469
651,8,0.41418764
652,1,0.27688787
652,2,0.26315789
652,3,0.28146453
652,4,0.22425629
652,6,0.36842105
652,7,0.201373
652,8,0.37528604
653,0,0.2791762
653,1,0.26544622
653,2,0.25858124
653,3,0.31121281
653,6,0.34324943
653,7,0.20594966
653,8,0.45080092
654,0,0.29519451
654,1,0.28375286
654,2,0.28832952
654,3,0.31121281
654,4,0.2402746
654,5,0.33180778
654,6,0.35469108
654,7,0.02517162
654,8,0.3180778
655,0,0.26773455
655,1,0.27231121
655,2,0.2791762
655,3,0.3020595
655,5,0.3180778
655,6,0.42562929
655,8,0.38443936
656,0,0.26773455
656,1,0.26773455
656,2,0.27231121
656,4,0.18764302
656,5,0.32036613
656,6,0.37528604
656,7,0.08009153
656,8,0.44622426
657,0,0.28375286
657,1,0.27002288
657,2,0.28604119
657,3,0.32723112
657,4,0.24942792
657,5,0.33180778
657,6,0.36384439
657,8,0.39588101
658,0,0.28375286
658,1,0.27002288
658,2,0.29061785
658,3,0.29061785
658,5,0.33180778
658,6,0.3409611
658,7,0.15102975
658,8,0.37299771
659,0,0.29290618
659,1,0.26773455
659,2,0.28375286
659,3,0.29977117
659,4,0.24256293
659,5,0.30892449
659,6,0.34324943
659,8,0.43020595
660,0,0.28146453
660,1,0.26773455
660,2,0.29061785
660,3,0.31121281
660,7,0.20594966
660,8,0.44851259
661,0,0.25629291
661,1,0.26086957
661,2,0.28146453
661,5,0.30663616
661,6,0.402746
661,7,0.201373
661,8,0.41647597
662,1,0.26544622
662,2,0.27002288
662,3,0.26315789
662,6,0.31350114
662,8,0.37528604
663,0,0.28604119
663,1,0.25858124
663,2,0.29061785
663,3,0.24942792
663,5,0.32723112
663,6,0.4416476
663,7,0.19908467
663,8,0.42791762
664,0,0.26315789
664,2,0.27002288
664,5,0.32951945
664,6,0.35240275
664,7,0.1395881
664,8,0.38901602
665,0,0.27688787
665,1,0.26315789
665,2,0.29061785
665,3,0.3180778
665,4,0.2791762
665,5,0.31350114
665,6,0.38215103
665,7,0.15102975
665,8,0.44622426
666,0,0.28146453
666,1,0.26315789
666,2,0.29519451
666,4,0.25629291
666,5,0.29061785
666,6,0.31121281
666,7,0.12128146
666,8,0.47826087
667,0,0.31350114
667,1,0.28375286
667,2,0.29748284
667,3,0.33180778
667,6,0.40045767
667,8,0.30434783
668,0,0.29748284
668,1,0.24942792
668,2,0.25171625
668,3,0.33867277
668,5,0.29977117
668,6,0.35240275
668,7,0.20823799
668,8,0.40045767
669,0,0.29519451
669,2,0.28146453
669,3,0.32265446
669,4,0.29290618
669,5,0.3409611
669,6,0.39588101
669,8,0.3409611
670,0,0.28832952
670,1,0.28604119
670,3,0.33867277
670,4,0.23798627
670,6,0.48283753
670,7,0.11899314
671,0,0.27459954
671,1,0.26086957
671,2,0.28146453
671,3,0.29290618
671,4,0.26773455
671,5,0.3409611
671,6,0.38672769
671,8,0.51258581
672,1,0.25858124
672,2,0.28146453
672,3,0.31578947
672,4,0.23340961
672,5,0.29977117
672,6,0.34324943
672,7,0.23112128
672,8,0.39130435
673,0,0.29061785
673,1,0.27688787
673,2,0.28375286
673,3,0.34782609
673,6,0.35011442
673,7,0.18764302
674,0,0.27002288
674,1,0.27231121
674,3,0.25400458
674,4,0.26315789
674,5,0.30663616
674,6,0.41647597
674,7,0.1624714
674,8,0.43935927
675,0,0.29977117
675,1,0.26544622
675,2,0.28832952
675,3,0.3180778
675,4,0.20594966
675,5,0.31121281
675,6,0.46224256
675,7,0.12585812
675,8,0.40961098
676,0,0.2791762
676,1,0.27231121
676,2,0.28604119
676,4,0.25171625
676,5,0.34324943
676,6,0.402746
676,7,0.07551487
676,8,0.37299771
677,1,0.28375286
677,2,0.3020595
677,3,0.37528604
677,4,0.21052632
677,5,0.33638444
677,6,0.44622426
677,8,0.38672769
678,0,0.29748284
678,1,0.28604119
678,2,0.29290618
678,3,0.32723112
678,4,0.25171625
678,5,0.31578947
678,6,0.43707094
678,7,0.1395881
678,8,0.49656751
679,0,0.3020595
679,1,0.2791762
679,2,0.29290618
679,3,0.36155606
679,6,0.48512586
679,7,0.16475973
679,8,0.47139588
680,0,0.29519451
680,1,0.27231121
680,2,0.3020595
680,4,0.27002288
680,6,0.28832952
680,7,0.02059497
680,8,0.51258581
681,0,0.28832952
681,1,0.27002288
681,3,0.29519451
681,4,0.23340961
681,5,0.32951945
681,6,0.42791762
681,7,0.15789474
681,8,0.41418764
682,0,0.27688787
682,1,0.27688787
682,2,0.29061785
682,5,0.3180778
682,6,0.44851259
682,7,0.2402746
682,8,0.43020595
683,0,0.28375286
683,1,0.28146453
683,2,0.29061785
683,3,0.32036613
683,5,0.30892449
683,6,0.32494279
683,7,0.22196796
683,8,0.41189931
684,0,0.26773455
684,1,0.26544622
684,2,0.29290618
684,3,0.31121281
684,5,0.30434783
684,6,0.33867277
684,7,0.13729977
684,8,0.40045767
685,0,0.29977117
685,1,0.28375286
685,2,0.29519451
685,3,0.27231121
685,6,0.35469108
685,8,0.3798627
686,0,0.29748284
686,3,0.29061785
686,5,0.36155606
686,6,0.35697941
686,7,0.18306636
686,8,0.42334096
687,0,0.29290618
687,1,0.28146453
687,2,0.28146453
687,3,0.29290618
687,4,0.22654462
687,6,0.37070938
687,7,0.14187643
687,8,0.38443936
688,0,0.31578947
688,1,0.28832952
688,2,0.29061785
688,3,0.34324943
688,4,0.28604119
688,5,0.34324943
688,6,0.4187643
688,7,0.19908467
688,8,0.44851259
689,0,0.29519451
689,1,0.28832952
689,2,0.28832952
689,3,0.34324943
689,4,0.25858124
689,5,0.33638444
689,6,0.45308924
689,7,0.29290618
690,0,0.29748284
690,1,0.27688787
690,2,0.28832952
690,3,0.32723112
690,4,0.24485126
690,5,0.32494279
690,6,0.46224256
690,7,0.24942792
690,8,0.43020595
691,0,0.28832952
691,2,0.31350114
691,3,0.35011442
691,4,0.27002288
691,5,0.34782609
691,6,0.36155606
691,7,0.22883295
691,8,0.44622426
692,0,0.28146453
692,1,0.28604119
692,2,0.28146453
692,3,0.31121281
692,4,0.32723112
692,5,0.33180778
692,6,0.34782609
692,7,0.14416476
692,8,0.49427918
693,1,0.28375286
693,2,0.3020595
693,3,0.35469108
693,5,0.34553776
693,6,0.48283753
693,8,0.43020595
694,0,0.30663616
694,1,0.29519451
694,2,0.29519451
694,3,0.32951945
694,4,0.29748284
694,5,0.3409611
694,6,0.44622426
694,7,0.24256293
694,8,0.46681922
695,0,0.3020595
695,1,0.29519451
695,2,0.29290618
695,3,0.32494279
695,4,0.29290618
695,5,0.35011442
695,6,0.40732265
695,8,0.5194508
696,0,0.29519451
696,1,0.29519451
696,2,0.28604119
696,3,0.32265446
696,4,0.2791762
696,5,0.33867277
696,6,0.43478261
696,8,0.48970252
697,1,0.2791762
697,2,0.28832952
697,3,0.33409611
697,4,0.26086957
697,5,0.31121281
697,6,0.39588101
697,7,0.06407323
698,0,0.3020595
698,1,0.29290618
698,2,0.30434783
698,3,0.32494279
698,4,0.20594966
698,5,0.33409611
698,6,0.44393593
698,7,0.1784897
698,8,0.48970252
699,0,0.2791762
699,1,0.29748284
699,2,0.30434783
699,3,0.35011442
699,4,0.24713959
699,5,0.3020595
699,6,0.38672769
699,7,0.22883295
699,8,0.41647597
700,0,0.29061785
700,1,0.2791762
700,2,0.29977117
700,3,0.29977117
700,4,0.24942792
700,5,0.37299771
700,6,0.42105263
700,7,0.23798627
700,8,0.43935927
701,1,0.29290618
701,2,0.29748284
701,4,0.22425629
701,5,0.36384439
701,6,0.32951945
701,7,0.24485126
701,8,0.3798627
702,0,0.30663616
702,1,0.28604119
702,2,0.30892449
702,4,0.23112128
702,5,0.32265446
702,6,0.36613272
702,7,0.20823799
702,8,0.45080092
703,0,0.29748284
703,1,0.29290618
703,4,0.20594966
703,6,0.36155606
703,7,0.17162471
703,8,0.43707094
704,0,0.29748284
704,1,0.28604119
704,2,0.29519451
704,3,0.29519451
704,4,0.25858124
704,5,0.32723112
704,6,0.3798627
704,7,0.21967963
704,8,0.42562929
705,0,0.30663616
705,1,0.29290618
705,2,0.31121281
705,5,0.33638444
705,6,0.36384439
705,7,0.13501144
705,8,0.48741419
706,0,0.29519451
706,1,0.28604119
706,2,0.29748284
706,3,0.3409611
706,4,0.28604119
706,5,0.36384439
706,6,0.37528604
706,7,0.13043478
706,8,0.37299771
707,0,0.30892449
707,1,0.30434783
707,2,0.31350114
707,3,0.34324943
707,4,0.31578947
707,5,0.33180778
707,6,0.33867277
707,7,0.21281465
707,8,0.52402746
708,0,0.29977117
708,1,0.2791762
708,2,0.29519451
708,4,0.27002288
708,6,0.43249428
709,0,0.32265446
709,1,0.3180778
709,2,0.32494279
709,3,0.33638444
709,4,0.25858124
709,6,0.42334096
709,7,0.22196796
709,8,0.49199085
710,0,0.31350114
710,1,0.29290618
710,2,0.29519451
710,6,0.32036613
710,7,0.07551487
710,8,0.43707094
711,0,0.3020595
711,1,0.31121281
711,2,0.30434783
711,3,0.35697941
711,4,0.22196796
711,5,0.35011442
711,6,0.36842105
711,8,0.43249428
712,1,0.30434783
712,2,0.30434783
712,3,0.32036613
712,4,0.22425629
712,5,0.34324943
712,6,0.43478261
712,8,0.45995423
713,0,0.28832952
713,1,0.31350114
713,2,0.3180778
713,3,0.33867277
713,5,0.36842105
713,6,0.39130435
713,8,0.51487414
714,0,0.32265446
714,1,0.29977117
714,3,0.37299771
714,4,0.24256293
714,5,0.35011442
714,6,0.3798627
714,7,0.23340961
715,0,0.31350114
715,1,0.31121281
715,2,0.33180778
715,5,0.32723112
715,6,0.42562929
715,8,0.45537757
716,0,0.30434783
716,1,0.29748284
716,3,0.37757437
716,4,0.25629291
716,5,0.35011442
716,6,0.4416476
716,8,0.45308924
717,0,0.32265446
717,1,0.30434783
717,2,0.30892449
717,3,0.3798627
717,4,0.27688787
717,5,0.33867277
717,6,0.3409611
717,8,0.44851259
718,0,0.30663616
718,2,0.30892449
718,3,0.33409611
718,4,0.25171625
718,6,0.45308924
718,7,0.25629291
718,8,0.52631579
719,0,0.32723112
719,1,0.31121281
719,2,0.31350114
719,4,0.29290618
719,5,0.35697941
719,7,0.201373
719,8,0.43020595
720,0,0.32494279
720,1,0.32036613
720,3,0.37528604
720,4,0.2791762
720,5,0.38672769
720,6,0.38215103
720,7,0.37299771
720,8,0.45080092
721,1,0.29061785
721,2,0.29977117
721,3,0.31350114
721,4,0.27459954
721,5,0.31578947
721,6,0.41418764
721,7,0.15102975
721,8,0.50572082
722,0,0.31578947
722,1,0.29977117
722,2,0.30892449
722,3,0.3180778
722,4,0.30892449
722,5,0.33638444
722,6,0.41647597
722,7,0.17620137
722,8,0.44851259
723,0,0.30892449
723,1,0.31578947
723,2,0.33409611
723,3,0.29977117
723,4,0.26086957
723,5,0.35469108
723,6,0.40503432
723,8,0.50800915
724,1,0.30434783
724,2,0.31350114
724,3,0.38901602
724,4,0.29977117
724,5,0.35469108
724,6,0.37299771
724,7,0.18764302
724,8,0.41189931
725,1,0.3180778
725,2,0.32723112
725,3,0.32951945
725,4,0.28832952
725,5,0.37528604
725,6,0.41418764
725,7,0.20823799
725,8,0.44393593
726,0,0.33638444
726,1,0.31121281
726,2,0.30892449
726,3,0.35011442
726,4,0.28146453
726,5,0.36155606
726,6,0.52631579
726,8,0.52402746
727,0,0.32951945
727,1,0.3180778
727,4,0.3180778
727,5,0.37528604
727,6,0.35697941
727,7,0.19450801
727,8,0.42791762
728,0,0.31578947
728,1,0.31121281
728,2,0.3180778
728,3,0.32951945
728,5,0.35011442
728,6,0.52631579
728,7,0.11670481
728,8,0.44622426
729,0,0.32265446
729,4,0.31121281
729,5,0.36613272
729,6,0.41418764
729,8,0.46453089
730,0,0.30663616
730,1,0.31578947
730,2,0.32723112
730,3,0.37299771
730,4,0.27002288
730,5,0.38215103
730,6,0.43935927
730,7,0.18306636
730,8,0.41418764
731,0,0.32494279
731,1,0.31350114
731,2,0.33867277
731,3,0.3409611
731,4,0.28375286
731,6,0.36842105
731,7,0.20594966
731,8,0.43478261
732,1,0.32265446
732,2,0.33180778
732,3,0.33180778
732,4,0.30663616
732,6,0.39816934
732,7,0.30892449
732,8,0.46910755
733,0,0.30663616
733,1,0.30892449
733,2,0.29977117
733,3,0.35697941
733,4,0.2791762
733,5,0.34553776
733,6,0.39816934
733,7,0.36155606
733,8,0.45308924
734,0,0.32265446
734,1,0.32494279
734,3,0.33409611
734,4,0.32265446
734,6,0.38901602
734,8,0.52860412
735,0,0.3180778
735,1,0.32951945
735,2,0.32036613
735,3,0.34553776
735,4,0.31121281
735,5,0.39130435
735,7,0.32036613
735,8,0.53775744
736,0,0.34782609
736,1,0.33867277
736,2,0.33638444
736,3,0.31578947
736,5,0.37757437
736,6,0.43249428
736,7,0.17391304
736,8,0.42791762
737,0,0.33409611
737,1,0.33409611
737,2,0.34782609
737,4,0.35926773
737,5,0.40045767
737,6,0.42791762
737,8,0.47826087
738,0,0.36384439
738,1,0.34782609
738,3,0.34324943
738,4,0.27231121
738,5,0.38443936
738,7,0.19221968
738,8,0.51029748
739,0,0.33638444
739,1,0.32723112
739,2,0.35011442
739,3,0.37757437
739,5,0.39130435
739,6,0.5583524
739,7,0.22425629
740,0,0.30663616
740,1,0.32036613
740,2,0.32951945
740,3,0.30892449
740,5,0.36613272
740,6,0.36842105
740,7,0.3409611
740,8,0.52631579
741,0,0.3180778
741,1,0.31578947
741,2,0.34324943
741,3,0.32494279
741,4,0.29519451
741,6,0.44622426
741,8,0.49656751
742,0,0.35011442
742,1,0.3180778
742,2,0.33409611
742,3,0.36613272
742,4,0.2791762
742,5,0.37528604
742,7,0.2173913
742,8,0.48283753
743,0,0.33867277
743,1,0.32951945
743,2,0.35240275
743,3,0.35926773
743,4,0.32494279
743,6,0.46453089
743,8,0.50572082
744,0,0.33867277
744,1,0.34782609
744,2,0.33409611
744,3,0.42105263
744,4,0.27002288
744,5,0.39130435
744,6,0.39359268
744,7,0.14645309
744,8,0.51029748
745,1,0.33867277
745,2,0.33180778
745,4,0.31578947
745,5,0.38901602
745,6,0.48741419
745,7,0.19679634
745,8,0.42791762
746,0,0.34782609
746,1,0.3409611
746,3,0.4187643
746,4,0.29748284
746,5,0.36384439
746,7,0.29061785
746,8,0.48741419
747,0,0.34553776
747,1,0.32265446
747,2,0.32723112
747,3,0.35011442
747,4,0.28832952
747,6,0.42791762
747,7,0.28146453
747,8,0.54004577
748,0,0.35697941
748,1,0.33409611
748,2,0.34324943
748,3,0.38672769
748,5,0.40961098
748,7,0.22196796
748,8,0.46681922
749,0,0.35469108
749,1,0.33409611
749,2,0.3409611
749,3,0.38672769
749,4,0.26773455
749,5,0.34553776
749,7,0.2791762
749,8,0.47826087
750,0,0.33867277
750,1,0.33867277
750,3,0.35926773
750,4,0.29977117
750,5,0.37299771
750,6,0.31121281
750,7,0.08009153
750,8,0.46453089
751,1,0.32265446
751,2,0.34553776
751,4,0.33867277
751,5,0.38215103
751,7,0.2402746
751,8,0.36842105
752,0,0.32951945
752,1,0.33180778
752,2,0.34782609
752,3,0.3409611
752,5,0.39359268
752,6,0.49427918
752,7,0.29748284
752,8,0.47826087
753,0,0.35697941
753,1,0.35469108
753,2,0.35469108
753,3,0.39130435
753,6,0.40732265
753,7,0.19679634
753,8,0.50800915
754,1,0.34553776
754,2,0.34782609
754,5,0.4187643
754,6,0.39816934
754,7,0.18306636
754,8,0.4576659
755,0,0.37757437
755,1,0.35240275
755,2,0.36384439
755,4,0.3409611
755,5,0.38215103
755,7,0.1395881
755,8,0.45308924
756,0,0.35011442
756,2,0.37528604
756,3,0.38672769
756,8,0.45308924
757,0,0.35011442
757,1,0.35240275
757,2,0.35926773
757,3,0.3798627
757,4,0.34553776
757,6,0.51029748
757,7,0.36155606
757,8,0.52860412
758,0,0.35926773
758,1,0.34782609
758,2,0.35240275
758,3,0.39359268
758,4,0.36842105
758,5,0.38672769
758,6,0.44393593
758,7,0.19679634
758,8,0.57665904
759,0,0.36613272
759,1,0.36613272
759,3,0.3798627
759,6,0.52860412
759,7,0.27459954
759,8,0.56292906
760,0,0.35926773
760,1,0.35697941
760,2,0.37528604
760,3,0.36155606
760,5,0.36155606
760,6,0.53775744
760,7,0.29290618
760,8,0.43020595
761,0,0.35697941
761,2,0.35697941
761,3,0.39816934
761,4,0.3409611
761,5,0.40732265
761,6,0.43707094
761,8,0.53775744
762,0,0.3798627
762,1,0.3798627
762,3,0.42105263
762,4,0.33638444
762,6,0.53775744
762,7,0.3798627
762,8,0.48512586
763,0,0.35469108
763,1,0.35469108
763,2,0.35926773
763,3,0.36842105
763,4,0.34782609
763,5,0.41189931
763,6,0.43249428
763,7,0.24713959
764,0,0.38672769
764,1,0.35697941
764,3,0.42791762
764,4,0.32951945
764,5,0.44622426
764,6,0.61327231
764,7,0.23112128
764,8,0.48283753
765,1,0.35469108
765,2,0.35697941
765,3,0.35469108
765,4,0.3180778
765,5,0.40732265
765,6,0.43478261
765,7,0.27002288
765,8,0.47597254
766,0,0.38215103
766,3,0.38672769
766,4,0.29748284
766,5,0.43020595
766,6,0.54004577
766,7,0.35240275
766,8,0.53546911
767,0,0.36384439
767,1,0.38443936
767,2,0.38672769
767,3,0.40732265
767,6,0.5423341
767,7,0.26544622
767,8,0.56064073
768,0,0.35926773
768,1,0.37299771
768,2,0.37528604
768,3,0.38443936
768,4,0.36384439
768,5,0.42105263
768,6,0.49656751
768,8,0.49656751
769,1,0.38443936
769,2,0.39588101
769,3,0.40503432
769,4,0.34553776
769,6,0.45995423
769,7,0.21510297
769,8,0.51716247
770,0,0.36384439
770,1,0.37757437
770,2,0.40732265
770,3,0.45308924
770,4,0.35469108
770,5,0.41418764
770,6,0.48283753
770,7,0.16704805
770,8,0.53546911
771,0,0.36613272
771,1,0.37070938
771,2,0.35469108
771,3,0.38443936
771,4,0.31350114
771,5,0.38901602
771,6,0.36155606
771,7,0.18306636
772,0,0.38215103
772,1,0.37299771
772,2,0.39130435
772,3,0.46910755
772,4,0.36384439
772,5,0.43020595
772,6,0.50572082
772,8,0.5423341
773,0,0.37070938
773,1,0.3798627
773,2,0.38443936
773,4,0.33409611
773,5,0.40045767
773,6,0.51716247
773,7,0.33867277
773,8,0.57437071
774,0,0.37528604
774,1,0.39130435
774,2,0.38443936
774,3,0.42562929
774,5,0.45080092
774,6,0.50343249
774,7,0.25629291
774,8,0.45995423
775,0,0.36155606
775,1,0.35926773
775,2,0.36842105
775,3,0.40503432
775,5,0.41189931
775,6,0.31350114
775,7,0.22425629
775,8,0.50572082
776,1,0.38443936
776,2,0.37299771
776,3,0.42105263
776,4,0.34324943
776,5,0.44393593
776,6,0.41647597
776,7,0.22425629
776,8,0.46453089
777,1,0.37528604
777,3,0.47139588
777,4,0.37757437
777,6,0.45080092
777,8,0.51487414
778,0,0.38901602
778,1,0.38901602
778,2,0.40503432
778,3,0.39359268
778,5,0.4187643
778,6,0.51487414
778,8,0.51029748
779,0,0.39359268
779,1,0.37757437
779,2,0.402746
779,3,0.39816934
779,4,0.38443936
779,5,0.43935927
779,7,0.29290618
779,8,0.52402746
780,0,0.38443936
780,1,0.38901602
780,2,0.39359268
780,3,0.40503432
780,4,0.35926773
780,5,0.43707094
780,6,0.5194508
780,7,0.26773455
780,8,0.48741419
781,0,0.38443936
781,1,0.37070938
781,2,0.39816934
781,6,0.48283753
781,7,0.25629291
781,8,0.44851259
782,0,0.39130435
782,1,0.3798627
782,2,0.38443936
782,3,0.42791762
782,4,0.31578947
782,5,0.43707094
782,6,0.5423341
782,7,0.38215103
782,8,0.43249428
783,0,0.39588101
783,1,0.39359268
783,2,0.38901602
783,3,0.38901602
783,4,0.45080092
783,5,0.43249428
783,6,0.45080092
783,7,0.39816934
783,8,0.52631579
784,0,0.4187643
784,1,0.40045767
784,2,0.38215103
784,3,0.43020595
784,4,0.41647597
784,5,0.44851259
784,6,0.54462243
784,7,0.18306636
785,0,0.42105263
785,1,0.39359268
785,2,0.402746
785,3,0.47368421
785,4,0.39359268
785,5,0.43020595
785,6,0.5423341
785,7,0.32036613
785,8,0.5194508
786,2,0.40961098
786,4,0.35240275
786,5,0.42562929
786,6,0.53775744
786,7,0.24485126
787,0,0.38901602
787,4,0.36842105
787,5,0.46910755
787,6,0.50343249
787,7,0.2791762
787,8,0.50572082
788,0,0.41189931
788,1,0.38443936
788,3,0.43478261
788,4,0.35469108
788,5,0.4576659
788,6,0.61784897
788,7,0.31578947
788,8,0.59496568
789,0,0.402746
789,1,0.38443936
789,2,0.39588101
789,3,0.41647597
789,6,0.53089245
789,7,0.27002288
790,2,0.41189931
790,3,0.42562929
790,4,0.41189931
790,5,0.45080092
790,6,0.46224256
790,7,0.3180778
791,0,0.39588101
791,1,0.40045767
791,5,0.4805492
791,6,0.53318078
791,7,0.34782609
791,8,0.50343249
792,0,0.42105263
792,3,0.46224256
792,5,0.44622426
792,6,0.56292906
792,8,0.60869565
793,0,0.4187643
793,2,0.39130435
793,3,0.41189931
793,4,0.37757437
793,5,0.46681922
793,6,0.47826087
793,7,0.31350114
794,0,0.39130435
794,2,0.41418764
794,3,0.47597254
794,4,0.35011442
794,5,0.44851259
794,6,0.57665904
794,7,0.25171625
795,0,0.40961098
795,1,0.4187643
795,2,0.42562929
795,4,0.37528604
795,5,0.44393593
795,6,0.55148741
795,7,0.27002288
795,8,0.62700229
796,0,0.42562929
796,2,0.42334096
796,3,0.48970252
796,4,0.41418764
796,5,0.48970252
796,6,0.39130435
797,1,0.42105263
797,2,0.40732265
797,3,0.4576659
797,5,0.4805492
797,6,0.54919908
797,7,0.21510297
797,8,0.46453089
798,0,0.42105263
798,1,0.41189931
798,2,0.42334096
798,3,0.44851259
798,4,0.43020595
798,6,0.50572082
798,7,0.25171625
799,0,0.42562929
799,1,0.42562929
799,2,0.41189931
799,3,0.47368421
799,4,0.43020595
799,5,0.45995423
799,6,0.56064073
799,7,0.44622426
799,8,0.55606407
800,0,0.43249428
800,1,0.42334096
800,2,0.42562929
800,4,0.41647597
800,5,0.48283753
800,6,0.59267735
800,8,0.5423341
801,0,0.42334096
801,1,0.40961098
801,2,0.42562929
801,3,0.47368421
801,5,0.45308924
801,6,0.54004577
801,7,0.25858124
801,8,0.4187643
802,0,0.40961098
802,1,0.40732265
802,2,0.42791762
802,3,0.43707094
802,5,0.48283753
802,6,0.63157895
802,8,0.49199085
803,1,0.41418764
803,2,0.41647597
803,3,0.4416476
803,4,0.38443936
803,5,0.42105263
803,6,0.52173913
803,7,0.23340961
803,8,0.59038902
804,0,0.43707094
804,1,0.41647597
804,3,0.42334096
804,5,0.44851259
804,6,0.56979405
804,7,0.33867277
804,8,0.64988558
805,0,0.4416476
805,1,0.42791762
805,2,0.43020595
805,3,0.46681922
805,4,0.30663616
805,5,0.48741419
805,6,0.58352403
805,7,0.31121281
805,8,0.60183066
806,0,0.43020595
806,1,0.42791762
806,2,0.42105263
806,3,0.47826087
806,4,0.40961098
806,5,0.46910755
806,7,0.31121281
806,8,0.5812357
807,0,0.42791762
807,1,0.41418764
807,2,0.4416476
807,4,0.39816934
807,6,0.53318078
807,7,0.4187643
807,8,0.56064073
808,0,0.42562929
808,2,0.44393593
808,3,0.4416476
808,4,0.41418764
808,5,0.48741419
808,6,0.597254
808,7,0.37299771
808,8,0.65217391
809,0,0.43478261
809,1,0.42334096
809,2,0.4416476
809,3,0.44851259
809,5,0.44622426
809,6,0.50572082
809,7,0.28604119
809,8,0.66132723
810,0,0.4416476
810,1,0.43478261
810,2,0.43478261
810,3,0.43478261
810,5,0.51029748
810,6,0.52173913
810,7,0.29977117
810,8,0.5423341
811,0,0.43478261
811,1,0.43935927
811,2,0.43249428
811,3,0.44622426
811,4,0.40503432
811,5,0.49885584
811,6,0.47139588
811,8,0.47826087
812,0,0.46453089
812,2,0.44622426
812,3,0.49199085
812,4,0.38215103
812,5,0.48741419
812,6,0.57437071
812,7,0.30892449
812,8,0.48741419
813,0,0.43935927
813,1,0.44393593
813,2,0.45308924
813,3,0.4576659
813,4,0.42791762
813,5,0.47826087
813,6,0.57208238
813,7,0.39588101
814,0,0.4576659
814,2,0.44622426
814,3,0.47368421
814,4,0.43707094
814,5,0.51029748
814,6,0.62929062
814,7,0.32265446
814,8,0.64530892
815,0,0.42334096
815,1,0.43478261
815,2,0.44393593
815,3,0.42791762
815,4,0.42105263
815,5,0.51258581
815,6,0.59038902
815,7,0.20594966
815,8,0.56521739
816,0,0.44851259
816,1,0.4416476
816,2,0.44851259
816,3,0.48283753
816,4,0.44393593
816,6,0.5423341
816,7,0.33867277
816,8,0.59038902
817,0,0.45308924
817,1,0.45080092
817,2,0.43935927
817,3,0.48283753
817,4,0.43935927
817,5,0.51258581
817,6,0.49656751
817,7,0.24256293
817,8,0.50572082
818,0,0.45308924
818,1,0.45308924
818,2,0.44851259
818,5,0.53318078
818,6,0.58581236
818,7,0.49427918
819,0,0.45537757
819,1,0.44393593
819,2,0.45080092
819,4,0.41647597
819,5,0.48283753
819,7,0.28604119
819,8,0.5583524
820,0,0.44851259
820,1,0.4416476
820,2,0.45308924
820,3,0.46453089
820,4,0.41647597
820,6,0.62471396
820,7,0.33180778
820,8,0.56979405
821,0,0.47368421
821,1,0.45308924
821,2,0.4576659
821,3,0.48970252
821,4,0.43478261
821,5,0.49199085
821,6,0.61784897
821,8,0.60640732
822,0,0.46910755
822,1,0.46910755
822,2,0.48283753
822,4,0.44393593
822,5,0.49199085
822,6,0.64530892
822,7,0.38215103
822,8,0.58810069
823,0,0.43707094
823,1,0.4576659
823,2,0.4576659
823,3,0.48970252
823,4,0.45080092
823,5,0.50572082
823,6,0.55377574
823,7,0.32951945
823,8,0.5423341
824,1,0.44622426
824,2,0.4576659
824,3,0.46910755
824,4,0.44393593
824,5,0.50114416
824,6,0.54004577
824,7,0.32951945
824,8,0.55377574
825,0,0.49199085
825,1,0.44851259
825,2,0.4805492
825,3,0.46910755
825,4,0.49656751
825,6,0.54004577
825,7,0.39359268
825,8,0.66132723
826,0,0.48970252
826,1,0.46453089
826,2,0.48512586
826,3,0.54691076
826,4,0.50343249
826,5,0.51258581
826,6,0.5812357
826,8,0.61784897
827,0,0.44622426
827,1,0.46224256
827,2,0.46453089
827,5,0.51716247
827,6,0.56750572
827,7,0.45995423
827,8,0.62242563
828,0,0.47139588
828,1,0.46224256
828,2,0.45995423
828,4,0.43478261
828,5,0.52860412
828,6,0.58581236
828,7,0.40961098
828,8,0.55606407
829,0,0.46224256
829,1,0.46224256
829,2,0.45308924
829,3,0.48283753
829,4,0.32951945
829,5,0.4805492
829,6,0.56979405
829,7,0.45995423
830,0,0.46453089
830,1,0.45308924
830,2,0.4576659
830,3,0.48970252
830,4,0.46224256
830,6,0.56292906
830,7,0.28146453
830,8,0.45995423
831,0,0.46910755
831,1,0.45080092
831,2,0.46224256
831,3,0.5194508
831,4,0.4187643
831,5,0.49656751
831,6,0.53089245
831,7,0.3798627
831,8,0.57437071
832,0,0.46453089
832,1,0.46453089
832,2,0.47139588
832,4,0.41189931
832,5,0.52402746
832,6,0.63157895
832,7,0.37070938
832,8,0.56064073
833,0,0.46224256
833,1,0.4576659
833,2,0.46910755
833,4,0.42791762
833,5,0.50343249
833,6,0.58352403
833,7,0.38672769
833,8,0.6201373
834,0,0.46910755
834,1,0.48512586
834,2,0.48512586
834,3,0.58810069
834,4,0.43249428
834,5,0.50343249
834,6,0.57665904
835,0,0.46910755
835,1,0.47826087
835,5,0.54004577
835,6,0.54691076
835,7,0.46681922
835,8,0.76430206
836,0,0.48283753
836,1,0.4805492
836,2,0.48741419
836,4,0.47597254
836,5,0.50800915
836,7,0.36842105
836,8,0.65675057
837,0,0.47368421
837,1,0.46453089
837,2,0.47826087
837,3,0.47597254
837,4,0.40045767
837,5,0.51029748
837,6,0.50800915
837,7,0.3409611
838,0,0.48283753
838,1,0.48283753
838,2,0.50343249
838,4,0.43020595
838,6,0.67505721
838,7,0.4187643
838,8,0.74828375
839,1,0.47597254
839,2,0.48970252
839,3,0.52402746
839,4,0.46224256
839,6,0.62471396
839,7,0.25400458
839,8,0.64302059
840,0,0.49427918
840,1,0.48741419
840,3,0.50114416
840,4,0.47139588
840,5,0.53318078
840,6,0.50343249
840,8,0.59038902
841,0,0.51029748
841,2,0.49656751
841,3,0.51029748
841,4,0.47826087
841,5,0.52402746
841,6,0.64759725
841,7,0.37070938
841,8,0.64302059
842,0,0.47597254
842,1,0.47826087
842,2,0.4805492
842,3,0.49656751
842,5,0.53775744
842,6,0.64530892
842,7,0.36613272
842,8,0.6979405
843,0,0.49885584
843,1,0.48283753
843,2,0.49199085
843,3,0.49885584
843,5,0.52631579
843,6,0.61098398
843,7,0.32494279
843,8,0.71167048
844,0,0.50114416
844,2,0.48970252
844,4,0.4416476
844,5,0.56292906
844,6,0.69565217
844,7,0.45995423
845,0,0.50572082
845,1,0.50572082
845,2,0.49656751
845,4,0.43935927
845,6,0.62242563
845,7,0.3180778
845,8,0.60640732
846,0,0.50114416
846,1,0.49199085
846,2,0.50800915
846,3,0.52860412
846,4,0.45308924
846,5,0.53775744
846,6,0.52860412
846,7,0.38215103
847,0,0.52402746
847,1,0.51487414
847,2,0.51716247
847,4,0.48970252
847,5,0.56979405
847,6,0.64759725
847,7,0.42791762
847,8,0.66132723
848,0,0.50114416
848,1,0.48512586
848,2,0.48741419
848,3,0.49199085
848,4,0.50572082
848,5,0.55148741
848,6,0.6201373
848,7,0.48283753
849,0,0.48512586
849,1,0.49427918
849,2,0.51716247
849,3,0.55148741
849,4,0.40961098
849,5,0.52860412
849,6,0.57437071
849,7,0.39130435
850,0,0.51029748
850,2,0.50572082
850,3,0.53089245
850,5,0.50343249
850,6,0.64302059
850,7,0.4576659
850,8,0.56750572
851,0,0.51258581
851,1,0.49656751
851,2,0.49199085
851,4,0.46453089
851,7,0.4416476
852,0,0.49427918
852,1,0.48283753
852,2,0.50114416
852,3,0.5423341
852,4,0.43478261
852,5,0.55148741
852,6,0.51716247
852,8,0.67276888
853,0,0.51716247
853,1,0.52402746
853,2,0.52173913
853,3,0.53546911
853,4,0.43935927
853,5,0.56064073
853,6,0.68421053
853,7,0.4187643
853,8,0.7208238
854,1,0.52173913
854,2,0.53775744
854,3,0.5423341
854,4,0.51487414
854,5,0.57208238
854,6,0.5812357
854,7,0.33867277
854,8,0.65446224
855,2,0.50114416
855,3,0.54462243
855,4,0.49199085
855,5,0.54691076
855,6,0.56292906
855,7,0.3020595
855,8,0.61098398
856,0,0.51716247
856,1,0.49885584
856,2,0.5194508
856,3,0.51258581
856,4,0.48970252
856,5,0.5423341
856,6,0.61098398
856,7,0.40961098
856,8,0.6590389
857,0,0.51716247
857,1,0.50572082
857,2,0.53546911
857,3,0.54004577
857,4,0.51258581
857,7,0.37528604
858,0,0.52631579
858,1,0.51029748
858,3,0.52402746
858,4,0.46910755
858,5,0.59267735
858,6,0.64759725
858,7,0.46910755
858,8,0.66590389
859,0,0.55148741
859,1,0.51716247
859,2,0.5194508
859,3,0.53318078
859,5,0.53775744
859,6,0.64302059
859,7,0.46681922
859,8,0.66132723
860,0,0.51258581
860,1,0.51716247
860,2,0.52173913
860,3,0.50343249
860,4,0.47826087
860,6,0.59038902
860,7,0.402746
860,8,0.66361556
861,0,0.49656751
861,1,0.50800915
861,2,0.50572082
861,5,0.56750572
861,6,0.59267735
861,7,0.32494279
861,8,0.63615561
862,0,0.53775744
862,1,0.53089245
862,2,0.53546911
862,5,0.56521739
862,6,0.5812357
862,7,0.46224256
862,8,0.71395881
863,1,0.5423341
863,3,0.59954233
863,4,0.56750572
863,5,0.57437071
863,6,0.63615561
863,7,0.36155606
863,8,0.70480549
864,0,0.53089245
864,1,0.52173913
864,2,0.52631579
864,3,0.53775744
864,4,0.48512586
864,5,0.5583524
864,6,0.69565217
864,7,0.36384439
865,0,0.52402746
865,1,0.51258581
865,2,0.53546911
865,3,0.58352403
865,4,0.51487414
865,5,0.55377574
865,6,0.63615561
865,7,0.35240275
865,8,0.61556064
866,0,0.54919908
866,1,0.53546911
866,2,0.54462243
866,3,0.58810069
866,4,0.50114416
866,5,0.58581236
866,6,0.69336384
866,7,0.41647597
867,0,0.5194508
867,1,0.54004577
867,2,0.53089245
867,3,0.53546911
867,5,0.60183066
867,6,0.72768879
867,7,0.50800915
867,8,0.62242563
868,0,0.54691076
868,1,0.55377574
868,2,0.52402746
868,3,0.54462243
868,4,0.45537757
868,5,0.58810069
868,6,0.61556064
869,0,0.5423341
869,1,0.53546911
869,2,0.55148741
869,4,0.46224256
869,5,0.59267735
869,6,0.64988558
869,7,0.4416476
869,8,0.67048055
870,0,0.55606407
870,1,0.53089245
870,2,0.5423341
870,4,0.48970252
870,5,0.56064073
870,6,0.77116705
870,7,0.39816934
870,8,0.70251716
871,0,0.55606407
871,2,0.53775744
871,3,0.62242563
871,4,0.53089245
871,6,0.72768879
871,7,0.32265446
871,8,0.67276888
872,0,0.52402746
872,1,0.51029748
872,2,0.53089245
872,3,0.60183066
872,4,0.52173913
872,5,0.58352403
872,6,0.54691076
872,7,0.46224256
872,8,0.63615561
873,0,0.53089245
873,1,0.53546911
873,5,0.61784897
873,6,0.67048055
873,7,0.37757437
873,8,0.6819222
874,0,0.55377574
874,1,0.53318078
874,2,0.54691076
874,3,0.57437071
874,4,0.53775744
874,5,0.57894737
874,6,0.65446224
874,7,0.44393593
874,8,0.66132723
875,0,0.55377574
875,1,0.56521739
875,2,0.57437071
875,3,0.59496568
875,4,0.49885584
875,5,0.59267735
875,6,0.71624714
875,7,0.42791762
876,0,0.54462243
876,1,0.53318078
876,2,0.54919908
876,3,0.56064073
876,5,0.57437071
876,6,0.61098398
876,7,0.49427918
876,8,0.71853547
877,1,0.53318078
877,2,0.54919908
877,3,0.59038902
877,4,0.56292906
877,5,0.58352403
877,6,0.61327231
877,7,0.43249428
877,8,0.70022883
878,0,0.55148741
878,1,0.54004577
878,2,0.54919908
878,3,0.56521739
878,4,0.49199085
878,6,0.62242563
878,7,0.43935927
878,8,0.67048055
879,0,0.54004577
879,2,0.56292906
879,3,0.54462243
879,5,0.55148741
879,6,0.63844394
879,7,0.48741419
879,8,0.70480549
880,0,0.57208238
880,1,0.55148741
880,2,0.58810069
880,4,0.54691076
880,6,0.72768879
880,7,0.60869565
881,0,0.54462243
881,1,0.55148741
881,2,0.55377574
881,3,0.55148741
881,4,0.5194508
881,5,0.60183066
881,6,0.59496568
881,8,0.74599542
882,0,0.54919908
882,1,0.53318078
882,2,0.55606407
882,3,0.58581236
882,4,0.51716247
882,5,0.5812357
882,6,0.62929062
882,7,0.50800915
882,8,0.66132723
883,0,0.58352403
883,1,0.56064073
883,2,0.56521739
883,3,0.56979405
883,5,0.57894737
883,6,0.57437071
883,7,0.45308924
883,8,0.71853547
884,2,0.57894737
884,3,0.59496568
884,4,0.56979405
884,5,0.6201373
884,6,0.73226545
884,7,0.4576659
884,8,0.69565217
885,0,0.56064073
885,1,0.55377574
885,2,0.59496568
885,5,0.597254
885,6,0.75743707
885,7,0.43249428
885,8,0.72768879
886,0,0.57665904
886,1,0.5583524
886,2,0.57437071
886,3,0.57437071
886,4,0.51716247
886,5,0.60411899
886,6,0.6590389
886,7,0.39588101
886,8,0.67048055
887,0,0.56064073
887,1,0.56750572
887,2,0.56750572
887,3,0.57437071
887,4,0.49427918
887,5,0.63157895
887,6,0.65675057
887,7,0.4187643
887,8,0.70251716
888,0,0.56750572
888,1,0.56750572
888,2,0.57437071
888,3,0.6201373
888,4,0.54004577
888,5,0.58810069
888,6,0.70709382
888,8,0.75514874
889,0,0.58581236
889,1,0.56521739
889,2,0.5583524
889,3,0.61327231
889,5,0.59038902
889,6,0.77116705
889,7,0.41647597
889,8,0.66590389
890,0,0.5812357
890,1,0.56979405
890,2,0.58581236
890,3,0.60640732
890,4,0.53318078
890,5,0.62242563
890,6,0.70938215
890,8,0.64759725
891,0,0.58352403
891,1,0.56979405
891,2,0.57894737
891,3,0.62700229
891,4,0.63615561
891,5,0.63844394
891,7,0.51258581
891,8,0.64988558
892,0,0.59267735
892,1,0.57894737
892,2,0.58810069
892,4,0.56750572
892,5,0.59496568
892,6,0.65217391
892,8,0.66132723
893,0,0.57894737
893,1,0.56750572
893,2,0.57894737
893,3,0.62471396
893,4,0.54004577
893,5,0.63157895
893,6,0.60183066
893,7,0.402746
893,8,0.74370709
894,0,0.57894737
894,1,0.58352403
894,2,0.58581236
894,3,0.64988558
894,5,0.63844394
894,6,0.63386728
894,7,0.56979405
894,8,0.65446224
895,0,0.57208238
895,2,0.5812357
895,3,0.60183066
895,4,0.52173913
895,5,0.58581236
895,6,0.6979405
895,7,0.52860412
895,8,0.70251716
896,0,0.56979405
896,1,0.55377574
896,6,0.65217391
896,7,0.47368421
896,8,0.74141876
897,0,0.61784897
897,1,0.57208238
897,2,0.59496568
897,3,0.60411899
897,4,0.49885584
897,5,0.63844394
897,6,0.70480549
897,7,0.47597254
897,8,0.73455378
898,0,0.60640732
898,1,0.5812357
898,2,0.59038902
898,3,0.59267735
898,4,0.53089245
898,6,0.67048055
898,7,0.44622426
898,8,0.70709382
899,0,0.56521739
899,1,0.57665904
899,2,0.60183066
899,3,0.59954233
899,5,0.63615561
899,6,0.62929062
899,7,0.48970252
899,8,0.7208238
900,1,0.58352403
900,2,0.59496568
900,3,0.64073227
900,4,0.56064073
900,5,0.62471396
900,6,0.63157895
900,8,0.72768879
901,0,0.56979405
901,2,0.57665904
901,4,0.59267735
901,5,0.64988558
901,6,0.78489703
901,7,0.55377574
901,8,0.70938215
902,1,0.57437071
902,3,0.64988558
902,4,0.58810069
902,5,0.65217391
902,7,0.43478261
902,8,0.71395881
903,0,0.60640732
903,1,0.58581236
903,2,0.60183066
903,3,0.65217391
903,4,0.57437071
903,5,0.64302059
903,6,0.76201373
903,7,0.38672769
903,8,0.83524027
904,0,0.60183066
904,1,0.58810069
904,2,0.59038902
904,3,0.58352403
904,4,0.55377574
904,5,0.62700229
904,6,0.80320366
904,7,0.53546911
904,8,0.76430206
905,0,0.60183066
905,1,0.58810069
905,2,0.57665904
905,4,0.56979405
905,5,0.61784897
905,6,0.73684211
905,7,0.51029748
905,8,0.84210526
906,0,0.58352403
906,1,0.57665904
906,2,0.60411899
906,3,0.64073227
906,4,0.54004577
906,5,0.62700229
906,7,0.402746
906,8,0.6979405
907,0,0.60183066
907,1,0.59267735
907,2,0.61098398
907,3,0.59038902
907,4,0.61784897
907,5,0.65446224
907,6,0.68878719
907,7,0.44393593
907,8,0.73226545
908,0,0.60869565
908,1,0.60183066
908,2,0.61098398
908,3,0.65446224
908,4,0.56750572
908,5,0.63844394
908,7,0.43707094
908,8,0.67505721
909,0,0.61784897
909,1,0.60640732
909,2,0.6201373
909,3,0.63615561
909,4,0.5812357
909,5,0.61784897
909,6,0.80091533
909,7,0.4576659
909,8,0.71167048
910,0,0.57437071
910,1,0.59267735
910,2,0.59038902
910,3,0.64530892
910,5,0.66361556
910,6,0.70938215
910,7,0.47139588
910,8,0.81922197
911,1,0.61327231
911,2,0.60411899
911,3,0.60411899
911,4,0.51258581
911,5,0.64988558
911,6,0.72768879
911,7,0.4805492
911,8,0.71395881
912,0,0.60411899
912,1,0.59038902
912,2,0.61784897
912,4,0.56979405
912,5,0.64073227
912,7,0.45537757
912,8,0.82837529
913,0,0.60869565
913,1,0.597254
913,2,0.61098398
913,4,0.60869565
913,5,0.67505721
913,6,0.72540046
913,7,0.4576659
913,8,0.69336384
914,0,0.61098398
914,1,0.60640732
914,2,0.58810069
914,3,0.66361556
914,5,0.67734554
914,6,0.54919908
914,7,0.48512586
914,8,0.69336384
915,0,0.64530892
915,1,0.59954233
915,2,0.61327231
915,3,0.60869565
915,4,0.55148741
915,6,0.81464531
915,7,0.51487414
915,8,0.72997712
916,0,0.6201373
916,1,0.60640732
916,2,0.61556064
916,3,0.62929062
916,4,0.56292906
916,5,0.60640732
916,6,0.75286041
916,8,0.74599542
917,0,0.61098398
917,1,0.60183066
917,3,0.6201373
917,4,0.60411899
917,5,0.66361556
917,6,0.74370709
917,7,0.48512586
917,8,0.78947368
918,0,0.62242563
918,1,0.60183066
918,2,0.61556064
918,3,0.60183066
918,4,0.53775744
918,5,0.62700229
918,6,0.71853547
918,7,0.58352403
918,8,0.76430206
919,0,0.62242563
919,2,0.62700229
919,3,0.64988558
919,4,0.61327231
919,5,0.66819222
919,6,0.73684211
919,7,0.54462243
919,8,0.72997712
920,0,0.62929062
920,2,0.63386728
920,4,0.57894737
920,5,0.66819222
920,6,0.70022883
920,7,0.40732265
921,0,0.61784897
921,1,0.61556064
921,2,0.61556064
921,3,0.6819222
921,5,0.66361556
921,6,0.75743707
921,7,0.54004577
921,8,0.73913043
922,0,0.64530892
922,1,0.6201373
922,2,0.63386728
922,3,0.71167048
922,4,0.57894737
922,5,0.65217391
922,6,0.65675057
923,1,0.61556064
923,2,0.60640732
923,3,0.64988558
923,6,0.73684211
923,7,0.55148741
923,8,0.73455378
924,0,0.61784897
924,1,0.61556064
924,2,0.63844394
924,3,0.68649886
924,6,0.77345538
925,0,0.6201373
925,1,0.59954233
925,2,0.62242563
925,3,0.64988558
925,4,0.55148741
925,5,0.6201373
925,6,0.71167048
925,7,0.47597254
925,8,0.70480549
926,0,0.61098398
926,2,0.61327231
926,4,0.59954233
926,6,0.75286041
926,8,0.71395881
927,0,0.63615561
927,2,0.61784897
927,3,0.67048055
927,4,0.66590389
927,5,0.66361556
927,6,0.68421053
927,7,0.42105263
927,8,0.81006865
928,0,0.62929062
928,2,0.63615561
928,3,0.66132723
928,4,0.62929062
928,5,0.68878719
928,6,0.69336384
928,7,0.53318078
928,8,0.68878719
929,0,0.62471396
929,1,0.60411899
929,3,0.66361556
929,4,0.57437071
929,5,0.68878719
929,6,0.75286041
929,7,0.52173913
929,8,0.8375286
930,0,0.62471396
930,2,0.62471396
930,3,0.67048055
930,4,0.62700229
930,5,0.64759725
930,6,0.77574371
930,7,0.44393593
930,8,0.74599542
931,0,0.65675057
931,1,0.63386728
931,2,0.65446224
931,4,0.60640732
931,5,0.70709382
931,6,0.64759725
931,7,0.43935927
931,8,0.74370709
932,0,0.63615561
932,1,0.62471396
932,2,0.62242563
932,3,0.64073227
932,5,0.65446224
932,6,0.76430206
932,8,0.79176201
933,0,0.60640732
933,1,0.61784897
933,4,0.62700229
933,5,0.66819222
933,6,0.70022883
933,7,0.50800915
933,8,0.8215103
934,0,0.64073227
934,1,0.63157895
934,2,0.63386728
934,3,0.66819222
934,4,0.63157895
934,6,0.73913043
934,7,0.51716247
934,8,0.82379863
935,2,0.63157895
935,3,0.66361556
935,4,0.52173913
935,5,0.66819222
935,7,0.49885584
935,8,0.79176201
936,0,0.62471396
936,1,0.62700229
936,2,0.64530892
936,3,0.6819222
936,4,0.57437071
936,5,0.67734554
936,6,0.66590389
936,7,0.5194508
936,8,0.81464531
937,1,0.63386728
937,2,0.64759725
937,3,0.65217391
937,4,0.64073227
937,5,0.70480549
937,6,0.70709382
937,7,0.46224256
937,8,0.70022883
938,0,0.62929062
938,1,0.63844394
938,2,0.64530892
938,3,0.67276888
938,4,0.61556064
938,5,0.66361556
938,6,0.81006865
938,7,0.50800915
939,0,0.63844394
939,1,0.63844394
939,2,0.64073227
939,3,0.71395881
939,4,0.57894737
939,5,0.66819222
939,6,0.75286041
939,7,0.56979405
939,8,0.74828375
940,0,0.63386728
940,1,0.61784897
940,2,0.64988558
940,3,0.69336384
940,4,0.58810069
940,5,0.6819222
940,6,0.72540046
940,7,0.50572082
940,8,0.72768879
941,0,0.67963387
941,1,0.64759725
941,2,0.64759725
941,5,0.73684211
941,6,0.75514874
941,7,0.43020595
941,8,0.84210526
942,0,0.65675057
942,1,0.65217391
942,2,0.66590389
942,5,0.67734554
942,6,0.78947368
942,7,0.51258581
942,8,0.76659039
943,0,0.63386728
943,1,0.63844394
943,2,0.65217391
943,3,0.70938215
943,4,0.56521739
943,6,0.7826087
943,7,0.46681922
943,8,0.81922197
944,0,0.65675057
944,1,0.66132723
944,2,0.66361556
944,3,0.69336384
944,4,0.62929062
944,7,0.57437071
944,8,0.8215103
945,0,0.65675057
945,1,0.65675057
945,2,0.67048055
945,3,0.6819222
945,6,0.75057208
945,7,0.5583524
945,8,0.73684211
946,1,0.63615561
946,2,0.63615561
946,4,0.67048055
946,5,0.7208238
946,6,0.81464531
946,8,0.74828375
947,0,0.67276888
947,1,0.64530892
947,2,0.64988558
947,4,0.64073227
947,6,0.81464531
947,7,0.42791762
947,8,0.84210526
948,1,0.64302059
948,2,0.64759725
948,3,0.70709382
948,4,0.68421053
948,5,0.73226545
948,6,0.78947368
948,8,0.75286041
949,0,0.64073227
949,1,0.65217391
949,2,0.67048055
949,3,0.72311213
949,4,0.64988558
949,6,0.77116705
949,7,0.60411899
949,8,0.79633867
950,0,0.63615561
950,1,0.65217391
950,2,0.67505721
950,3,0.64073227
950,6,0.80320366
950,7,0.47368421
950,8,0.75286041
951,1,0.65675057
951,2,0.67963387
951,3,0.66132723
951,5,0.70022883
951,6,0.78947368
951,7,0.66132723
951,8,0.78032037
952,1,0.63844394
952,2,0.66590389
952,3,0.71167048
952,5,0.68878719
952,6,0.82379863
952,7,0.5423341
952,8,0.7826087
953,0,0.69336384
953,1,0.66590389
953,2,0.67276888
953,4,0.66819222
953,5,0.70022883
953,6,0.83295195
953,7,0.47826087
953,8,0.76887872
954,0,0.66819222
954,1,0.66590389
954,2,0.66132723
954,3,0.68649886
954,4,0.68421053
954,5,0.70251716
954,6,0.71395881
954,7,0.47597254
954,8,0.75057208
955,0,0.66132723
955,1,0.66819222
955,2,0.6590389
955,4,0.64988558
955,5,0.68649886
955,6,0.7208238
955,8,0.81693364
956,0,0.67505721
956,1,0.66819222
956,3,0.6819222
956,4,0.63157895
956,5,0.70709382
956,6,0.73684211
956,7,0.58352403
956,8,0.76201373
957,0,0.64073227
957,1,0.66132723
957,3,0.67048055
957,5,0.73913043
957,8,0.76659039
958,0,0.67276888
958,1,0.67048055
958,2,0.69336384
958,3,0.68878719
958,4,0.66819222
958,5,0.70251716
958,6,0.8375286
958,8,0.76201373
959,0,0.67505721
959,1,0.66819222
959,2,0.67963387
959,3,0.67048055
959,4,0.67963387
959,5,0.70938215
959,6,0.69107551
959,7,0.53775744
959,8,0.80091533
960,0,0.68421053
960,1,0.66132723
960,2,0.67276888
960,3,0.75286041
960,4,0.62929062
960,5,0.68421053
960,6,0.80778032
960,7,0.56064073
960,8,0.85125858
961,0,0.66819222
961,1,0.67505721
961,2,0.69565217
961,3,0.70938215
961,4,0.62929062
961,5,0.72768879
961,6,0.81006865
961,7,0.68421053
961,8,0.88329519
962,0,0.67505721
962,1,0.66132723
962,2,0.66819222
962,3,0.70251716
962,5,0.7208238
962,6,0.85125858
962,7,0.5194508
962,8,0.77345538
963,1,0.66819222
963,2,0.68421053
963,3,0.7208238
963,5,0.7208238
963,6,0.798627
963,7,0.57437071
963,8,0.91075515
964,0,0.66361556
964,1,0.66819222
964,2,0.67505721
964,3,0.72540046
964,5,0.71167048
964,6,0.70709382
964,7,0.66361556
964,8,0.76201373
965,0,0.68878719
965,1,0.6819222
965,2,0.69336384
965,3,0.73684211
965,4,0.65675057
965,5,0.7208238
965,6,0.74141876
965,7,0.597254
965,8,0.86727689
966,0,0.66132723
966,1,0.65675057
966,2,0.67505721
966,3,0.72768879
966,4,0.66361556
966,6,0.71395881
966,7,0.45537757
966,8,0.77116705
967,0,0.68649886
967,1,0.69107551
967,2,0.67963387
967,3,0.70480549
967,4,0.67963387
967,6,0.76887872
967,8,0.7826087
968,0,0.66819222
968,1,0.67505721
968,2,0.6819222
968,3,0.70251716
968,4,0.60869565
968,5,0.72997712
968,6,0.77803204
968,7,0.60640732
968,8,0.77803204
969,1,0.6590389
969,2,0.6819222
969,3,0.71853547
969,4,0.69107551
969,5,0.71167048
969,6,0.71395881
969,7,0.48283753
969,8,0.80091533
970,0,0.68878719
970,1,0.66590389
970,2,0.68421053
970,3,0.70022883
970,4,0.63157895
970,5,0.72997712
970,7,0.67048055
970,8,0.84210526
971,0,0.68649886
971,1,0.67048055
971,2,0.68649886
971,3,0.70709382
971,4,0.63844394
971,5,0.72311213
971,6,0.87185355
971,7,0.51487414
971,8,0.84210526
972,0,0.68649886
972,1,0.67963387
972,2,0.6819222
972,3,0.72768879
972,4,0.63157895
972,5,0.75057208
972,6,0.72311213
972,7,0.78489703
972,8,0.77803204
973,1,0.67505721
973,2,0.6819222
973,3,0.72768879
973,4,0.72311213
973,5,0.73455378
973,6,0.86727689
973,7,0.67276888
973,8,0.76659039
974,0,0.6819222
974,1,0.67276888
974,2,0.67963387
974,3,0.67048055
974,5,0.72768879
974,6,0.8604119
974,7,0.5194508
974,8,0.77345538
975,0,0.65675057
975,1,0.65217391
975,2,0.6819222
975,3,0.7208238
975,4,0.64759725
975,5,0.74370709
975,7,0.56750572
975,8,0.80091533
976,0,0.6819222
976,1,0.67505721
976,3,0.70938215
976,4,0.62929062
976,5,0.73455378
976,6,0.84668192
976,7,0.62929062
976,8,0.80778032
977,2,0.67505721
977,4,0.66361556
977,5,0.73684211
977,6,0.74141876
977,7,0.61784897
977,8,0.76201373
978,0,0.67734554
978,1,0.67048055
978,2,0.68649886
978,3,0.72540046
978,4,0.66819222
978,5,0.72997712
978,6,0.80778032
978,7,0.60183066
978,8,0.82379863
979,0,0.72540046
979,1,0.69336384
979,2,0.70709382
979,4,0.6590389
979,5,0.70251716
979,6,0.73226545
979,7,0.67505721
979,8,0.93135011
980,0,0.68421053
980,1,0.68421053
980,2,0.70480549
980,3,0.74370709
980,4,0.68878719
980,6,0.85812357
980,7,0.5812357
980,8,0.80549199
981,0,0.71167048
981,1,0.70022883
981,2,0.70022883
981,3,0.76201373
981,4,0.64073227
981,5,0.7597254
981,6,0.80091533
981,7,0.56292906
981,8,0.80778032
982,0,0.6979405
982,1,0.66590389
982,2,0.67963387
982,3,0.74828375
982,4,0.64073227
982,6,0.77345538
982,8,0.84439359
983,0,0.6979405
983,1,0.69565217
983,2,0.69565217
983,4,0.60640732
983,6,0.73455378
983,8,0.80091533
984,0,0.71624714
984,1,0.68649886
984,2,0.69336384
984,6,0.66361556
984,7,0.56292906
984,8,0.85812357
985,0,0.69336384
985,2,0.68649886
985,4,0.6201373
985,7,0.64073227
985,8,0.78718535
986,1,0.70709382
986,2,0.70709382
986,3,0.76887872
986,4,0.72540046
986,5,0.75057208
986,6,0.75743707
986,7,0.62471396
986,8,0.92448513
987,0,0.70938215
987,1,0.6979405
987,2,0.6979405
987,3,0.76659039
987,4,0.71624714
987,5,0.74370709
987,7,0.61556064
987,8,0.85354691
988,0,0.6979405
988,1,0.6979405
988,2,0.6819222
988,3,0.73455378
988,4,0.66819222
988,5,0.74370709
988,6,0.87185355
988,7,0.64530892
988,8,0.80091533
989,0,0.71395881
989,1,0.69107551
989,2,0.69565217
989,3,0.72997712
989,4,0.71395881
989,6,0.78718535
989,7,0.45080092
990,0,0.71395881
990,1,0.68878719
990,2,0.70709382
990,3,0.75286041
990,4,0.66590389
990,5,0.73684211
990,6,0.80320366
990,7,0.61556064
990,8,0.80778032
991,0,0.67963387
991,1,0.69107551
991,2,0.67734554
991,3,0.73455378
991,5,0.73226545
991,7,0.59496568
991,8,0.79633867
992,0,0.68649886
992,1,0.69336384
992,2,0.70251716
992,3,0.72311213
992,4,0.66132723
992,5,0.72997712
992,6,0.84897025
992,7,0.70709382
992,8,0.89702517
993,0,0.69565217
993,1,0.69336384
993,2,0.71853547
993,3,0.73684211
993,4,0.66819222
993,5,0.76201373
993,6,0.91075515
993,7,0.48512586
993,8,0.77345538
994,1,0.6979405
994,2,0.70938215
994,3,0.72540046
994,5,0.73684211
994,6,0.88329519
994,7,0.69565217
994,8,0.798627
995,0,0.69336384
995,1,0.68878719
995,2,0.7208238
995,3,0.71395881
995,5,0.73684211
995,6,0.75743707
995,7,0.59954233
995,8,0.81006865
996,0,0.71624714
996,1,0.71624714
996,2,0.72311213
996,3,0.77803204
996,4,0.6819222
996,5,0.74141876
996,6,0.71624714
996,7,0.64302059
996,8,0.84897025
997,0,0.72540046
997,1,0.70022883
997,2,0.72311213
997,3,0.74141876
997,5,0.75743707
997,7,0.71853547
997,8,0.83066362
998,1,0.69565217
998,2,0.6979405
998,4,0.66590389
998,5,0.74828375
998,6,0.94736842
998,7,0.63386728
998,8,0.76887872
999,0,0.70709382
999,1,0.70480549
999,2,0.70938215
999,3,0.78947368
999,6,0.95194508
999,7,0.63157895
999,8,0.82608696
1000,0,0.71853547
1000,1,0.70022883
1000,2,0.69565217
1000,4,0.71853547
1000,5,0.76659039
1000,6,0.83981693
1000,8,0.84668192
1001,0,0.71624714
1001,1,0.70251716
1001,2,0.72997712
1001,3,0.70938215
1001,4,0.68878719
1001,6,0.75286041
1001,7,0.62471396
1001,8,0.81922197
1002,0,0.7208238
1002,1,0.71395881
1002,2,0.72768879
1002,3,0.72768879
1002,6,0.87643021
1002,7,0.56979405
1002,8,0.87414188
1003,1,0.70480549
1003,2,0.70480549
1003,3,0.73684211
1003,4,0.69336384
1003,5,0.72997712
1003,6,0.81006865
1003,7,0.597254
1003,8,0.88100686
1004,0,0.69107551
1004,1,0.70938215
1004,2,0.71624714
1004,3,0.77116705
1004,4,0.71167048
1004,5,0.72768879
1004,6,0.81922197
1004,7,0.56064073
1005,0,0.70709382
1005,1,0.70938215
1005,3,0.75286041
1005,4,0.69336384
1005,5,0.76659039
1005,6,0.87643021
1005,8,0.84439359
1006,0,0.7208238
1006,2,0.71395881
1006,3,0.75514874
1006,5,0.78718535
1006,6,0.84897025
1006,7,0.60869565
1006,8,0.86270023
1007,0,0.73226545
1007,1,0.70938215
1007,2,0.72311213
1007,3,0.72311213
1007,4,0.6590389
1007,5,0.74141876
1007,6,0.7597254
1007,7,0.45080092
1007,8,0.75286041
1008,0,0.71624714
1008,1,0.72311213
1008,2,0.73455378
1008,5,0.79176201
1008,6,0.81235698
1008,7,0.64302059
1008,8,0.83524027
1009,0,0.68878719
1009,1,0.70251716
1009,2,0.6979405
1009,3,0.71395881
1009,4,0.64302059
1009,6,0.85812357
1009,7,0.59496568
1009,8,0.89016018
1010,0,0.73226545
1010,1,0.71853547
1010,3,0.76201373
1010,4,0.69565217
1010,5,0.77116705
1010,6,0.86270023
1010,7,0.59496568
1010,8,0.8375286
1011,0,0.70938215
1011,2,0.72311213
1011,3,0.71624714
1011,4,0.6819222
1011,5,0.7597254
1011,6,0.84210526
1011,7,0.62471396
1011,8,0.81693364
1012,0,0.71853547
1012,2,0.72997712
1012,3,0.74828375
1012,4,0.70251716
1012,5,0.76430206
1012,7,0.52402746
1012,8,0.96796339
1013,0,0.70480549
1013,1,0.71395881
1013,2,0.71624714
1013,3,0.75286041
1013,4,0.67963387
1013,5,0.72768879
1013,6,0.87643021
1013,7,0.73684211
1014,0,0.72768879
1014,2,0.73684211
1014,3,0.73684211
1014,4,0.76887872
1014,5,0.78947368
1014,6,0.81922197
1014,7,0.61556064
1014,8,0.94508009
1015,0,0.71395881
1015,1,0.70709382
1015,2,0.7208238
1015,4,0.65217391
1015,5,0.74599542
1015,6,0.83981693
1015,7,0.60183066
1015,8,0.87414188
1016,0,0.68878719
1016,1,0.71853547
1016,2,0.71624714
1016,3,0.78032037
1016,4,0.62700229
1016,5,0.74141876
1016,6,0.63157895
1016,7,0.54004577
1016,8,0.8993135
1017,0,0.72768879
1017,1,0.6979405
1017,2,0.71624714
1017,3,0.77345538
1017,6,0.80091533
1017,7,0.61098398
1017,8,0.74828375
1018,0,0.73226545
1018,1,0.72311213
1018,2,0.72997712
1018,3,0.71167048
1018,4,0.69565217
1018,5,0.77803204
1018,6,0.87185355
1018,7,0.70480549
1018,8,0.81464531
1019,0,0.73226545
1019,1,0.71395881
1019,2,0.72997712
1019,3,0.73226545
1019,4,0.6819222
1019,5,0.72997712
1019,6,0.81235698
1019,7,0.68649886
1019,8,0.83524027
1020,0,0.71167048
1020,1,0.71624714
1020,2,0.72997712
1020,3,0.70251716
1020,5,0.73913043
1020,6,0.80778032
1020,7,0.67505721
1020,8,0.84668192
1021,0,0.71624714
1021,1,0.6979405
1021,2,0.70938215
1021,3,0.72997712
1021,4,0.69565217
1021,5,0.7597254
1021,6,0.76887872
1021,7,0.64759725
1021,8,0.82837529
1022,0,0.72311213
1022,1,0.71167048
1022,2,0.7208238
1022,3,0.76887872
1022,4,0.70709382
1022,7,0.59038902
1022,8,0.73913043
1023,0,0.74370709
1023,1,0.72311213
1023,2,0.74828375
1023,3,0.75743707
1023,5,0.78489703
1023,6,0.90389016
1023,7,0.53089245
1023,8,0.88787185
1024,0,0.74370709
1024,2,0.73684211
1024,3,0.77574371
1024,4,0.73913043
1024,5,0.78489703
1024,6,0.87643021
1024,8,0.89244851
1025,1,0.71624714
1025,2,0.73455378
1025,3,0.7208238
1025,4,0.65446224
1025,5,0.76201373
1025,6,0.88329519
1025,7,0.60640732
1025,8,0.93363844
1026,0,0.71624714
1026,1,0.71624714
1026,2,0.74370709
1026,3,0.77345538
1026,4,0.67734554
1026,5,0.81235698
1026,6,0.73455378
1026,7,0.60183066
1026,8,0.8215103
1027,0,0.72540046
1027,2,0.73684211
1027,3,0.74370709
1027,4,0.70480549
1027,5,0.76201373
1027,6,0.82608696
1027,7,0.69107551
1027,8,0.81922197
1028,0,0.73455378
1028,2,0.73226545
1028,4,0.71853547
1028,5,0.76659039
1028,6,0.82379863
1028,7,0.64302059
1028,8,0.73913043
1029,0,0.73455378
1029,1,0.71853547
1029,3,0.74828375
1029,4,0.74599542
1029,5,0.74599542
1029,7,0.7208238
1029,8,0.8375286
1030,0,0.73226545
1030,1,0.71853547
1030,2,0.7208238
1030,3,0.75286041
1030,4,0.71853547
1030,5,0.76659039
1030,6,0.81693364
1030,7,0.6979405
1030,8,0.89702517
1031,0,0.72311213
1031,1,0.70938215
1031,2,0.69336384
1031,3,0.71624714
1031,5,0.76659039
1031,6,0.78947368
1031,7,0.57665904
1031,8,0.81922197
1032,0,0.72997712
1032,1,0.71395881
1032,2,0.72997712
1032,4,0.69565217
1032,7,0.49885584
1032,8,0.9610984
1033,0,0.74828375
1033,1,0.71853547
1033,2,0.72997712
1033,3,0.73455378
1033,5,0.79405034
1033,6,0.8215103
1033,7,0.71853547
1033,8,0.85354691
1034,0,0.72768879
1034,1,0.72997712
1034,2,0.72997712
1034,3,0.77574371
1034,4,0.66819222
1034,5,0.73913043
1034,6,0.88329519
1034,7,0.70938215
1034,8,0.86270023
1035,0,0.72768879
1035,1,0.72768879
1035,2,0.73913043
1035,4,0.69107551
1035,5,0.77574371
1035,6,0.73913043
1035,7,0.53775744
1035,8,0.80778032
1036,0,0.73684211
1036,1,0.72311213
1036,3,0.75743707
1036,4,0.67048055
1036,5,0.76887872
1036,6,0.93135011
1036,7,0.71624714
1036,8,0.86498856
1037,0,0.72540046
1037,1,0.70938215
1037,2,0.71853547
1037,3,0.77116705
1037,4,0.70480549
1037,5,0.77116705
1037,6,0.85583524
1037,8,0.7597254
1038,0,0.72540046
1038,1,0.72311213
1038,2,0.71624714
1038,3,0.76659039
1038,7,0.64988558
1038,8,0.89473684
1039,0,0.72997712
1039,1,0.73684211
1039,2,0.72997712
1039,4,0.71167048
1039,5,0.77803204
1039,6,0.84439359
1039,8,0.90160183
1040,0,0.74370709
1040,1,0.74370709
1040,2,0.74828375
1040,3,0.77345538
1040,5,0.79176201
1040,6,0.90160183
1040,7,0.64530892
1040,8,0.93592677
1041,0,0.73226545
1041,1,0.71853547
1041,3,0.71624714
1041,4,0.6590389
1041,7,0.72997712
1041,8,0.81235698
1042,0,0.73913043
1042,1,0.72768879
1042,2,0.75514874
1042,3,0.7597254
1042,4,0.69336384
1042,6,0.76430206
1042,7,0.7208238
1042,8,0.87643021
1043,0,0.73226545
1043,1,0.72311213
1043,2,0.73226545
1043,3,0.7597254
1043,4,0.7208238
1043,5,0.75514874
1043,6,0.80091533
1043,7,0.66590389
1043,8,0.88787185
1044,0,0.74828375
1044,1,0.72540046
1044,2,0.73455378
1044,3,0.80320366
1044,5,0.798627
1044,6,0.83295195
1044,7,0.65446224
1044,8,0.88100686
1045,0,0.74828375
1045,2,0.74828375
1045,3,0.7826087
1045,4,0.71395881
1045,5,0.79633867
1045,6,0.92448513
1045,7,0.67048055
1045,8,0.83066362
1046,0,0.73684211
1046,1,0.73455378
1046,2,0.72997712
1046,3,0.80091533
1046,4,0.71853547
1046,5,0.75286041
1046,6,0.84210526
1046,7,0.59954233
1046,8,0.75743707
1047,0,0.72997712
1047,1,0.71395881
1047,2,0.72540046
1047,3,0.76430206
1047,4,0.6979405
1047,5,0.74141876
1047,6,0.85583524
1047,7,0.60869565
1047,8,0.86956522
1048,1,0.73913043
1048,2,0.73684211
1048,3,0.75514874
1048,5,0.76430206
1048,6,0.81693364
1048,7,0.57208238
1048,8,0.86727689
1049,0,0.72997712
1049,1,0.74599542
1049,2,0.75057208
1049,4,0.75286041
1049,6,0.87871854
1049,7,0.61098398
1049,8,0.84668192
1050,0,0.73226545
1050,1,0.72311213
1050,2,0.72997712
1050,4,0.70251716
1050,5,0.78032037
1050,6,0.93363844
1050,7,0.59496568
1050,8,0.89473684
1051,0,0.75514874
1051,1,0.72997712
1051,2,0.73913043
1051,3,0.76659039
1051,4,0.69107551
1051,5,0.75286041
1051,6,0.90160183
1051,7,0.58352403
1051,8,0.86498856
1052,0,0.73226545
1052,1,0.71853547
1052,2,0.72997712
1052,4,0.67734554
1052,6,0.83981693
1052,7,0.63615561
1052,8,0.80778032
1053,0,0.72311213
1053,2,0.74141876
1053,3,0.76887872
1053,4,0.70938215
1053,5,0.76887872
1053,6,0.88100686
1053,7,0.60411899
1053,8,0.77803204
1054,2,0.75057208
1054,3,0.73684211
1054,4,0.62929062
1054,5,0.77803204
1054,6,0.87185355
1054,8,0.81006865
1055,0,0.7208238
1055,1,0.70251716
1055,2,0.7208238
1055,4,0.69107551
1055,6,0.86727689
1055,7,0.65446224
1055,8,0.97025172
1056,0,0.71853547
1056,1,0.72768879
1056,2,0.72997712
1056,3,0.75286041
1056,4,0.69336384
1056,5,0.77116705
1056,6,0.90617849
1056,7,0.51258581
1056,8,0.89702517
1057,0,0.73226545
1057,1,0.73226545
1057,2,0.74370709
1057,4,0.67048055
1057,5,0.78718535
1057,6,0.91304348
1057,7,0.62471396
1057,8,0.88100686
1058,0,0.73226545
1058,1,0.72540046
1058,2,0.74599542
1058,3,0.76201373
1058,5,0.75743707
1058,7,0.63844394
1058,8,0.8604119
1059,0,0.71395881
1059,1,0.72540046
1059,2,0.72768879
1059,3,0.79633867
1059,4,0.67276888
1059,5,0.7826087
1059,7,0.60183066
1059,8,0.85125858
1060,1,0.72997712
1060,2,0.71395881
1060,3,0.71853547
1060,4,0.72768879
1060,5,0.76659039
1060,6,0.83981693
1060,7,0.61784897
1060,8,0.92448513
1061,0,0.71395881
1061,1,0.71395881
1061,3,0.77116705
1061,4,0.68649886
1061,6,0.85812357
1061,7,0.49656751
1061,8,0.82379863
1062,0,0.75057208
1062,1,0.73455378
1062,3,0.74828375
1062,4,0.71167048
1062,5,0.77574371
1062,6,0.82837529
1062,8,0.8993135
1063,0,0.70938215
1063,1,0.70938215
1063,2,0.73455378
1063,3,0.71853547
1063,4,0.69565217
1063,5,0.76659039
1063,6,0.77803204
1063,7,0.63615561
1063,8,0.8375286
1064,0,0.74599542
1064,2,0.73913043
1064,3,0.78718535
1064,4,0.70022883
1064,5,0.77345538
1064,6,0.82379863
1064,7,0.66590389
1064,8,0.95194508
1065,0,0.72997712
1065,1,0.72540046
1065,2,0.71167048
1065,3,0.77116705
1065,4,0.72768879
1065,5,0.76659039
1065,6,0.83066362
1065,8,0.89016018
1066,0,0.73455378
1066,1,0.71395881
1066,2,0.7208238
1066,3,0.7826087
1066,5,0.75057208
1066,6,0.73913043
1066,7,0.64988558
1066,8,0.91304348
1067,0,0.73226545
1067,2,0.75743707
1067,3,0.78718535
1067,5,0.77574371
1067,7,0.70480549
1067,8,0.84668192
1068,0,0.73913043
1068,2,0.74370709
1068,3,0.80549199
1068,4,0.70022883
1068,5,0.77116705
1068,6,0.88787185
1068,7,0.63615561
1068,8,0.91075515
1069,1,0.72997712
1069,2,0.74599542
1069,3,0.77574371
1069,4,0.66132723
1069,5,0.75057208
1069,7,0.6590389
1069,8,0.85354691
1070,0,0.71853547
1070,1,0.7208238
1070,3,0.75743707
1070,4,0.74370709
1070,5,0.76430206
1070,6,0.6819222
1070,7,0.63386728
1070,8,0.86956522
1071,0,0.74599542
1071,1,0.72311213
1071,2,0.73455378
1071,3,0.77345538
1071,4,0.71395881
1071,5,0.7826087
1071,6,1.0
1071,7,0.67505721
1072,0,0.73455378
1072,2,0.73455378
1072,3,0.78947368
1072,4,0.68421053
1072,5,0.75057208
1072,6,0.92677346
1072,7,0.51716247
1073,0,0.72997712
1073,1,0.71624714
1073,2,0.72311213
1073,3,0.73455378
1073,4,0.65675057
1073,5,0.78489703
1073,6,0.81693364
1073,7,0.55377574
1073,8,0.93135011
1074,0,0.72540046
1074,1,0.73226545
1074,2,0.75057208
1074,3,0.75286041
1074,4,0.71624714
1074,5,0.80320366
1074,7,0.73913043
1074,8,0.82379863
1075,0,0.71853547
1075,1,0.72311213
1075,2,0.72311213
1075,3,0.75057208
1075,4,0.69336384
1075,5,0.74599542
1075,6,0.8375286
1075,7,0.45080092
1075,8,0.86956522
1076,0,0.72768879
1076,1,0.71167048
1076,2,0.71624714
1076,3,0.70251716
1076,4,0.73226545
1076,5,0.78718535
1076,6,0.84668192
1076,7,0.60411899
1076,8,0.87414188
1077,0,0.71624714
1077,1,0.70938215
1077,2,0.73913043
1077,3,0.7597254
1077,4,0.68649886
1077,5,0.76659039
1077,7,0.70022883
1077,8,0.88329519
1078,0,0.74599542
1078,1,0.72997712
1078,2,0.74370709
1078,3,0.72768879
1078,4,0.68649886
1078,5,0.78947368
1078,6,0.81693364
1078,7,0.62700229
1078,8,0.85354691
1079,0,0.7208238
1079,1,0.73455378
1079,3,0.76659039
1079,4,0.72768879
1079,5,0.76887872
1079,6,0.85812357
1079,8,0.96338673
1080,0,0.73684211
1080,2,0.74370709
1080,3,0.77803204
1080,5,0.78489703
1080,6,0.82837529
1080,7,0.59267735
1080,8,0.80091533
1081,0,0.71395881
1081,1,0.71853547
1081,2,0.72311213
1081,4,0.7208238
1081,6,0.83295195
1081,7,0.62929062
1081,8,0.92677346
1082,0,0.73455378
1082,1,0.71853547
1082,2,0.72997712
1082,3,0.74599542
1082,5,0.77574371
1082,7,0.59496568
1082,8,0.91533181
1083,0,0.75057208
1083,1,0.74370709
1083,2,0.73684211
1083,3,0.81235698
1083,4,0.71624714
1083,5,0.76887872
1083,6,0.86498856
1083,7,0.63844394
1083,8,0.96338673
1084,0,0.72311213
1084,1,0.7208238
1084,2,0.73455378
1084,3,0.72768879
1084,4,0.71853547
1084,5,0.75057208
1084,6,0.76659039
1084,7,0.57665904
1084,8,0.79176201
1085,0,0.73913043
1085,1,0.71395881
1085,2,0.7208238
1085,3,0.78947368
1085,4,0.6979405
1085,5,0.74599542
1085,6,0.84439359
1085,7,0.70022883
1085,8,0.82379863
1086,0,0.73913043
1086,1,0.72768879
1086,2,0.73455378
1086,3,0.78032037
1086,4,0.70938215
1086,5,0.78032037
1086,6,0.85583524
1086,7,0.72540046
1086,8,0.93592677
1087,0,0.72311213
1087,1,0.7208238
1087,2,0.71853547
1087,3,0.7208238
1087,4,0.72997712
1087,5,0.7826087
1087,6,0.84668192
1087,7,0.61327231
1087,8,0.77574371
1088,0,0.71395881
1088,1,0.71167048
1088,2,0.73455378
1088,3,0.81693364
1088,5,0.78032037
1088,6,0.82379863
1088,7,0.52402746
1089,0,0.70480549
1089,1,0.71853547
1089,2,0.73455378
1089,3,0.75514874
1089,5,0.76430206
1089,6,0.90160183
1089,7,0.58352403
1089,8,0.78489703
1090,1,0.72311213
1090,3,0.73684211
1090,5,0.74599542
1090,6,0.81693364
1090,7,0.60640732
1091,0,0.72997712
1091,1,0.7208238
1091,2,0.71395881
1091,3,0.72540046
1091,4,0.71167048
1091,5,0.75514874
1091,6,0.84897025
1091,8,0.8375286
1092,0,0.71395881
1092,1,0.72768879
1092,2,0.74599542
1092,3,0.75743707
1092,4,0.69565217
1092,5,0.79405034
1092,6,0.91533181
1092,7,0.6590389
1092,8,0.87414188
1093,0,0.72768879
1093,1,0.73226545
1093,2,0.75286041
1093,3,0.75286041
1093,5,0.7597254
1093,6,0.83295195
1093,7,0.54919908
1093,8,0.93135011
1094,0,0.72768879
1094,1,0.7208238
1094,2,0.73455378
1094,3,0.76201373
1094,6,0.85354691
1094,7,0.56979405
1094,8,0.85583524
1095,0,0.73226545
1095,1,0.7208238
1095,2,0.7208238
1095,3,0.74828375
1095,5,0.76887872
1095,6,0.82837529
1095,7,0.65217391
1095,8,0.83066362
1096,0,0.72311213
1096,1,0.71624714
1096,2,0.75286041
1096,4,0.72997712
1096,5,0.74599542
1096,6,0.90617849
1096,7,0.6819222
1096,8,0.87185355
1097,0,0.70709382
1097,1,0.6979405
1097,2,0.70022883
1097,3,0.75514874
1097,4,0.61327231
1097,5,0.75743707
1097,6,0.80549199
1097,7,0.56064073
1097,8,0.86498856
1098,0,0.73913043
1098,2,0.73226545
1098,4,0.75514874
1098,5,0.76430206
1098,6,0.91304348
1098,7,0.53089245
1098,8,0.88329519
1099,0,0.72997712
1099,1,0.71624714
1099,2,0.72997712
1099,3,0.74599542
1099,4,0.64759725
1099,5,0.78718535
1099,6,0.83066362
1099,7,0.84439359
1099,8,0.85125858
1100,0,0.73455378
1100,1,0.7208238
1100,2,0.74370709
1100,3,0.71624714
1100,4,0.6819222
1100,5,0.78489703
1100,6,0.79176201
1100,7,0.67734554
1100,8,0.77345538
1101,0,0.70709382
1101,1,0.6979405
1101,2,0.70938215
1101,4,0.67048055
1101,5,0.73455378
1101,6,0.85125858
1101,7,0.57665904
1101,8,0.79405034
1102,0,0.71853547
1102,1,0.74599542
1102,2,0.73455378
1102,3,0.76201373
1102,4,0.70022883
1102,5,0.77574371
1102,6,0.82837529
1102,7,0.68878719
1102,8,0.93363844
1103,0,0.72997712
1103,1,0.70938215
1103,2,0.71395881
1103,3,0.69565217
1103,4,0.71624714
1103,5,0.75286041
1103,6,0.86727689
1103,7,0.60411899
1103,8,0.86270023
1104,0,0.73684211
1104,1,0.71853547
1104,2,0.72768879
1104,3,0.76659039
1104,4,0.66819222
1104,5,0.74370709
1104,6,0.6819222
1104,7,0.6819222
1104,8,0.84668192
1105,0,0.70251716
1105,1,0.70709382
1105,2,0.70709382
1105,3,0.7208238
1105,4,0.68878719
1105,5,0.73913043
1105,6,0.82379863
1105,7,0.61784897
1105,8,0.89702517
1106,0,0.7208238
1106,1,0.7208238
1106,2,0.72768879
1106,3,0.75743707
1106,4,0.67734554
1106,5,0.76887872
1106,6,0.80778032
1106,7,0.62242563
1106,8,0.80549199
1107,1,0.70709382
1107,2,0.70938215
1107,3,0.77116705
1107,4,0.68878719
1107,6,0.76201373
1107,7,0.597254
1107,8,0.83524027
1108,0,0.71395881
1108,1,0.71624714
1108,2,0.70251716
1108,4,0.6819222
1108,5,0.76201373
1108,6,0.79405034
1108,7,0.50800915
1108,8,0.85354691
1109,0,0.72997712
1109,1,0.70709382
1109,2,0.74599542
1109,3,0.73913043
1109,4,0.70251716
1109,5,0.77574371
1109,6,0.80778032
1109,7,0.75743707
1109,8,0.84439359
1110,0,0.7208238
1110,1,0.69336384
1110,2,0.71395881
1110,3,0.77116705
1110,4,0.67048055
1110,5,0.75286041
1110,6,0.82379863
1110,8,0.85354691
1111,0,0.73455378
1111,1,0.70938215
1111,2,0.70938215
1111,3,0.73913043
1111,4,0.67276888
1111,5,0.77803204
1111,6,0.75057208
1111,7,0.54691076
1111,8,0.84210526
1112,0,0.73455378
1112,1,0.72311213
1112,2,0.72311213
1112,3,0.79176201
1112,4,0.6979405
1112,6,0.85125858
1112,7,0.52173913
1112,8,0.79176201
1113,0,0.70480549
1113,1,0.70251716
1113,2,0.72311213
1113,3,0.74141876
1113,5,0.76201373
1113,7,0.597254
1113,8,0.8604119
1114,0,0.72311213
1114,1,0.68878719
1114,2,0.70251716
1114,3,0.72768879
1114,5,0.77116705
1114,6,0.90389016
1114,8,0.78947368
1115,0,0.73226545
1115,1,0.71395881
1115,2,0.72311213
1115,3,0.76201373
1115,5,0.72540046
1115,6,0.84210526
1115,7,0.54462243
1115,8,0.85812357
1116,0,0.73455378
1116,2,0.72311213
1116,3,0.75057208
1116,4,0.72540046
1116,5,0.70022883
1116,6,0.88787185
1116,7,0.6201373
1116,8,0.92677346
1117,0,0.72540046
1117,1,0.70709382
1117,2,0.72997712
1117,3,0.72311213
1117,4,0.66361556
1117,5,0.7597254
1117,6,0.88558352
1117,7,0.65217391
1117,8,0.83295195
1118,0,0.73684211
1118,1,0.70022883
1118,2,0.7208238
1118,3,0.73226545
1118,4,0.6590389
1118,5,0.72997712
1118,6,0.89473684
1118,7,0.67505721
1118,8,0.79405034
1119,0,0.72997712
1119,1,0.70480549
1119,2,0.71853547
1119,3,0.74828375
1119,4,0.70480549
1119,5,0.75743707
1119,6,0.93592677
1119,7,0.66819222
1119,8,0.84668192
1120,0,0.7208238
1120,1,0.70480549
1120,2,0.71395881
1120,3,0.78032037
1120,4,0.68649886
1120,5,0.75514874
1120,6,0.80091533
1120,7,0.59038902
1120,8,0.81464531
1121,1,0.71167048
1121,2,0.7208238
1121,4,0.70938215
1121,6,0.78718535
1121,7,0.61556064
1122,0,0.72540046
1122,1,0.70251716
1122,2,0.72311213
1122,3,0.70022883
1122,5,0.78489703
1122,6,0.86956522
1122,7,0.63386728
1122,8,0.87414188
1123,0,0.70251716
1123,1,0.6979405
1123,2,0.70251716
1123,3,0.73226545
1123,4,0.64530892
1123,6,0.85125858
1123,7,0.47368421
1123,8,0.82837529
1124,0,0.7208238
1124,1,0.69336384
1124,2,0.7208238
1124,3,0.76430206
1124,4,0.63844394
1124,5,0.76887872
1124,6,0.87414188
1124,7,0.65217391
1124,8,0.93135011
1125,0,0.69565217
1125,1,0.68649886
1125,2,0.70251716
1125,4,0.65217391
1125,5,0.74370709
1125,6,0.91762014
1125,7,0.49199085
1125,8,0.88558352
1126,1,0.69336384
1126,2,0.70480549
1126,3,0.74370709
1126,4,0.65675057
1126,5,0.76659039
1126,6,0.81922197
1126,7,0.74141876
1126,8,0.83524027
1127,0,0.71853547
1127,2,0.70022883
1127,3,0.7597254
1127,4,0.66590389
1127,5,0.74828375
1127,6,0.83524027
1127,7,0.56521739
1127,8,0.86727689
1128,0,0.69565217
1128,1,0.69565217
1128,2,0.68878719
1128,5,0.73684211
1128,6,0.7597254
1128,7,0.58581236
1128,8,0.81922197
1129,0,0.72540046
1129,1,0.69565217
1129,2,0.71853547
1129,3,0.73455378
1129,4,0.65675057
1129,5,0.76659039
1129,6,0.9382151
1129,7,0.54691076
1129,8,0.84210526
1130,0,0.71167048
1130,1,0.70480549
1130,2,0.71167048
1130,3,0.73226545
1130,4,0.69336384
1130,6,0.79633867
1130,7,0.55606407
1130,8,0.8215103
1131,0,0.68878719
1131,1,0.68649886
1131,2,0.70022883
1131,3,0.74828375
1131,4,0.66590389
1131,6,0.798627
1131,7,0.75514874
1131,8,0.87414188
1132,0,0.71853547
1132,1,0.70709382
1132,2,0.73226545
1132,4,0.68421053
1132,5,0.73455378
1132,6,0.80320366
1132,7,0.67048055
1132,8,0.91075515
1133,0,0.67963387
1133,1,0.70251716
1133,3,0.73684211
1133,4,0.67734554
1133,5,0.75057208
1133,6,0.77803204
1133,7,0.48970252
1133,8,0.87414188
1134,0,0.70709382
1134,1,0.70480549
1134,2,0.70251716
1134,3,0.71853547
1134,4,0.67276888
1134,5,0.71167048
1134,6,0.76659039
1134,7,0.69336384
1135,0,0.71624714
1135,1,0.69565217
1135,2,0.6979405
1135,3,0.74828375
1135,5,0.75057208
1135,6,0.78718535
1135,7,0.67963387
1136,0,0.70022883
1136,1,0.70251716
1136,4,0.67505721
1136,5,0.75057208
1136,8,0.88100686
1137,0,0.69107551
1137,1,0.67048055
1137,2,0.70022883
1137,3,0.70480549
1137,4,0.67048055
1137,5,0.76201373
1137,6,0.7208238
1137,7,0.56292906
1137,8,0.86498856
1138,0,0.72311213
1138,2,0.70709382
1138,3,0.71624714
1138,4,0.64759725
1138,5,0.71395881
1138,6,0.76659039
1138,7,0.61556064
1138,8,0.85812357
1139,0,0.69565217
1139,1,0.67734554
1139,2,0.70709382
1139,3,0.71853547
1139,5,0.72997712
1139,6,0.9221968
1139,7,0.59267735
1139,8,0.78032037
1140,0,0.6819222
1140,1,0.69107551
1140,2,0.69107551
1140,3,0.75286041
1140,4,0.70022883
1140,6,0.84439359
1140,7,0.7208238
1140,8,0.90389016
1141,0,0.7208238
1141,3,0.6590389
1141,4,0.66590389
1141,5,0.7597254
1141,6,0.86727689
1141,7,0.5423341
1141,8,0.91990847
1142,0,0.71395881
1142,1,0.68421053
1142,2,0.6979405
1142,3,0.72997712
1142,4,0.62471396
1142,5,0.73913043
1142,6,0.86956522
1142,8,0.81464531
1143,0,0.69336384
1143,1,0.69336384
1143,2,0.69336384
1143,3,0.72311213
1143,4,0.66590389
1143,5,0.73684211
1143,6,0.90846682
1143,7,0.59496568
1143,8,0.80778032
1144,0,0.70251716
1144,1,0.67276888
1144,2,0.6979405
1144,3,0.6819222
1144,4,0.63386728
1144,5,0.71395881
1144,6,0.6979405
1144,7,0.55377574
1144,8,0.85125858
1145,0,0.70480549
1145,1,0.68649886
1145,2,0.67505721
1145,3,0.72768879
1145,4,0.67734554
1145,5,0.7208238
1145,6,0.72997712
1145,7,0.48512586
1146,0,0.67276888
1146,1,0.68878719
1146,2,0.67963387
1146,4,0.70938215
1146,5,0.74599542
1146,6,0.74599542
1146,7,0.72540046
1146,8,0.83981693
1147,0,0.67276888
1147,1,0.67505721
1147,2,0.69565217
1147,3,0.71853547
1147,4,0.62471396
1147,6,0.76201373
1147,7,0.48970252
1147,8,0.80091533
1148,0,0.71167048
1148,1,0.69336384
1148,2,0.69336384
1148,3,0.74141876
1148,4,0.67505721
1148,5,0.73913043
1148,6,0.79176201
1148,8,0.77345538
1149,0,0.70022883
1149,1,0.67276888
1149,2,0.67734554
1149,3,0.64988558
1149,6,0.76430206
1149,7,0.58810069
1149,8,0.82837529
1150,0,0.68421053
1150,1,0.66132723
1150,3,0.73913043
1150,6,0.80091533
1150,7,0.45080092
1150,8,0.8375286
1151,0,0.6590389
1151,1,0.67276888
1151,3,0.6819222
1151,4,0.59038902
1151,5,0.71853547
1151,6,0.78032037
1151,7,0.53546911
1151,8,0.83524027
1152,0,0.70251716
1152,1,0.66819222
1152,2,0.67734554
1152,3,0.72540046
1152,5,0.71853547
1152,6,0.74828375
1152,7,0.59954233
1153,0,0.66819222
1153,1,0.67048055
1153,2,0.66361556
1153,4,0.65446224
1153,5,0.69336384
1153,6,0.6590389
1153,7,0.50800915
1153,8,0.8215103
1154,0,0.68878719
1154,1,0.67505721
1154,2,0.67505721
1154,3,0.73913043
1154,5,0.75057208
1154,6,0.74599542
1154,7,0.62471396
1155,0,0.69107551
1155,1,0.67276888
1155,2,0.68649886
1155,4,0.63157895
1155,5,0.73684211
1155,7,0.56064073
1155,8,0.80778032
1156,0,0.69107551
1156,2,0.67734554
1156,3,0.68421053
1156,4,0.62471396
1156,6,0.75286041
1156,7,0.64530892
1156,8,0.85354691
1157,0,0.70251716
1157,1,0.69565217
1157,2,0.69565217
1157,3,0.73913043
1157,6,0.78947368
1157,7,0.67963387
1157,8,0.82837529
1158,0,0.68878719
1158,1,0.67505721
1158,2,0.68421053
1158,3,0.70480549
1158,4,0.62242563
1158,5,0.76659039
1158,6,0.72768879
1158,7,0.53546911
1158,8,0.79405034
1159,0,0.67963387
1159,1,0.67734554
1159,2,0.67505721
1159,4,0.66132723
1159,5,0.69565217
1159,6,0.75514874
1159,7,0.57208238
1159,8,0.798627
1160,0,0.6590389
1160,1,0.64988558
1160,2,0.66819222
1160,3,0.64073227
1160,4,0.65217391
1160,5,0.71395881
1160,6,0.70251716
1160,7,0.56292906
1160,8,0.70938215
1161,0,0.69565217
1161,1,0.67048055
1161,2,0.68878719
1161,3,0.74599542
1161,5,0.70709382
1161,6,0.79176201
1161,8,0.81464531
1162,0,0.63386728
1162,1,0.66132723
1162,2,0.6590389
1162,3,0.67505721
1162,4,0.63157895
1162,5,0.70709382
1162,6,0.71167048
1162,7,0.597254
1162,8,0.82608696
1163,0,0.65675057
1163,1,0.64988558
1163,2,0.6590389
1163,4,0.60411899
1163,6,0.7208238
1163,7,0.55377574
1163,8,0.80778032
1164,0,0.67963387
1164,1,0.67505721
1164,2,0.68421053
1164,3,0.68649886
1164,5,0.73684211
1164,6,0.71167048
1164,7,0.58352403
1165,0,0.67276888
1165,1,0.67963387
1165,2,0.70022883
1165,3,0.70709382
1165,4,0.6979405
1165,5,0.68878719
1165,6,0.78718535
1165,7,0.56064073
1165,8,0.88787185
1166,0,0.6819222
1166,1,0.6590389
1166,2,0.67276888
1166,3,0.71395881
1166,4,0.62471396
1166,5,0.71395881
1166,6,0.73684211
1166,8,0.798627
1167,0,0.66819222
1167,3,0.6979405
1167,4,0.57894737
1167,6,0.83295195
1167,7,0.56979405
1167,8,0.82608696
1168,0,0.68878719
1168,1,0.66361556
1168,2,0.67276888
1168,3,0.71167048
1168,4,0.64988558
1168,5,0.70022883
1168,6,0.80320366
1168,7,0.64988558
1168,8,0.8375286
1169,0,0.68878719
1169,1,0.67734554
1169,2,0.67505721
1169,3,0.66819222
1169,6,0.77574371
1169,7,0.60640732
1169,8,0.91075515
1170,0,0.66361556
1170,1,0.66361556
1170,2,0.66132723
1170,3,0.6819222
1170,4,0.60640732
1170,6,0.73226545
1170,7,0.60869565
1170,8,0.80778032
1171,0,0.66132723
1171,1,0.65675057
1171,2,0.66590389
1171,3,0.69107551
1171,4,0.6590389
1171,5,0.69107551
1171,7,0.60640732
1171,8,0.74828375
1172,0,0.66132723
1172,2,0.64988558
1172,3,0.73455378
1172,4,0.61784897
1172,6,0.79176201
1172,7,0.5423341
1172,8,0.83295195
1173,0,0.65446224
1173,1,0.6590389
1173,3,0.68649886
1173,5,0.70709382
1173,6,0.80778032
1173,7,0.57208238
1173,8,0.87643021
1174,0,0.65446224
1174,1,0.64759725
1174,2,0.63844394
1174,4,0.63844394
1174,6,0.77116705
1174,7,0.47139588
1174,8,0.77116705
1175,0,0.64530892
1175,1,0.64988558
1175,2,0.66132723
1175,3,0.70938215
1175,4,0.66132723
1175,5,0.71624714
1175,6,0.85583524
1175,7,0.63386728
1175,8,0.82608696
1176,0,0.63157895
1176,1,0.62929062
1176,2,0.64302059
1176,4,0.57894737
1176,5,0.6819222
1176,6,0.78032037
1176,7,0.34553776
1176,8,0.83295195
1177,0,0.66132723
1177,3,0.68421053
1177,5,0.6979405
1177,6,0.81464531
1177,8,0.83295195
1178,0,0.65446224
1178,1,0.64073227
1178,2,0.64988558
1178,3,0.66590389
1178,4,0.59954233
1178,6,0.76430206
1178,7,0.53318078
1178,8,0.78489703
1179,0,0.63386728
1179,1,0.64530892
1179,2,0.64530892
1179,3,0.66819222
1179,4,0.61098398
1179,5,0.68649886
1179,6,0.79176201
1179,7,0.61556064
1179,8,0.74370709
1180,0,0.66132723
1180,1,0.63844394
1180,2,0.64530892
1180,5,0.69336384
1180,6,0.71624714
1180,7,0.45080092
1180,8,0.78032037
1181,0,0.65217391
1181,1,0.66132723
1181,2,0.66132723
1181,3,0.68421053
1181,8,0.81235698
1182,0,0.65675057
1182,1,0.64759725
1182,2,0.64530892
1182,3,0.6979405
1182,4,0.66361556
1182,5,0.67505721
1182,7,0.57437071
1182,8,0.82837529
1183,0,0.64530892
1183,2,0.64988558
1183,3,0.6979405
1183,4,0.58581236
1183,5,0.6979405
1183,6,0.71853547
1183,7,0.4805492
1183,8,0.7826087
1184,0,0.63844394
1184,1,0.62471396
1184,2,0.62929062
1184,3,0.67734554
1184,4,0.59038902
1184,5,0.68421053
1184,6,0.76887872
1184,7,0.50572082
1184,8,0.75286041
1185,0,0.65446224
1185,1,0.64988558
1185,2,0.64988558
1185,4,0.63157895
1185,5,0.6979405
1185,6,0.78032037
1185,7,0.60869565
1185,8,0.80778032
1186,2,0.62929062
1186,3,0.69336384
1186,4,0.58810069
1186,5,0.66132723
1186,6,0.77345538
1186,7,0.5423341
1186,8,0.80778032
1187,0,0.63386728
1187,1,0.63157895
1187,3,0.64759725
1187,4,0.61098398
1187,5,0.67276888
1187,6,0.81235698
1187,7,0.39130435
1187,8,0.78947368
1188,0,0.64073227
1188,1,0.64073227
1188,2,0.64988558
1188,3,0.66361556
1188,4,0.56979405
1188,5,0.6819222
1188,6,0.67276888
1188,7,0.46910755
1188,8,0.73684211
1189,0,0.62929062
1189,4,0.66132723
1189,6,0.68649886
1189,7,0.59038902
1189,8,0.75514874
1190,0,0.62929062
1190,2,0.63615561
1190,3,0.64988558
1190,4,0.56979405
1190,5,0.64988558
1190,6,0.7597254
1190,7,0.56064073
1190,8,0.81464531
1191,0,0.62471396
1191,1,0.61784897
1191,2,0.62471396
1191,3,0.66361556
1191,4,0.58581236
1191,5,0.63615561
1191,6,0.69565217
1192,0,0.61327231
1192,1,0.62242563
1192,2,0.64073227
1192,3,0.65217391
1192,4,0.597254
1192,6,0.93363844
1192,8,0.70022883
1193,0,0.62929062
1193,1,0.63157895
1193,3,0.6819222
1193,5,0.66590389
1193,6,0.77345538
1193,8,0.67276888
1194,0,0.61784897
1194,1,0.61556064
1194,2,0.62242563
1194,3,0.62929062
1194,4,0.64073227
1194,5,0.67048055
1194,6,0.72540046
1194,7,0.63386728
1195,0,0.62929062
1195,2,0.64073227
1195,5,0.66132723
1195,6,0.71395881
1195,7,0.64073227
1196,0,0.62471396
1196,1,0.60869565
1196,3,0.6590389
1196,4,0.56064073
1196,5,0.64988558
1196,6,0.71167048
1196,8,0.83066362
1197,0,0.62929062
1197,2,0.62471396
1197,3,0.67734554
1197,4,0.65446224
1197,6,0.74141876
1197,7,0.49885584
1197,8,0.78718535
1198,1,0.61327231
1198,2,0.61784897
1198,3,0.60869565
1198,4,0.61556064
1198,5,0.65446224
1198,8,0.78718535
1199,0,0.63844394
1199,1,0.63386728
1199,2,0.63615561
1199,3,0.71167048
1199,5,0.66590389
1199,6,0.75057208
1199,8,0.71624714
1200,0,0.63386728
1200,1,0.61556064
1200,2,0.62242563
1200,3,0.64759725
1200,4,0.60411899
1200,5,0.6590389
1200,6,0.70709382
1200,7,0.68878719
1200,8,0.78947368
1201,0,0.61098398
1201,1,0.60869565
1201,2,0.62700229
1201,3,0.60183066
1201,5,0.70022883
1201,6,0.71167048
1201,7,0.51258581
1201,8,0.76430206
1202,0,0.60640732
1202,1,0.60411899
1202,2,0.62242563
1202,3,0.65446224
1202,4,0.56064073
1202,5,0.6819222
1202,6,0.80778032
1202,7,0.44622426
1202,8,0.6819222
1203,0,0.61098398
1203,1,0.60869565
1203,2,0.62700229
1203,3,0.65217391
1203,4,0.60640732
1203,5,0.6819222
1203,6,0.81235698
1203,7,0.47139588
1203,8,0.81922197
1204,0,0.61098398
1204,1,0.597254
1204,2,0.60411899
1204,3,0.64530892
1204,4,0.56521739
1204,5,0.67963387
1204,6,0.74141876
1204,8,0.75743707
1205,0,0.61098398
1205,1,0.60869565
1205,2,0.63615561
1205,3,0.66819222
1205,5,0.63844394
1205,6,0.64988558
1205,7,0.35240275
1205,8,0.72997712
1206,0,0.59954233
1206,1,0.597254
1206,2,0.61098398
1206,4,0.61098398
1206,5,0.62700229
1206,6,0.75057208
1206,7,0.61098398
1207,0,0.59267735
1207,1,0.59496568
1207,3,0.65446224
1207,4,0.54919908
1207,5,0.62929062
1207,6,0.80778032
1207,7,0.61098398
1207,8,0.72311213
1208,0,0.597254
1208,2,0.61098398
1208,3,0.63844394
1208,4,0.56521739
1208,5,0.66819222
1208,6,0.78947368
1208,7,0.42334096
1208,8,0.64302059
1209,0,0.62471396
1209,1,0.61327231
1209,2,0.61556064
1209,4,0.57437071
1209,5,0.65217391
1209,6,0.77345538
1209,7,0.49885584
1209,8,0.7826087
1210,0,0.60640732
1210,1,0.59496568
1210,2,0.60411899
1210,3,0.64073227
1210,4,0.54004577
1210,5,0.61784897
1210,6,0.79176201
1210,7,0.49885584
1211,0,0.59496568
1211,2,0.59267735
1211,3,0.62929062
1211,4,0.59038902
1211,5,0.63615561
1211,6,0.71395881
1211,7,0.42791762
1211,8,0.74599542
1212,1,0.60869565
1212,2,0.60640732
1212,4,0.58352403
1212,5,0.63615561
1212,6,0.74599542
1212,7,0.37299771
1212,8,0.72311213
1213,0,0.60411899
1213,1,0.59267735
1213,2,0.60869565
1213,3,0.67963387
1213,4,0.61098398
1213,5,0.65675057
1213,6,0.67963387
1213,7,0.48741419
1213,8,0.80091533
1214,0,0.59038902
1214,1,0.60183066
1214,2,0.60183066
1214,3,0.59496568
1214,4,0.5194508
1214,5,0.64530892
1214,6,0.72768879
1214,7,0.47139588
1214,8,0.67048055
1215,0,0.60869565
1215,2,0.61784897
1215,3,0.64302059
1215,4,0.60640732
1215,6,0.79405034
1215,7,0.47597254
1215,8,0.71395881
1216,0,0.58581236
1216,2,0.58581236
1216,3,0.62471396
1216,5,0.6201373
1216,7,0.50114416
1216,8,0.68878719
1217,0,0.60640732
1217,1,0.59954233
1217,2,0.59496568
1217,3,0.64759725
1217,4,0.63615561
1217,5,0.65217391
1217,6,0.67505721
1217,7,0.59038902
1218,0,0.56979405
1218,1,0.57894737
1218,3,0.59954233
1218,4,0.54462243
1218,5,0.6201373
1218,6,0.64988558
1218,7,0.46224256
1218,8,0.70938215
1219,0,0.60411899
1219,1,0.60411899
1219,2,0.61556064
1219,3,0.59954233
1219,5,0.64759725
1219,6,0.72540046
1219,8,0.74599542
1220,0,0.58810069
1220,1,0.57437071
1220,2,0.60640732
1220,3,0.61784897
1220,4,0.60411899
1220,5,0.63844394
1220,6,0.6819222
1220,7,0.48970252
1220,8,0.73684211
1221,0,0.59496568
1221,1,0.58810069
1221,2,0.59496568
1221,3,0.62929062
1221,4,0.55377574
1221,6,0.74141876
1221,8,0.70938215
1222,0,0.62471396
1222,1,0.597254
1222,2,0.60183066
1222,3,0.65675057
1222,4,0.52402746
1222,5,0.62242563
1222,6,0.67734554
1222,8,0.68649886
1223,0,0.59496568
1223,1,0.58810069
1223,2,0.59267735
1223,3,0.59267735
1223,4,0.55148741
1223,5,0.62242563
1223,6,0.798627
1223,7,0.53318078
1223,8,0.80091533
1224,0,0.57437071
1224,1,0.5812357
1224,2,0.60640732
1224,3,0.64073227
1224,5,0.63615561
1224,6,0.62242563
1224,7,0.51487414
1225,0,0.58352403
1225,2,0.56979405
1225,3,0.66819222
1225,5,0.60869565
1225,6,0.76659039
1225,7,0.43478261
1225,8,0.82608696
1226,0,0.56292906
1226,1,0.57437071
1226,3,0.60411899
1226,5,0.61784897
1226,6,0.64988558
1226,7,0.48283753
1226,8,0.72311213
1227,0,0.57894737
1227,1,0.56292906
1227,2,0.58352403
1227,4,0.57665904
1227,5,0.63157895
1227,6,0.58810069
1227,7,0.51029748
1227,8,0.67963387
1228,0,0.57665904
1228,1,0.57894737
1228,2,0.57437071
1228,3,0.58810069
1228,4,0.53089245
1228,5,0.66590389
1228,6,0.70938215
1228,8,0.78718535
1229,2,0.57208238
1229,3,0.61327231
1229,4,0.54462243
1229,5,0.64530892
1229,6,0.68878719
1229,7,0.40961098
1229,8,0.66132723
1230,0,0.58352403
1230,1,0.57437071
1230,2,0.57894737
1230,3,0.60411899
1230,4,0.5583524
1230,5,0.62242563
1230,6,0.6201373
1230,7,0.55148741
1230,8,0.69107551
1231,0,0.56064073
1231,1,0.54919908
1231,2,0.56979405
1231,6,0.57894737
1231,7,0.55606407
1231,8,0.66590389
1232,0,0.57208238
1232,1,0.5583524
1232,2,0.57208238
1232,3,0.61556064
1232,5,0.62471396
1232,6,0.6819222
1232,8,0.65217391
1233,0,0.58352403
1233,1,0.58352403
1233,2,0.59038902
1233,3,0.60640732
1233,5,0.61098398
1233,6,0.75514874
1233,7,0.43249428
1233,8,0.70938215
1234,0,0.58581236
1234,2,0.59496568
1234,3,0.62929062
1234,5,0.60869565
1234,6,0.70938215
1234,7,0.47139588
1234,8,0.6590389
1235,0,0.57665904
1235,1,0.56750572
1235,2,0.5812357
1235,3,0.58352403
1235,4,0.54919908
1235,5,0.6201373
1235,6,0.69336384
1235,8,0.71395881
1236,0,0.59954233
1236,1,0.56750572
1236,2,0.58581236
1236,3,0.56979405
1236,4,0.56292906
1236,5,0.62700229
1236,6,0.71624714
1236,7,0.51487414
1236,8,0.71167048
1237,0,0.57208238
1237,2,0.5583524
1237,3,0.61784897
1237,4,0.53546911
1237,5,0.60411899
1237,6,0.67048055
1237,7,0.41647597
1237,8,0.66590389
1238,0,0.57437071
1238,2,0.57208238
1238,3,0.54462243
1238,4,0.54919908
1238,5,0.61556064
1238,6,0.59496568
1238,7,0.49427918
1238,8,0.68421053
1239,0,0.57894737
1239,1,0.56292906
1239,2,0.57437071
1239,4,0.52860412
1239,5,0.60869565
1239,6,0.60183066
1239,7,0.47826087
1239,8,0.69565217
1240,0,0.56292906
1240,2,0.55606407
1240,3,0.58352403
1240,4,0.53318078
1240,5,0.59954233
1240,6,0.65675057
1240,7,0.35011442
1240,8,0.72768879
1241,0,0.53546911
1241,1,0.5423341
1241,2,0.57665904
1241,3,0.6590389
1241,4,0.50114416
1241,5,0.57665904
1241,6,0.6590389
1241,7,0.48283753
1241,8,0.68421053
1242,0,0.54919908
1242,1,0.54004577
1242,2,0.56750572
1242,3,0.58352403
1242,4,0.55606407
1242,5,0.58810069
1242,6,0.71167048
1242,7,0.37070938
1242,8,0.72311213
1243,0,0.5583524
1243,1,0.54691076
1243,2,0.55148741
1243,3,0.55377574
1243,4,0.49885584
1243,5,0.61556064
1243,6,0.70251716
1243,7,0.50572082
1243,8,0.70938215
1244,0,0.54919908
1244,1,0.53318078
1244,2,0.53089245
1244,3,0.57894737
1244,5,0.597254
1244,6,0.69336384
1244,7,0.39588101
1244,8,0.70938215
1245,0,0.52860412
1245,1,0.52631579
1245,2,0.5423341
1245,3,0.57208238
1245,4,0.5423341
1245,5,0.58581236
1245,6,0.63844394
1245,7,0.42562929
1245,8,0.74141876
1246,0,0.55148741
1246,2,0.57894737
1246,3,0.58352403
1246,4,0.51258581
1246,5,0.62700229
1246,6,0.5812357
1246,7,0.53775744
1246,8,0.63157895
1247,0,0.56292906
1247,1,0.53318078
1247,2,0.54462243
1247,3,0.58810069
1247,5,0.56064073
1247,6,0.67734554
1247,8,0.65446224
1248,0,0.56292906
1248,2,0.56064073
1248,4,0.52173913
1248,5,0.56979405
1248,6,0.68878719
1248,7,0.47597254
1248,8,0.76201373
1249,0,0.53546911
1249,1,0.53318078
1249,2,0.55148741
1249,3,0.5423341
1249,4,0.48970252
1249,5,0.60869565
1249,6,0.50800915
1249,7,0.35469108
1249,8,0.65675057
1250,0,0.5583524
1250,1,0.53775744
1250,2,0.55148741
1250,3,0.61556064
1250,6,0.60869565
1250,7,0.36842105
1250,8,0.55148741
1251,0,0.54462243
1251,2,0.5423341
1251,4,0.48741419
1251,5,0.59038902
1251,7,0.40045767
1252,0,0.50800915
1252,1,0.51716247
1252,2,0.50800915
1252,4,0.44622426
1252,5,0.56292906
1252,6,0.597254
1252,7,0.44622426
1252,8,0.64988558
1253,0,0.53089245
1253,2,0.55148741
1253,3,0.57665904
1253,4,0.4805492
1253,5,0.56064073
1253,6,0.6590389
1253,7,0.45995423
1253,8,0.67963387
1254,0,0.56292906
1254,1,0.54004577
1254,2,0.54004577
1254,3,0.59267735
1254,4,0.50572082
1254,5,0.59496568
1254,6,0.61098398
1254,7,0.3798627
1254,8,0.5583524
1255,0,0.52402746
1255,1,0.50800915
1255,2,0.53089245
1255,4,0.50114416
1255,6,0.63615561
1255,8,0.7208238
1256,0,0.5423341
1256,1,0.5423341
1256,2,0.53546911
1256,3,0.56064073
1256,4,0.5423341
1256,5,0.597254
1256,6,0.64302059
1256,7,0.35697941
1256,8,0.64530892
1257,0,0.53089245
1257,1,0.53089245
1257,2,0.53546911
1257,3,0.59496568
1257,5,0.55606407
1257,6,0.63615561
1257,7,0.44622426
1257,8,0.68421053
1258,0,0.54691076
1258,1,0.51716247
1258,2,0.52860412
1258,5,0.56521739
1258,6,0.59496568
1258,7,0.40503432
1258,8,0.64759725
1259,0,0.54691076
1259,1,0.52860412
1259,2,0.53318078
1259,5,0.56292906
1260,0,0.55606407
1260,1,0.51716247
1260,2,0.52402746
1260,3,0.55606407
1260,4,0.48741419
1260,5,0.57665904
1260,7,0.57208238
1260,8,0.60411899
1261,0,0.52402746
1261,1,0.52631579
1261,2,0.54004577
1261,3,0.56292906
1261,4,0.46910755
1261,5,0.54691076
1261,6,0.59954233
1261,7,0.42105263
1261,8,0.61098398
1262,0,0.53089245
1262,2,0.52402746
1262,3,0.53546911
1262,4,0.45537757
1262,5,0.59267735
1262,6,0.57665904
1262,8,0.61784897
1263,0,0.49885584
1263,2,0.50343249
1263,3,0.52402746
1263,7,0.53318078
1263,8,0.6979405
1264,0,0.53775744
1264,1,0.51716247
1264,2,0.52402746
1264,4,0.50343249
1264,5,0.57894737
1264,6,0.65446224
1264,7,0.33409611
1264,8,0.64759725
1265,0,0.49656751
1265,2,0.51258581
1265,3,0.55377574
1265,4,0.51487414
1265,5,0.54462243
1265,6,0.65217391
1265,7,0.29290618
1265,8,0.61784897
1266,0,0.5194508
1266,2,0.5194508
1266,3,0.53546911
1266,4,0.5194508
1266,5,0.55377574
1266,6,0.5812357
1266,8,0.60640732
1267,0,0.49656751
1267,1,0.50114416
1267,2,0.52402746
1267,3,0.5194508
1267,4,0.49656751
1267,5,0.54919908
1267,6,0.70709382
1267,7,0.32494279
1267,8,0.6979405
1268,0,0.50114416
1268,1,0.50114416
1268,2,0.50800915
1268,3,0.52402746
1268,4,0.49427918
1268,5,0.53546911
1268,6,0.60183066
1268,7,0.48283753
1268,8,0.70938215
1269,0,0.51029748
1269,2,0.52173913
1269,4,0.53546911
1269,5,0.55377574
1269,7,0.53318078
1269,8,0.70709382
1270,0,0.51029748
1270,2,0.51029748
1270,3,0.56292906
1270,4,0.49427918
1270,5,0.55377574
1270,6,0.71624714
1270,7,0.35697941
1270,8,0.67276888
1271,0,0.50800915
1271,1,0.50572082
1271,2,0.52402746
1271,5,0.58352403
1271,6,0.58581236
1271,8,0.6590389
1272,0,0.49427918
1272,1,0.50114416
1272,2,0.50343249
1272,5,0.5583524
1272,6,0.49427918
1272,7,0.36155606
1272,8,0.57665904
1273,0,0.51258581
1273,2,0.50114416
1273,5,0.56064073
1273,6,0.63615561
1273,8,0.62471396
1274,0,0.49885584
1274,1,0.49885584
1274,2,0.49656751
1274,3,0.52860412
1274,5,0.56064073
1274,6,0.63615561
1274,8,0.61327231
1275,0,0.50572082
1275,1,0.49199085
1275,2,0.5194508
1275,5,0.52402746
1275,6,0.61556064
1275,7,0.31578947
1275,8,0.55148741
1276,0,0.53089245
1276,1,0.51716247
1276,2,0.50800915
1276,3,0.5423341
1276,4,0.50114416
1276,5,0.55606407
1276,6,0.59038902
1276,7,0.28375286
1276,8,0.6979405
1277,0,0.49656751
1277,2,0.49885584
1277,3,0.53089245
1277,4,0.45995423
1277,5,0.56064073
1277,6,0.60869565
1277,7,0.44393593
1277,8,0.60183066
1278,0,0.48970252
1278,1,0.48741419
1278,2,0.50343249
1278,4,0.42791762
1278,5,0.51716247
1278,6,0.57894737
1278,7,0.40503432
1278,8,0.68649886
1279,0,0.48970252
1279,2,0.48512586
1279,3,0.47826087
1279,4,0.4416476
1279,6,0.58581236
1279,8,0.66590389
1280,0,0.50800915
1280,1,0.49427918
1280,3,0.48970252
1280,4,0.46224256
1280,5,0.54691076
1280,6,0.65217391
1280,7,0.38672769
1280,8,0.65217391
1281,0,0.49427918
1281,1,0.49656751
1281,2,0.4805492
1281,3,0.52860412
1281,4,0.45995423
1281,5,0.57437071
1281,6,0.61098398
1281,8,0.65217391
1282,0,0.48970252
1282,1,0.48512586
1282,2,0.47826087
1282,3,0.50800915
1282,5,0.55606407
1282,6,0.64073227
1282,7,0.29061785
1283,0,0.50114416
1283,2,0.50343249
1283,3,0.54919908
1283,4,0.51716247
1283,6,0.59267735
1283,7,0.50114416
1283,8,0.59954233
1284,0,0.46910755
1284,1,0.47826087
1284,2,0.47826087
1284,3,0.53318078
1284,4,0.45080092
1284,5,0.54919908
1284,6,0.57208238
1284,7,0.33867277
1284,8,0.70022883
1285,0,0.48283753
1285,1,0.46224256
1285,2,0.50572082
1285,3,0.52173913
1285,5,0.52173913
1285,6,0.5194508
1285,7,0.40503432
1285,8,0.61098398
1286,1,0.46910755
1286,2,0.46453089
1286,3,0.5423341
1286,4,0.47139588
1286,5,0.53089245
1286,6,0.56064073
1287,0,0.48970252
1287,1,0.4805492
1287,2,0.47826087
1287,4,0.4416476
1287,5,0.51258581
1287,6,0.40503432
1287,8,0.63157895
1288,0,0.46910755
1288,1,0.46910755
1288,2,0.46910755
1288,3,0.50114416
1288,4,0.43249428
1288,5,0.52860412
1288,6,0.54919908
1288,7,0.26544622
1288,8,0.57665904
1289,0,0.45308924
1289,1,0.45308924
1289,3,0.50800915
1289,5,0.51716247
1289,6,0.56979405
1289,7,0.34324943
1289,8,0.55377574
1290,0,0.46910755
1290,1,0.46224256
1290,2,0.48512586
1290,3,0.49656751
1290,4,0.41189931
1290,5,0.52631579
1290,6,0.62242563
1290,7,0.39130435
1290,8,0.63386728
1291,0,0.49885584
1291,1,0.48970252
1291,3,0.57894737
1291,4,0.43935927
1291,5,0.5583524
1291,7,0.40732265
1291,8,0.63386728
1292,1,0.45308924
1292,2,0.47139588
1292,3,0.54919908
1292,4,0.45537757
1292,5,0.50572082
1292,7,0.37757437
1292,8,0.56979405
1293,0,0.49199085
1293,2,0.48512586
1293,4,0.44622426
1293,5,0.51487414
1293,6,0.57208238
1293,8,0.54462243
1294,0,0.46453089
1294,2,0.46453089
1294,3,0.50114416
1294,4,0.46453089
1294,5,0.51258581
1294,6,0.59954233
1294,7,0.39816934
1294,8,0.54462243
1295,0,0.47368421
1295,1,0.4576659
1295,2,0.4576659
1295,3,0.50572082
1295,4,0.4416476
1295,5,0.48970252
1295,6,0.45308924
1295,7,0.28375286
1295,8,0.65446224
1296,1,0.47368421
1296,2,0.45995423
1296,3,0.53318078
1296,5,0.5194508
1296,6,0.57894737
1296,7,0.3798627
1296,8,0.57665904
1297,0,0.43935927
1297,1,0.4576659
1297,2,0.44393593
1297,4,0.42105263
1297,5,0.47368421
1297,7,0.36384439
1298,0,0.4576659
1298,1,0.47139588
1298,2,0.46224256
1298,4,0.49199085
1298,5,0.52631579
1298,6,0.47826087
1298,7,0.37299771
1298,8,0.58352403
1299,0,0.46453089
1299,1,0.46453089
1299,2,0.46453089
1299,4,0.43020595
1299,5,0.50572082
1299,6,0.50572082
1299,7,0.36155606
1299,8,0.66361556
1300,0,0.44622426
1300,2,0.45308924
1300,3,0.48283753
1300,4,0.45537757
1300,5,0.48741419
1300,6,0.55377574
1300,7,0.26086957
1300,8,0.53775744
1301,0,0.45537757
1301,1,0.45308924
1301,2,0.47826087
1301,3,0.4805492
1301,4,0.42334096
1301,6,0.64759725
1301,8,0.56521739
1302,0,0.44851259
1302,1,0.44851259
1302,5,0.4805492
1302,6,0.58581236
1302,7,0.25858124
1302,8,0.55377574
1303,0,0.45308924
1303,1,0.4416476
1303,3,0.49885584
1303,5,0.48741419
1303,6,0.56064073
1303,7,0.18993135
1303,8,0.65675057
1304,0,0.45537757
1304,1,0.43935927
1304,2,0.47139588
1304,6,0.56521739
1304,7,0.40503432
1304,8,0.6819222
1305,0,0.42105263
1305,1,0.43249428
1305,2,0.44393593
1305,3,0.47826087
1305,4,0.43249428
1305,5,0.49885584
1305,6,0.51487414
1305,7,0.39588101
1305,8,0.61327231
1306,0,0.42562929
1306,1,0.43935927
1306,2,0.43707094
1306,4,0.44393593
1306,5,0.50114416
1306,6,0.52860412
1306,7,0.40045767
1306,8,0.61784897
1307,0,0.4416476
1307,1,0.42791762
1307,2,0.44622426
1307,3,0.48283753
1307,4,0.42105263
1307,5,0.47597254
1307,6,0.58352403
1307,7,0.36155606
1308,0,0.45995423
1308,2,0.45080092
1308,5,0.4805492
1308,6,0.48512586
1308,7,0.201373
1308,8,0.56064073
1309,0,0.41647597
1309,1,0.4416476
1309,2,0.44393593
1309,3,0.45995423
1309,4,0.35240275
1309,5,0.50114416
1309,6,0.59267735
1309,7,0.27002288
1310,0,0.43707094
1310,1,0.43478261
1310,2,0.43935927
1310,3,0.43478261
1310,4,0.41189931
1310,5,0.47139588
1310,6,0.53089245
1310,7,0.34782609
1310,8,0.66590389
1311,0,0.4416476
1311,1,0.43020595
1311,2,0.44393593
1311,3,0.48283753
1311,4,0.44851259
1311,5,0.48970252
1311,7,0.35011442
1311,8,0.59267735
1312,1,0.44622426
1312,2,0.44851259
1312,3,0.50114416
1312,4,0.43249428
1312,5,0.49427918
1312,6,0.60640732
1313,0,0.4576659
1313,1,0.4416476
1313,2,0.43935927
1313,3,0.46681922
1313,4,0.42334096
1313,5,0.48970252
1313,6,0.60640732
1313,7,0.32036613
1313,8,0.61327231
1314,0,0.43249428
1314,2,0.4416476
1314,4,0.35697941
1314,5,0.49427918
1314,7,0.35469108
1314,8,0.56521739
1315,0,0.43020595
1315,1,0.42105263
1315,2,0.43249428
1315,3,0.48970252
1315,6,0.4416476
1315,7,0.32036613
1315,8,0.54691076
1316,0,0.42791762
1316,1,0.41647597
1316,2,0.42105263
1316,5,0.44393593
1316,6,0.50343249
1316,7,0.32723112
1316,8,0.63615561
1317,0,0.40503432
1317,1,0.42791762
1317,2,0.44393593
1317,3,0.44393593
1317,5,0.43707094
1317,6,0.49199085
1317,7,0.2791762
1318,0,0.43478261
1318,1,0.42334096
1318,2,0.4187643
1318,4,0.37528604
1318,5,0.4576659
1318,6,0.43249428
1318,7,0.38672769
1318,8,0.58352403
1319,0,0.43020595
1319,1,0.42334096
1319,2,0.41418764
1319,4,0.40732265
1319,5,0.50114416
1319,6,0.47826087
1319,7,0.29061785
1319,8,0.62700229
1320,0,0.43478261
1320,2,0.43249428
1320,3,0.43249428
1320,4,0.40732265
1320,6,0.67734554
1320,8,0.57208238
1321,0,0.47368421
1321,1,0.41647597
1321,2,0.42334096
1321,4,0.43020595
1321,6,0.57437071
1321,7,0.23112128
1321,8,0.52402746
1322,0,0.40045767
1322,2,0.42791762
1322,3,0.45308924
1322,4,0.38672769
1322,6,0.64302059
1322,7,0.26315789
1323,0,0.44622426
1323,1,0.42105263
1323,2,0.40732265
1323,4,0.40503432
1323,5,0.50343249
1323,6,0.58352403
1323,7,0.29519451
1323,8,0.53318078
1324,0,0.4187643
1324,1,0.42334096
1324,2,0.43707094
1324,3,0.44851259
1324,4,0.38901602
1324,6,0.48970252
1324,7,0.38215103
1324,8,0.5583524
1325,0,0.40961098
1325,1,0.39588101
1325,2,0.41418764
1325,3,0.45308924
1325,4,0.34782609
1325,5,0.4805492
1325,6,0.49427918
1325,7,0.29519451
1325,8,0.51029748
1326,0,0.41189931
1326,1,0.4187643
1326,2,0.40045767
1326,6,0.55606407
1326,7,0.29061785
1326,8,0.49427918
1327,0,0.40961098
1327,1,0.40503432
1327,2,0.40503432
1327,3,0.42791762
1327,5,0.45308924
1327,6,0.54919908
1327,7,0.22196796
1327,8,0.60411899
1328,0,0.40045767
1328,1,0.40045767
1328,2,0.42334096
1328,3,0.46681922
1328,4,0.31350114
1328,5,0.41418764
1328,6,0.48283753
1328,7,0.35240275
1328,8,0.51487414
1329,0,0.42105263
1329,1,0.40503432
1329,2,0.41189931
1329,4,0.39816934
1329,5,0.41647597
1329,6,0.4416476
1329,7,0.26544622
1329,8,0.55606407
1330,0,0.40503432
1330,1,0.41647597
1330,2,0.41647597
1330,4,0.39588101
1330,5,0.45308924
1330,6,0.7208238
1330,7,0.30892449
1330,8,0.56750572
1331,0,0.42791762
1331,1,0.40045767
1331,2,0.40045767
1331,3,0.49427918
1331,4,0.36842105
1331,5,0.45537757
1331,6,0.5194508
1331,7,0.41189931
1331,8,0.52402746
1332,0,0.402746
1332,1,0.39588101
1332,2,0.40732265
1332,4,0.33180778
1332,5,0.47139588
1332,6,0.49885584
1332,7,0.33409611
1332,8,0.60640732
1333,0,0.40503432
1333,1,0.402746
1333,2,0.41647597
1333,3,0.44622426
1333,5,0.47368421
1333,6,0.53318078
1333,7,0.19908467
1333,8,0.49885584
1334,0,0.40045767
1334,1,0.40045767
1334,2,0.41647597
1334,3,0.46453089
1334,4,0.39130435
1334,5,0.45080092
1334,6,0.50343249
1334,8,0.55148741
1335,0,0.41647597
1335,1,0.402746
1335,2,0.39130435
1335,3,0.40732265
1335,4,0.36155606
1335,5,0.42562929
1335,6,0.5194508
1335,7,0.17162471
1335,8,0.54462243
1336,0,0.39130435
1336,1,0.39588101
1336,2,0.38672769
1336,4,0.38215103
1336,5,0.42105263
1336,7,0.28604119
1337,0,0.402746
1337,1,0.37528604
1337,2,0.40503432
1337,5,0.44393593
1337,6,0.58352403
1337,7,0.20823799
1337,8,0.52860412
1338,0,0.38901602
1338,1,0.40503432
1338,2,0.40732265
1338,5,0.45080092
1338,6,0.49885584
1338,7,0.33409611
1338,8,0.46910755
1339,0,0.40732265
1339,1,0.39359268
1339,2,0.38672769
1339,3,0.45308924
1339,4,0.4187643
1339,6,0.4416476
1339,7,0.29519451
1339,8,0.57208238
1340,0,0.40503432
1340,1,0.38443936
1340,2,0.40961098
1340,3,0.45080092
1340,4,0.30663616
1340,5,0.44622426
1340,7,0.3020595
1340,8,0.56521739
1341,0,0.41647597
1341,1,0.38901602
1341,4,0.34324943
1341,5,0.41647597
1341,6,0.49656751
1341,7,0.23798627
1342,0,0.39359268
1342,1,0.39130435
1342,2,0.39816934
1342,3,0.44622426
1342,4,0.35926773
1342,5,0.44851259
1342,6,0.4805492
1342,7,0.40961098
1342,8,0.49885584
1343,0,0.40732265
1343,1,0.38901602
1343,2,0.41189931
1343,5,0.44851259
1343,6,0.59038902
1343,7,0.48741419
1343,8,0.56521739
1344,0,0.39816934
1344,1,0.39130435
1344,2,0.39816934
1344,5,0.4187643
1344,6,0.57437071
1344,7,0.27002288
1344,8,0.54691076
1345,0,0.39359268
1345,1,0.36842105
1345,2,0.35697941
1345,4,0.38672769
1345,5,0.40503432
1345,6,0.49427918
1345,7,0.29519451
1345,8,0.45308924
1346,1,0.36155606
1346,2,0.37070938
1346,3,0.40045767
1346,4,0.29290618
1346,5,0.42334096
1346,6,0.40732265
1346,7,0.27002288
1346,8,0.46453089
1347,1,0.3798627
1347,2,0.40503432
1347,3,0.35469108
1347,4,0.41418764
1347,5,0.43020595
1347,6,0.43249428
1347,7,0.26773455
1347,8,0.57665904
1348,0,0.36613272
1348,1,0.35926773
1348,2,0.36842105
1348,3,0.39130435
1348,5,0.44622426
1348,6,0.48512586
1348,7,0.21052632
1348,8,0.52173913
1349,0,0.39130435
1349,1,0.37528604
1349,3,0.39816934
1349,4,0.35240275
1349,5,0.43249428
1349,7,0.19908467
1350,0,0.37070938
1350,1,0.37070938
1350,2,0.37299771
1350,4,0.33867277
1350,5,0.40503432
1350,6,0.50343249
1350,7,0.18764302
1350,8,0.4805492
1351,0,0.36842105
1351,1,0.36384439
1351,2,0.36842105
1351,3,0.37528604
1351,4,0.32951945
1351,5,0.40961098
1351,6,0.45537757
1351,7,0.28832952
1351,8,0.46224256
1352,1,0.38215103
1352,2,0.35926773
1352,3,0.41418764
1352,4,0.33867277
1352,5,0.42562929
1352,6,0.46453089
1352,8,0.49199085
1353,0,0.38443936
1353,1,0.37757437
1353,2,0.40045767
1353,3,0.402746
1353,4,0.3798627
1353,6,0.4576659
1353,7,0.2402746
1353,8,0.49427918
1354,0,0.37528604
1354,1,0.36155606
1354,2,0.36613272
1354,3,0.38215103
1354,4,0.31121281
1354,5,0.40045767
1354,6,0.4805492
1354,7,0.08695652
1354,8,0.46681922
1355,0,0.35469108
1355,2,0.36384439
1355,3,0.36155606
1355,4,0.33409611
1355,5,0.38215103
1355,6,0.32951945
1355,7,0.2791762
1355,8,0.40961098
1356,0,0.37299771
1356,1,0.36842105
1356,2,0.37070938
1356,3,0.38215103
1356,6,0.41647597
1356,7,0.25858124
1356,8,0.55377574
1357,0,0.39359268
1357,1,0.35926773
1357,2,0.38901602
1357,3,0.43020595
1357,6,0.44851259
1357,7,0.35926773
1357,8,0.55148741
1358,0,0.37070938
1358,1,0.34782609
1358,2,0.36613272
1358,3,0.37528604
1358,4,0.3180778
1358,5,0.41418764
1358,6,0.54004577
1358,7,0.2791762
1358,8,0.43478261
1359,0,0.3798627
1359,1,0.35697941
1359,2,0.37070938
1359,3,0.38901602
1359,4,0.3180778
1359,5,0.42791762
1359,6,0.43478261
1359,8,0.51029748
1360,0,0.36155606
1360,1,0.36842105
1360,3,0.38672769
1360,4,0.40732265
1360,5,0.42105263
1360,6,0.48741419
1360,7,0.15789474
1360,8,0.45995423
1361,0,0.35926773
1361,1,0.37070938
1361,2,0.36384439
1361,3,0.40732265
1361,4,0.35011442
1361,6,0.49427918
1361,7,0.10983982
1361,8,0.49199085
1362,0,0.37757437
1362,1,0.36155606
1362,2,0.37528604
1362,3,0.40503432
1362,4,0.35011442
1362,5,0.43478261
1362,6,0.54919908
1362,7,0.20823799
1362,8,0.48283753
1363,0,0.36613272
1363,1,0.35697941
1363,2,0.34324943
1363,3,0.3180778
1363,6,0.54004577
1363,7,0.20594966
1363,8,0.46910755
1364,0,0.38672769
1364,1,0.35697941
1364,2,0.3798627
1364,3,0.42334096
1364,4,0.37070938
1364,5,0.402746
1364,6,0.47826087
1364,8,0.59496568
1365,0,0.35240275
1365,1,0.35469108
1365,4,0.28832952
1365,5,0.43249428
1365,6,0.4416476
1365,7,0.3180778
1365,8,0.47368421
1366,1,0.35240275
1366,2,0.35240275
1366,4,0.37528604
1366,5,0.38443936
1366,6,0.43249428
1366,7,0.25171625
1366,8,0.45537757
1367,0,0.35011442
1367,1,0.35011442
1367,2,0.36613272
1367,3,0.41418764
1367,5,0.37528604
1367,6,0.44851259
1367,7,0.32265446
1367,8,0.45080092
1368,0,0.33638444
1368,2,0.35697941
1368,4,0.25400458
1368,5,0.36384439
1368,6,0.43935927
1368,7,0.15560641
1368,8,0.53546911
1369,1,0.34324943
1369,2,0.35697941
1369,3,0.35469108
1369,5,0.38215103
1369,6,0.49199085
1369,7,0.30892449
1369,8,0.40732265
1370,0,0.34782609
1370,1,0.34324943
1370,2,0.35697941
1370,3,0.36155606
1370,4,0.29977117
1370,5,0.38443936
1370,6,0.48741419
1370,8,0.45080092
1371,0,0.37757437
1371,1,0.36155606
1371,3,0.38443936
1371,4,0.32036613
1371,5,0.41647597
1371,6,0.50800915
1371,7,0.30663616
1371,8,0.56292906
1372,0,0.33638444
1372,1,0.3409611
1372,2,0.32951945
1372,3,0.35469108
1372,5,0.38901602
1372,6,0.52402746
1372,7,0.09610984
1372,8,0.48741419
1373,0,0.34782609
1373,1,0.32723112
1373,2,0.33409611
1373,3,0.37528604
1373,4,0.32265446
1373,5,0.35926773
1373,6,0.55606407
1373,7,0.32265446
1374,0,0.35697941
1374,1,0.35240275
1374,2,0.36842105
1374,3,0.34553776
1374,4,0.33409611
1374,5,0.39359268
1374,8,0.50114416
1375,0,0.35011442
1375,3,0.35011442
1375,4,0.31121281
1375,5,0.38215103
1375,6,0.46453089
1375,7,0.24485126
1375,8,0.57665904
1376,0,0.32951945
1376,1,0.32723112
1376,2,0.34553776
1376,5,0.35011442
1376,6,0.51487414
1376,7,0.26086957
1376,8,0.48741419
1377,2,0.36613272
1377,3,0.4187643
1377,4,0.32036613
1377,5,0.37528604
1377,6,0.4416476
1377,7,0.18535469
1378,0,0.3409611
1378,1,0.31578947
1378,2,0.34553776
1378,3,0.34782609
1378,5,0.36842105
1378,6,0.51716247
1379,0,0.32265446
1379,1,0.35011442
1379,2,0.35011442
1379,3,0.41418764
1379,4,0.29748284
1379,6,0.52631579
1379,7,0.33638444
1379,8,0.45537757
1380,2,0.3409611
1380,3,0.38443936
1380,4,0.27459954
1380,5,0.41418764
1380,6,0.51487414
1380,7,0.15789474
1380,8,0.46681922
1381,0,0.33638444
1381,1,0.33409611
1381,5,0.38215103
1381,6,0.45308924
1381,7,0.28604119
1381,8,0.4187643
1382,0,0.33638444
1382,1,0.35011442
1382,4,0.34324943
1382,5,0.40732265
1382,6,0.42562929
1382,7,0.30434783
1382,8,0.54462243
1383,0,0.34782609
1383,2,0.33867277
1383,4,0.32036613
1383,5,0.34782609
1383,6,0.36384439
1383,8,0.49427918
1384,0,0.35240275
1384,1,0.32265446
1384,2,0.32265446
1384,3,0.33180778
1384,5,0.40503432
1384,6,0.45080092
1384,7,0.16704805
1384,8,0.52631579
1385,0,0.34324943
1385,1,0.32951945
1385,2,0.35697941
1385,4,0.35011442
1385,6,0.53546911
1385,8,0.52631579
1386,0,0.36155606
1386,1,0.32265446
1386,2,0.35011442
1386,4,0.29061785
1386,5,0.40961098
1386,6,0.43707094
1386,7,0.37299771
1386,8,0.4576659
1387,0,0.33409611
1387,1,0.34782609
1387,2,0.35926773
1387,3,0.38901602
1387,4,0.33180778
1387,5,0.35011442
1387,6,0.49885584
1387,7,0.25400458
1388,0,0.35240275
1388,1,0.3180778
1388,2,0.32036613
1388,3,0.35926773
1388,5,0.36155606
1388,6,0.49199085
1388,7,0.27002288
1388,8,0.42334096
1389,0,0.33638444
1389,1,0.32723112
1389,2,0.3409611
1389,4,0.28604119
1389,5,0.37757437
1389,6,0.42105263
1389,7,0.11441648
1389,8,0.4576659
1390,0,0.33180778
1390,2,0.35697941
1390,6,0.5194508
1390,7,0.37070938
1390,8,0.42562929
1391,0,0.33867277
1391,2,0.31578947
1391,3,0.34324943
1391,5,0.37757437
1391,6,0.26773455
1391,8,0.46453089
1392,0,0.32951945
1392,1,0.3409611
1392,2,0.35240275
1392,3,0.37757437
1392,4,0.34324943
1392,5,0.37070938
1392,7,0.15102975
1392,8,0.52631579
1393,0,0.3180778
1393,1,0.31578947
1393,2,0.32951945
1393,3,0.36842105
1393,4,0.32494279
1393,5,0.36384439
1393,6,0.36842105
1393,7,0.29061785
1393,8,0.45308924
1394,0,0.31578947
1394,1,0.30892449
1394,3,0.37070938
1394,4,0.29748284
1394,5,0.35469108
1394,6,0.38215103
1394,7,0.14874142
1394,8,0.46224256
1395,0,0.32036613
1395,3,0.38215103
1395,6,0.38901602
1395,7,0.17620137
1395,8,0.45537757
1396,0,0.3020595
1396,1,0.31121281
1396,2,0.3020595
1396,3,0.35469108
1396,5,0.35697941
1396,6,0.44393593
1396,7,0.26086957
1397,0,0.32951945
1397,3,0.31578947
1397,4,0.27459954
1397,5,0.3798627
1397,6,0.44393593
1397,8,0.48512586
1398,0,0.32723112
1398,1,0.3180778
1398,3,0.35011442
1398,4,0.32494279
1398,5,0.35697941
1398,6,0.46224256
1398,7,0.29290618
1398,8,0.43249428
1399,0,0.32036613
1399,1,0.31121281
1399,2,0.32265446
1399,4,0.3020595
1399,6,0.45995423
1399,7,0.12128146
1399,8,0.34782609
1400,0,0.30663616
1400,1,0.3020595
1400,2,0.32265446
1400,3,0.40961098
1400,4,0.26086957
1400,5,0.37299771
1400,6,0.36842105
1400,7,0.2791762
1400,8,0.46681922
1401,0,0.3020595
1401,3,0.36842105
1401,4,0.25400458
1401,5,0.35011442
1401,6,0.36384439
1401,7,0.28604119
1402,0,0.32951945
1402,2,0.32265446
1402,3,0.40961098
1402,6,0.4576659
1402,7,0.15331808
1402,8,0.50343249
1403,0,0.29977117
1403,1,0.3020595
1403,2,0.33409611
1403,4,0.28146453
1403,5,0.34782609
1403,6,0.39588101
1403,7,0.32494279
1403,8,0.47597254
1404,0,0.32265446
1404,1,0.29977117
1404,2,0.30892449
1404,3,0.38443936
1404,4,0.33180778
1404,5,0.3798627
1404,6,0.34324943
1404,7,0.11441648
1404,8,0.42562929
1405,0,0.29519451
1405,1,0.30434783
1405,2,0.29748284
1405,3,0.34553776
1405,5,0.36842105
1405,7,0.16018307
1405,8,0.39130435
1406,1,0.29290618
1406,2,0.30892449
1406,3,0.3409611
1406,4,0.30434783
1406,6,0.46910755
1406,7,0.22883295
1407,0,0.34553776
1407,1,0.31350114
1407,3,0.35240275
1407,5,0.3798627
1407,6,0.51258581
1407,7,0.15789474
1407,8,0.47826087
1408,0,0.32036613
1408,1,0.30892449
1408,2,0.31350114
1408,3,0.29977117
1408,6,0.50800915
1408,7,0.21967963
1409,0,0.31121281
1409,2,0.30434783
1409,4,0.24713959
1409,5,0.32723112
1409,6,0.43020595
1409,7,0.21967963
1409,8,0.44851259
1410,0,0.33409611
1410,1,0.32036613
1410,2,0.32951945
1410,3,0.35011442
1410,4,0.25629291
1410,5,0.35240275
1410,6,0.46453089
1410,8,0.44622426
1411,0,0.30434783
1411,1,0.30434783
1411,3,0.37070938
1411,4,0.31578947
1411,5,0.36842105
1411,7,0.19221968
1411,8,0.52860412
1412,0,0.3180778
1412,1,0.3020595
1412,3,0.32723112
1412,4,0.24942792
1412,5,0.35469108
1412,6,0.49885584
1412,7,0.26086957
1412,8,0.40045767
1413,0,0.32494279
1413,1,0.3180778
1413,3,0.36155606
1413,4,0.30434783
1413,5,0.34324943
1413,7,0.19908467
1413,8,0.53546911
1414,0,0.30434783
1414,1,0.28604119
1414,2,0.30892449
1414,4,0.25400458
1414,6,0.37528604
1414,7,0.21052632
1414,8,0.43707094
1415,0,0.32723112
1415,1,0.30663616
1415,2,0.32265446
1415,3,0.36155606
1415,4,0.32494279
1415,5,0.36155606
1415,6,0.48512586
1415,7,0.28375286
1415,8,0.36155606
1416,0,0.31350114
1416,1,0.3020595
1416,2,0.30663616
1416,4,0.25171625
1416,5,0.33409611
1416,6,0.43020595
1416,7,0.25171625
1416,8,0.43020595
1417,0,0.30892449
1417,1,0.30434783
1417,2,0.31350114
1417,3,0.31578947
1417,4,0.30434783
1417,5,0.3798627
1417,6,0.46910755
1417,7,0.25171625
1417,8,0.48283753
1418,2,0.31121281
1418,3,0.33409611
1418,4,0.28604119
1418,6,0.43478261
1418,7,0.12814645
1418,8,0.43020595
1419,0,0.28604119
1419,2,0.32723112
1419,3,0.31350114
1419,4,0.28146453
1419,6,0.48970252
1419,7,0.23569794
1420,0,0.29519451
1420,1,0.28604119
1420,2,0.29977117
1420,3,0.31578947
1420,4,0.21967963
1420,5,0.37528604
1420,6,0.42791762
1421,0,0.30663616
1421,1,0.29519451
1421,2,0.32951945
1421,3,0.30892449
1421,4,0.21510297
1421,5,0.36155606
1421,6,0.33409611
1421,7,0.1395881
1421,8,0.37299771
1422,1,0.28375286
1422,2,0.29977117
1422,3,0.30663616
1422,4,0.25858124
1422,5,0.36384439
1422,6,0.48970252
1422,7,0.10297483
1422,8,0.42334096
1423,0,0.29519451
1423,1,0.28832952
1423,2,0.28375286
1423,3,0.35697941
1423,6,0.35011442
1423,7,0.18077803
1423,8,0.38672769
1424,0,0.2791762
1424,1,0.28832952
1424,2,0.30663616
1424,3,0.29977117
1424,4,0.26544622
1424,5,0.33409611
1424,6,0.47368421
1424,8,0.44622426
1425,0,0.31121281
1425,1,0.28832952
1425,2,0.28832952
1425,5,0.33867277
1425,6,0.38901602
1425,7,0.11441648
1425,8,0.45308924
1426,0,0.32951945
1426,1,0.3020595
1426,2,0.32036613
1426,3,0.34324943
1426,4,0.24942792
1426,5,0.3798627
1426,6,0.48741419
1426,7,0.25858124
1426,8,0.39588101
1427,1,0.2791762
1427,2,0.3020595
1427,3,0.30663616
1427,5,0.33409611
1427,6,0.46453089
1427,7,0.23798627
1427,8,0.38901602
1428,0,0.3020595
1428,1,0.29519451
1428,2,0.29977117
1428,3,0.35011442
1428,5,0.33180778
1428,6,0.42791762
1428,7,0.05720824
1428,8,0.46224256
1429,0,0.29290618
1429,1,0.28832952
1429,2,0.29061785
1429,3,0.35240275
1429,4,0.23112128
1429,5,0.3020595
1429,6,0.43249428
1429,7,0.12814645
1429,8,0.38672769
1430,0,0.29519451
1430,1,0.29748284
1430,2,0.30663616
1430,3,0.34553776
1430,5,0.33638444
1430,6,0.43020595
1430,7,0.08924485
1430,8,0.3798627
1431,0,0.28832952
1431,1,0.29519451
1431,2,0.3020595
1431,3,0.33638444
1431,4,0.28375286
1431,5,0.35469108
1431,6,0.29290618
1431,7,0.16018307
1431,8,0.37757437
1432,0,0.29977117
1432,1,0.28375286
1432,2,0.30663616
1432,3,0.32265446
1432,4,0.28146453
1432,5,0.35697941
1432,6,0.41647597
1432,7,0.22196796
1432,8,0.44851259
1433,0,0.29061785
1433,1,0.27231121
1433,2,0.27002288
1433,3,0.29061785
1433,5,0.33867277
1433,6,0.33409611
1433,7,0.16475973
1433,8,0.43478261
1434,0,0.27688787
1434,1,0.27231121
1434,2,0.29748284
1434,3,0.36384439
1434,4,0.25400458
1434,5,0.32265446
1434,6,0.40961098
1434,7,0.14187643
1434,8,0.39130435
1435,0,0.29748284
1435,2,0.28832952
1435,3,0.30434783
1435,4,0.28146453
1435,5,0.29748284
1435,6,0.33638444
1435,7,0.27459954
1435,8,0.42562929
1436,0,0.28604119
1436,1,0.28604119
1436,2,0.30663616
1436,3,0.33409611
1436,5,0.32036613
1436,6,0.33180778
1436,7,0.0228833
1437,0,0.2791762
1437,1,0.3020595
1437,2,0.30892449
1437,3,0.35469108
1437,4,0.23569794
1437,5,0.33638444
1437,6,0.50343249
1437,7,0.2791762
1437,8,0.50343249
1438,0,0.28375286
1438,1,0.29748284
1438,2,0.29748284
1438,3,0.30892449
1438,4,0.25171625
1438,5,0.32723112
1438,6,0.46453089
1438,7,0.14874142
1438,8,0.3798627
1439,0,0.28832952
1439,2,0.29977117
1439,3,0.34782609
1439,4,0.30663616
1439,6,0.402746
1439,7,0.18077803
1439,8,0.33638444
1440,0,0.31350114
1440,2,0.28604119
1440,3,0.3409611
1440,4,0.26315789
1440,5,0.34553776
1440,6,0.41189931
1440,8,0.44622426
1441,0,0.3020595
1441,1,0.29519451
1441,2,0.31350114
1441,3,0.36384439
1441,4,0.26773455
1441,5,0.37299771
1441,6,0.39130435
1441,7,0.15102975
1441,8,0.42334096
1442,0,0.27231121
1442,1,0.28832952
1442,4,0.32036613
1442,5,0.33180778
1442,6,0.43020595
1442,7,0.28604119
1443,0,0.28375286
1443,1,0.26773455
1443,2,0.29748284
1443,5,0.31578947
1443,6,0.34782609
1443,8,0.37757437
1444,0,0.27002288
1444,1,0.27459954
1444,2,0.29519451
1444,4,0.2173913
1444,5,0.32494279
1444,6,0.45537757
1444,8,0.45080092
1445,0,0.29290618
1445,1,0.2791762
1445,4,0.27002288
1445,5,0.32494279
1445,6,0.37528604
1445,8,0.45308924
1446,0,0.27688787
1446,1,0.27688787
1446,3,0.29977117
1446,4,0.29519451
1446,6,0.36613272
1446,7,0.08924485
1446,8,0.31350114
1447,0,0.28832952
1447,1,0.28146453
1447,2,0.30434783
1447,3,0.28832952
1447,5,0.31350114
1447,6,0.40045767
1447,7,0.18077803
1448,0,0.30663616
1448,2,0.28832952
1448,3,0.31121281
1448,4,0.25171625
1448,5,0.33638444
1448,6,0.36842105
1448,7,0.22196796
1448,8,0.39588101
1449,0,0.26773455
1449,1,0.2791762
1449,2,0.2791762
1449,3,0.3180778
1449,6,0.41189931
1449,7,0.06636156
1449,8,0.52173913
1450,0,0.27002288
1450,2,0.28832952
1450,3,0.31578947
1450,5,0.33409611
1450,6,0.36384439
1450,7,0.11441648
1450,8,0.44393593
1451,0,0.28832952
1451,1,0.29061785
1451,2,0.29977117
1451,3,0.31578947
1451,4,0.28604119
1451,5,0.33867277
1451,6,0.43020595
1451,8,0.4576659
1452,0,0.29519451
1452,1,0.28604119
1452,2,0.28146453
1452,3,0.27002288
1452,4,0.22425629
1452,5,0.33409611
1452,6,0.46224256
1452,7,0.16704805
1452,8,0.46910755
1453,1,0.3020595
1453,2,0.30663616
1453,3,0.3409611
1453,4,0.24942792
1453,5,0.34782609
1453,6,0.36842105
1453,7,0.13043478
1453,8,0.43249428
1454,0,0.26773455
1454,1,0.28146453
1454,2,0.29061785
1454,4,0.26315789
1454,5,0.29290618
1454,6,0.38672769
1454,7,0.12128146
1454,8,0.45537757
1455,1,0.26773455
1455,2,0.26086957
1455,3,0.34324943
1455,4,0.25858124
1455,5,0.32265446
1455,6,0.40503432
1455,7,0.13729977
1455,8,0.43478261
1456,0,0.25400458
1456,1,0.28146453
1456,2,0.29290618
1456,3,0.32494279
1456,4,0.28375286
1456,5,0.31350114
1456,7,0.22196796
1456,8,0.44393593
1457,0,0.27688787
1457,1,0.27231121
1457,2,0.29290618
1457,3,0.32723112
1457,4,0.29290618
1457,5,0.30434783
1457,6,0.36842105
1457,7,0.15102975
1458,0,0.29519451
1458,1,0.28604119
1458,2,0.29290618
1458,3,0.33180778
1458,4,0.25400458
1458,5,0.30892449
1458,6,0.42562929
1458,7,0.25400458
1458,8,0.40732265
1459,0,0.29748284
1459,1,0.26773455
1459,2,0.29748284
1459,4,0.28375286
1459,5,0.33409611
1459,6,0.42562929
1459,7,0.10755149
1459,8,0.42562929
1460,0,0.27231121
1460,1,0.2791762
1460,2,0.27002288
1460,4,0.23569794
1460,5,0.31578947
1460,6,0.45080092
1460,7,0.08466819
1460,8,0.38443936
1461,0,0.26544622
1461,2,0.27688787
1461,3,0.30892449
1461,4,0.26315789
1461,5,0.28146453
1461,6,0.34553776
1461,7,0.29519451
1461,8,0.402746
1462,0,0.29061785
1462,1,0.26086957
1462,2,0.26773455
1462,3,0.32723112
1462,4,0.25171625
1462,5,0.32723112
1462,6,0.33180778
1462,7,0.12356979
1462,8,0.35697941
1463,0,0.25171625
1463,1,0.26773455
1463,2,0.26544622
1463,3,0.31121281
1463,4,0.25171625
1463,5,0.28604119
1463,6,0.36384439
1463,7,0.07551487
1463,8,0.36842105
1464,0,0.27002288
1464,1,0.26086957
1464,2,0.27002288
1464,3,0.29748284
1464,4,0.25400458
1464,5,0.3180778
1464,7,0.04576659
1464,8,0.39359268
1465,0,0.28375286
1465,1,0.2791762
1465,2,0.27459954
1465,3,0.29290618
1465,5,0.32723112
1465,6,0.33638444
1465,7,0.24713959
1465,8,0.37070938
1466,0,0.29290618
1466,1,0.28146453
1466,2,0.28604119
1466,3,0.31350114
1466,4,0.21281465
1466,5,0.34553776
1466,6,0.43020595
1466,7,0.15789474
1467,0,0.27459954
1467,1,0.26086957
1467,3,0.31578947
1467,4,0.2173913
1467,5,0.35240275
1467,6,0.32265446
1467,7,0.15560641
1467,8,0.38901602
1468,0,0.27002288
1468,2,0.27002288
1468,4,0.2402746
1468,6,0.51258581
1468,7,0.15102975
1469,0,0.25171625
1469,2,0.29061785
1469,4,0.201373
1469,6,0.46453089
1469,7,0.24256293
1469,8,0.40503432
1470,1,0.28146453
1470,2,0.28375286
1470,3,0.30663616
1470,4,0.27459954
1470,5,0.29977117
1470,6,0.39588101
1471,0,0.26544622
1471,1,0.26086957
1471,2,0.25858124
1471,4,0.26315789
1471,5,0.31121281
1471,6,0.43249428
1471,7,0.15102975
1471,8,0.42334096
1472,0,0.2791762
1472,1,0.27459954
1472,2,0.28832952
1472,3,0.31121281
1472,4,0.25171625
1472,5,0.31121281
1472,6,0.29061785
1472,8,0.45080092
1473,1,0.27002288
1473,2,0.27002288
1473,6,0.53089245
1473,8,0.38672769
1474,0,0.25858124
1474,1,0.26544622
1474,2,0.27231121
1474,3,0.30892449
1474,6,0.34553776
1474,7,0.32265446
1474,8,0.46453089
1475,0,0.28146453
1475,1,0.26544622
1475,2,0.28604119
1475,3,0.32951945
1475,4,0.2173913
1475,5,0.32951945
1475,6,0.38215103
1475,7,0.18077803
1475,8,0.45537757
1476,0,0.2791762
1476,2,0.2791762
1476,3,0.33409611
1476,5,0.32036613
1476,6,0.2791762
1476,7,0.2402746
1476,8,0.43020595
1477,0,0.27459954
1477,1,0.26773455
1477,2,0.29061785
1477,3,0.30892449
1477,4,0.28375286
1477,6,0.41647597
1477,7,0.22654462
1477,8,0.4187643
1478,0,0.27002288
1478,1,0.25858124
1478,2,0.27459954
1478,4,0.29290618
1478,6,0.31578947
1478,7,0.15789474
1478,8,0.41647597
1479,0,0.26086957
1479,1,0.27002288
1479,2,0.26544622
1479,3,0.27231121
1479,4,0.24485126
1479,5,0.30663616
1479,6,0.38672769
1479,7,0.12356979
1480,0,0.27688787
1480,1,0.28375286
1480,2,0.3020595
1480,5,0.31350114
1480,6,0.35926773
1480,7,0.19450801
1480,8,0.46681922
1481,0,0.2791762
1481,1,0.26086957
1481,2,0.27688787
1481,3,0.29519451
1481,4,0.25400458
1481,5,0.29290618
1481,6,0.32036613
1481,7,0.19908467
1481,8,0.45995423
1482,0,0.28832952
1482,1,0.28604119
1482,2,0.28832952
1482,3,0.3180778
1482,4,0.26086957
1482,5,0.34553776
1482,6,0.35011442
1482,7,0.1395881
1482,8,0.4805492
1483,0,0.26544622
1483,1,0.24942792
1483,2,0.28375286
1483,4,0.25400458
1483,5,0.32265446
1483,7,0.17620137
1483,8,0.40732265
1484,0,0.2791762
1484,1,0.26086957
1484,2,0.28146453
1484,3,0.26315789
1484,4,0.2402746
1484,5,0.33409611
1484,6,0.39816934
1484,7,0.25400458
1484,8,0.43478261
1485,0,0.28832952
1485,1,0.26773455
1485,2,0.28604119
1485,3,0.34324943
1485,6,0.3180778
1485,7,0.31578947
1485,8,0.47597254
1486,0,0.2402746
1486,1,0.24942792
1486,2,0.29061785
1486,3,0.29748284
1486,4,0.23112128
1486,5,0.29977117
1486,6,0.33180778
1486,8,0.36842105
1487,0,0.27688787
1487,2,0.26315789
1487,3,0.3020595
1487,5,0.29061785
1487,6,0.40961098
1487,7,0.21281465
1487,8,0.3798627
1488,0,0.26086957
1488,1,0.24713959
1488,2,0.26315789
1488,3,0.32494279
1488,5,0.28604119
1488,6,0.52173913
1488,7,0.28375286
1488,8,0.39816934
1489,0,0.28832952
1489,1,0.2791762
1489,2,0.28604119
1489,3,0.29977117
1489,5,0.33180778
1489,6,0.42105263
1489,8,0.4576659
1490,0,0.28375286
1490,1,0.26315789
1490,3,0.31350114
1490,4,0.26315789
1490,5,0.29290618
1490,6,0.32723112
1490,7,0.11899314
1490,8,0.44622426
1491,0,0.27688787
1491,2,0.30434783
1491,3,0.32036613
1491,4,0.32494279
1491,5,0.36842105
1491,6,0.38215103
1491,7,0.23340961
1491,8,0.41418764
1492,1,0.26773455
1492,2,0.25858124
1492,3,0.29748284
1492,4,0.201373
1492,5,0.28832952
1492,6,0.38215103
1492,7,0.25629291
1492,8,0.33409611
1493,0,0.26773455
1493,1,0.27459954
1493,2,0.26086957
1493,4,0.2402746
1493,5,0.32265446
1493,7,0.10755149
1493,8,0.42105263
1494,1,0.28146453
1494,2,0.28146453
1494,5,0.35469108
1494,6,0.37528604
1494,7,0.14416476
1494,8,0.37528604
1495,1,0.28604119
1495,2,0.27688787
1495,3,0.29977117
1495,4,0.22425629
1495,6,0.45080092
1495,7,0.29977117
1495,8,0.35240275
1496,0,0.28604119
1496,1,0.28146453
1496,2,0.28832952
1496,3,0.35697941
1496,4,0.3020595
1496,5,0.3409611
1496,6,0.41189931
1496,7,0.11441648
1496,8,0.36384439
1497,0,0.27459954
1497,1,0.26773455
1497,2,0.29061785
1497,3,0.30434783
1497,4,0.23569794
1497,6,0.44622426
1497,7,0.08466819
1497,8,0.43020595
1498,0,0.3020595
1498,2,0.27688787
1498,3,0.32723112
1498,4,0.21052632
1498,5,0.32723112
1498,6,0.37528604
1498,7,0.2791762
1498,8,0.47826087
1499,0,0.27002288
1499,2,0.26773455
1499,3,0.26544622
1499,4,0.26544622
1499,5,0.3020595
1499,6,0.46453089
1499,8,0.41418764
1500,0,0.27459954
1500,1,0.28146453
1500,2,0.28375286
1500,6,0.38215103
1500,7,0.25629291
1500,8,0.42334096
1501,1,0.26086957
1501,2,0.28146453
1501,4,0.28832952
1501,6,0.32723112
1501,7,0.19450801
1501,8,0.45995423
1502,0,0.27231121
1502,1,0.25629291
1502,3,0.32723112
1502,5,0.28604119
1502,6,0.50572082
1502,7,0.16018307
1502,8,0.33180778
1503,0,0.26315789
1503,1,0.26773455
1503,2,0.26315789
1503,3,0.32951945
1503,4,0.26315789
1503,5,0.33180778
1503,6,0.28146453
1503,8,0.43249428
1504,0,0.27002288
1504,1,0.26315789
1504,2,0.28604119
1504,4,0.24942792
1504,5,0.34324943
1504,7,0.13729977
1504,8,0.40732265
1505,0,0.27688787
1505,1,0.26315789
1505,2,0.28375286
1505,3,0.30663616
1505,4,0.25171625
1505,6,0.3409611
1505,7,0.18535469
1505,8,0.43249428
1506,0,0.27688787
1506,1,0.27688787
1506,2,0.29290618
1506,3,0.30663616
1506,4,0.28832952
1506,6,0.35469108
1506,8,0.39130435
1507,0,0.28375286
1507,1,0.2791762
1507,2,0.29748284
1507,3,0.32265446
1507,5,0.31578947
1507,6,0.53775744
1507,7,0.28375286
1507,8,0.3798627
1508,0,0.27231121
1508,2,0.29977117
1508,3,0.35926773
1508,4,0.22196796
1508,5,0.29748284
1508,6,0.49199085
1508,7,0.18764302
1508,8,0.41647597
1509,0,0.27002288
1509,1,0.27459954
1509,2,0.28604119
1509,4,0.25171625
1509,5,0.28375286
1509,7,0.32951945
1509,8,0.49656751
1510,0,0.27459954
1510,1,0.26086957
1510,2,0.27459954
1510,3,0.25858124
1510,5,0.29290618
1510,6,0.46453089
1510,7,0.1006865
1510,8,0.4416476
1511,0,0.29748284
1511,1,0.27688787
1511,2,0.27459954
1511,3,0.32494279
1511,4,0.23340961
1511,6,0.36842105
1511,8,0.38672769
1512,0,0.27459954
1512,1,0.27002288
1512,2,0.27688787
1512,5,0.31350114
1512,6,0.52173913
1512,7,0.16475973
1512,8,0.34553776
1513,1,0.27459954
1513,3,0.27459954
1513,4,0.201373
1513,5,0.33638444
1513,6,0.39816934
1513,7,0.13272311
1513,8,0.32265446
1514,0,0.28146453
1514,1,0.2791762
1514,2,0.29519451
1514,3,0.30892449
1514,4,0.23798627
1514,5,0.33180778
1514,7,0.09610984
1514,8,0.47139588
1515,0,0.28604119
1515,2,0.26773455
1515,3,0.3020595
1515,4,0.27688787
1515,5,0.32494279
1515,6,0.44393593
1515,7,0.16018307
1515,8,0.36842105
1516,0,0.27688787
1516,1,0.29061785
1516,2,0.28375286
1516,3,0.31121281
1516,4,0.27459954
1516,5,0.32494279
1516,6,0.40961098
1516,7,0.21052632
1516,8,0.40732265
1517,0,0.30434783
1517,1,0.26773455
1517,3,0.31350114
1517,4,0.27002288
1517,5,0.31578947
1517,6,0.39130435
1517,7,0.21281465
1518,0,0.27688787
1518,1,0.27231121
1518,2,0.28832952
1518,3,0.27688787
1518,5,0.3409611
1518,6,0.36842105
1518,7,0.31578947
1519,0,0.31350114
1519,1,0.28604119
1519,2,0.30434783
1519,4,0.26544622
1519,6,0.39130435
1519,7,0.2173913
1520,0,0.28146453
1520,1,0.2791762
1520,2,0.28832952
1520,3,0.34324943
1520,4,0.27231121
1520,6,0.43478261
1520,7,0.26086957
1520,8,0.48283753
1521,0,0.30663616
1521,1,0.2791762
1521,2,0.29519451
1521,3,0.27459954
1521,4,0.23112128
1521,5,0.33180778
1521,6,0.41647597
1521,7,0.18306636
1522,0,0.29061785
1522,1,0.28146453
1522,2,0.28604119
1522,3,0.32265446
1522,4,0.2402746
1522,5,0.28375286
1522,6,0.38901602
1522,8,0.33867277
1523,0,0.28146453
1523,1,0.27231121
1523,2,0.29290618
1523,3,0.29748284
1523,5,0.30434783
1523,6,0.47139588
1523,7,0.28375286
1523,8,0.47826087
1524,0,0.28375286
1524,1,0.26773455
1524,2,0.28375286
1524,3,0.28375286
1524,4,0.25400458
1524,5,0.30663616
1524,6,0.22196796
1524,7,0.33867277
1524,8,0.402746
1525,0,0.28832952
1525,1,0.28832952
1525,2,0.3020595
1525,4,0.26773455
1525,5,0.32265446
1525,6,0.43020595
1525,7,0.21967963
1526,0,0.31121281
1526,1,0.28604119
1526,2,0.32265446
1526,4,0.27459954
1526,6,0.44851259
1526,7,0.12128146
1526,8,0.37757437
1527,0,0.29748284
1527,1,0.29061785
1527,2,0.3020595
1527,3,0.32951945
1527,5,0.34782609
1527,6,0.47139588
1527,7,0.15102975
1527,8,0.41647597
1528,0,0.25858124
1528,1,0.27231121
1528,2,0.28375286
1528,3,0.27688787
1528,5,0.32036613
1528,6,0.38901602
1528,7,0.19450801
1529,1,0.27002288
1529,2,0.28604119
1529,4,0.24256293
1529,5,0.3180778
1529,6,0.40045767
1529,8,0.37757437
1530,0,0.27459954
1530,1,0.28604119
1530,2,0.28604119
1530,3,0.3180778
1530,4,0.24485126
1530,5,0.35240275
1530,6,0.45308924
1530,7,0.21052632
1530,8,0.43935927
1531,1,0.26086957
1531,2,0.29977117
1531,3,0.27231121
1531,4,0.32951945
1531,5,0.3020595
1531,6,0.46910755
1531,7,0.21510297
1531,8,0.37757437
1532,0,0.28832952
1532,1,0.29519451
1532,2,0.29290618
1532,4,0.28146453
1532,5,0.36384439
1532,6,0.38215103
1532,7,0.21281465
1532,8,0.33409611
1533,0,0.29061785
1533,1,0.26773455
1533,2,0.28604119
1533,3,0.32723112
1533,4,0.26544622
1533,5,0.31578947
1533,7,0.18077803
1534,0,0.28375286
1534,1,0.27459954
1534,2,0.2791762
1534,3,0.29290618
1534,4,0.24713959
1534,5,0.32723112
1534,8,0.40732265
1535,0,0.29290618
1535,2,0.29061785
1535,4,0.23340961
1535,5,0.31350114
1535,6,0.402746
1535,7,0.12585812
1536,0,0.27002288
1536,1,0.28832952
1536,2,0.30434783
1536,3,0.31350114
1536,4,0.25858124
1536,5,0.33638444
1536,6,0.49885584
1536,7,0.21281465
1536,8,0.36384439
1537,0,0.28832952
1537,2,0.28375286
1537,6,0.27459954
1538,0,0.26315789
1538,1,0.2791762
1538,3,0.32036613
1538,4,0.25858124
1538,6,0.35240275
1538,7,0.3020595
1538,8,0.42562929
1539,0,0.28146453
1539,1,0.26315789
1539,2,0.2791762
1539,3,0.28375286
1539,4,0.18764302
1539,5,0.32036613
1539,6,0.46453089
1539,7,0.23340961
1539,8,0.35011442
1540,0,0.29061785
1540,2,0.28146453
1540,3,0.32036613
1540,4,0.2173913
1540,5,0.3409611
1540,6,0.46453089
1541,0,0.30892449
1541,1,0.29748284
1541,2,0.30892449
1541,4,0.25629291
1541,5,0.33180778
1541,6,0.44393593
1541,7,0.23340961
1541,8,0.41647597
1542,0,0.29519451
1542,1,0.29977117
1542,2,0.31121281
1542,3,0.29977117
1542,4,0.2791762
1542,5,0.32494279
1542,6,0.38901602
1542,7,0.26773455
1542,8,0.44622426
1543,0,0.30663616
1543,1,0.28375286
1543,2,0.30892449
1543,3,0.33638444
1543,4,0.25171625
1543,5,0.37757437
1543,6,0.35011442
1543,7,0.15789474
1544,0,0.3020595
1544,2,0.28604119
1544,3,0.36155606
1544,4,0.29977117
1544,5,0.32265446
1544,7,0.14874142
1545,0,0.30663616
1545,1,0.3020595
1545,2,0.28832952
1545,3,0.39359268
1545,4,0.22654462
1545,5,0.35240275
1545,6,0.37528604
1545,7,0.1395881
1545,8,0.42105263
1546,0,0.28832952
1546,1,0.28832952
1546,2,0.28375286
1546,3,0.32036613
1546,5,0.3020595
1546,6,0.48741419
1546,7,0.17391304
1546,8,0.43478261
1547,0,0.30663616
1547,1,0.29748284
1547,2,0.28832952
1547,3,0.34782609
1547,4,0.24713959
1547,6,0.37299771
1547,7,0.1624714
1547,8,0.46224256
1548,1,0.29061785
1548,2,0.3180778
1548,3,0.29290618
1548,4,0.31350114
1548,5,0.33867277
1548,6,0.4187643
1548,7,0.2791762
1548,8,0.38215103
1549,0,0.29977117
1549,1,0.29977117
1549,2,0.32265446
1549,4,0.2791762
1549,5,0.34553776
1549,6,0.37299771
1549,7,0.16704805
1549,8,0.43707094
1550,0,0.30892449
1550,1,0.29061785
1550,2,0.30434783
1550,3,0.36384439
1550,4,0.29061785
1550,6,0.4576659
1550,7,0.13501144
1550,8,0.2791762
1551,0,0.3180778
1551,1,0.28375286
1551,2,0.31121281
1551,3,0.34553776
1551,5,0.34782609
1551,6,0.37757437
1551,7,0.32494279
1551,8,0.4416476
1552,0,0.30663616
1552,2,0.29748284
1552,3,0.31350114
1552,4,0.3180778
1552,5,0.28604119
1552,7,0.15560641
1553,0,0.28832952
1553,1,0.29061785
1553,2,0.29748284
1553,4,0.24485126
1553,5,0.3409611
1553,6,0.40045767
1553,7,0.19908467
1553,8,0.41418764
1554,0,0.30434783
1554,1,0.29061785
1554,2,0.29977117
1554,4,0.26544622
1554,5,0.32036613
1554,6,0.31350114
1554,7,0.22425629
1554,8,0.38901602
1555,0,0.29061785
1555,1,0.30434783
1555,2,0.30434783
1555,3,0.36384439
1555,5,0.35240275
1555,6,0.32265446
1555,7,0.12128146
1555,8,0.45308924
1556,0,0.31578947
1556,1,0.29519451
1556,2,0.29748284
1556,4,0.27002288
1556,5,0.33180778
1556,6,0.42105263
1557,0,0.30434783
1557,1,0.30434783
1557,2,0.30434783
1557,3,0.32265446
1557,4,0.21281465
1557,5,0.32494279
1557,6,0.33409611
1557,8,0.48512586
1558,0,0.29519451
1558,1,0.3020595
1558,3,0.33638444
1558,4,0.27459954
1558,5,0.35240275
1558,6,0.54691076
1558,7,0.29290618
1558,8,0.42791762
1559,0,0.29061785
1559,1,0.29977117
1559,2,0.30663616
1559,3,0.34553776
1559,4,0.29748284
1559,5,0.32723112
1559,6,0.29748284
1559,7,0.2402746
1559,8,0.39359268
1560,0,0.30434783
1560,1,0.30663616
1560,2,0.31578947
1560,3,0.31350114
1560,4,0.29061785
1560,5,0.3409611
1560,6,0.37070938
1560,7,0.30663616
1561,0,0.29977117
1561,1,0.29290618
1561,2,0.30663616
1561,3,0.35697941
1561,4,0.28832952
1561,5,0.32265446
1561,7,0.14874142
1561,8,0.44393593
1562,0,0.2791762
1562,1,0.29061785
1562,2,0.29290618
1562,3,0.29748284
1562,4,0.24942792
1562,5,0.29977117
1562,6,0.402746
1562,7,0.19221968
1562,8,0.36384439
1563,0,0.32036613
1563,1,0.3020595
1563,2,0.31121281
1563,3,0.32265446
1563,4,0.26544622
1563,5,0.37528604
1563,6,0.40503432
1563,7,0.21052632
1563,8,0.4187643
1564,2,0.3180778
1564,3,0.32494279
1564,4,0.3180778
1564,5,0.33409611
1564,7,0.22654462
1564,8,0.50572082
1565,0,0.31350114
1565,1,0.31350114
1565,2,0.3180778
1565,4,0.26544622
1565,5,0.34782609
1565,6,0.35697941
1565,7,0.10297483
1565,8,0.44622426
1566,0,0.31121281
1566,1,0.30663616
1566,2,0.30434783
1566,3,0.36155606
1566,4,0.28832952
1566,5,0.36842105
1566,6,0.36842105
1566,7,0.21281465
1566,8,0.35926773
1567,0,0.30892449
1567,1,0.30663616
1567,2,0.32036613
1567,3,0.33409611
1567,4,0.29061785
1567,5,0.34782609
1567,6,0.37070938
1567,7,0.11212815
1567,8,0.36842105
1568,0,0.31578947
1568,1,0.29519451
1568,2,0.30892449
1568,3,0.3020595
1568,5,0.32951945
1568,6,0.39816934
1568,8,0.44393593
1569,0,0.33180778
1569,2,0.30892449
1569,3,0.32723112
1569,4,0.32036613
1569,5,0.35697941
1569,6,0.53318078
1569,7,0.22883295
1569,8,0.48512586
1570,1,0.32036613
1570,4,0.31578947
1570,5,0.38443936
1570,6,0.43707094
1570,7,0.06864989
1570,8,0.3798627
1571,0,0.30434783
1571,1,0.29748284
1571,2,0.30663616
1571,3,0.33867277
1571,4,0.24256293
1571,6,0.48741419
1571,7,0.07551487
1571,8,0.46224256
1572,0,0.31350114
1572,1,0.30892449
1572,2,0.32494279
1572,3,0.32265446
1572,5,0.3409611
1572,7,0.27002288
1572,8,0.51487414
1573,0,0.31578947
1573,1,0.3020595
1573,2,0.3020595
1573,4,0.24485126
1573,5,0.34782609
1573,6,0.44851259
1573,7,0.16475973
1573,8,0.52860412
1574,0,0.32036613
1574,1,0.30892449
1574,2,0.32951945
1574,3,0.32723112
1574,4,0.30892449
1574,6,0.49656751
1574,7,0.14874142
1574,8,0.47139588
1575,0,0.32036613
1575,1,0.32723112
1575,2,0.31578947
1575,3,0.40045767
1575,5,0.33180778
1575,6,0.27231121
1575,7,0.3020595
1575,8,0.47826087
1576,0,0.32036613
1576,1,0.3020595
1576,2,0.32265446
1576,3,0.32265446
1576,4,0.27688787
1576,5,0.34553776
1576,6,0.40503432
1576,7,0.22654462
1576,8,0.34782609
1577,0,0.30892449
1577,1,0.33180778
1577,2,0.35469108
1577,3,0.35469108
1577,4,0.28832952
1577,5,0.37299771
1577,6,0.51716247
1577,7,0.28375286
1577,8,0.56064073
1578,0,0.33409611
1578,1,0.31350114
1578,2,0.31350114
1578,4,0.31578947
1578,5,0.34553776
1578,6,0.39588101
1578,7,0.201373
1578,8,0.42562929
1579,1,0.30663616
1579,2,0.32723112
1579,3,0.3409611
1579,5,0.35240275
1579,6,0.53089245
1579,7,0.39588101
1579,8,0.40961098
1580,0,0.32951945
1580,1,0.32036613
1580,2,0.32494279
1580,3,0.34782609
1580,4,0.3020595
1580,5,0.34324943
1580,6,0.52402746
1581,1,0.33409611
1581,2,0.34782609
1581,3,0.3798627
1581,4,0.30434783
1581,5,0.37757437
1581,6,0.4187643
1581,7,0.18764302
1582,0,0.3180778
1582,1,0.31350114
1582,2,0.31350114
1582,3,0.37299771
1582,4,0.31121281
1582,5,0.38215103
1582,6,0.402746
1582,7,0.33409611
1582,8,0.44393593
1583,0,0.32951945
1583,1,0.33180778
1583,2,0.33638444
1583,3,0.35240275
1583,6,0.38215103
1583,7,0.21967963
1583,8,0.53318078
1584,0,0.33409611
1584,1,0.33409611
1584,2,0.32951945
1584,3,0.33638444
1584,4,0.29290618
1584,5,0.35469108
1584,7,0.11212815
1584,8,0.56750572
1585,0,0.3180778
1585,1,0.33638444
1585,2,0.33867277
1585,3,0.39588101
1585,4,0.34782609
1585,5,0.36613272
1585,6,0.41189931
1585,7,0.26315789
1586,0,0.35240275
1586,1,0.32494279
1586,2,0.32723112
1586,3,0.36155606
1586,5,0.38443936
1586,6,0.37528604
1586,7,0.24942792
1586,8,0.47368421
1587,0,0.33180778
1587,2,0.34324943
1587,3,0.402746
1587,4,0.2791762
1587,5,0.39588101
1587,6,0.46681922
1587,7,0.15331808
1587,8,0.51029748
1588,0,0.33638444
1588,1,0.31578947
1588,2,0.32494279
1588,3,0.30892449
1588,5,0.34324943
1588,6,0.35697941
1588,7,0.16018307
1588,8,0.46453089
1589,3,0.37299771
1589,4,0.32265446
1589,6,0.48283753
1589,7,0.22883295
1589,8,0.42334096
1590,0,0.3409611
1590,1,0.32036613
1590,2,0.33867277
1590,3,0.40503432
1590,4,0.33867277
1590,5,0.36842105
1590,6,0.47597254
1590,7,0.24713959
1591,0,0.30663616
1591,2,0.3180778
1591,3,0.3409611
1591,4,0.24942792
1591,5,0.36613272
1591,6,0.33409611
1591,7,0.04118993
1591,8,0.5194508
1592,0,0.35011442
1592,1,0.33867277
1592,3,0.36842105
1592,5,0.38215103
1592,6,0.5423341
1592,7,0.30892449
1592,8,0.44851259
1593,0,0.34553776
1593,4,0.30663616
1593,5,0.34324943
1593,6,0.48741419
1593,7,0.20594966
1593,8,0.55148741
1594,0,0.33638444
1594,1,0.32265446
1594,2,0.32723112
1594,3,0.36384439
1594,4,0.32723112
1594,5,0.37757437
1594,6,0.4805492
1594,7,0.12814645
1594,8,0.5194508
1595,0,0.31350114
1595,2,0.3409611
1595,3,0.35469108
1595,5,0.40732265
1595,7,0.29519451
1595,8,0.49885584
1596,0,0.34782609
1596,1,0.32723112
1596,2,0.34553776
1596,3,0.37299771
1596,4,0.35011442
1596,6,0.41647597
1597,0,0.35469108
1597,1,0.35469108
1597,2,0.36613272
1597,4,0.32494279
1597,5,0.40503432
1597,6,0.50572082
1597,7,0.25171625
1597,8,0.57665904
1598,0,0.35240275
1598,1,0.34324943
1598,4,0.29519451
1598,5,0.37070938
1598,6,0.52173913
1598,8,0.58352403
1599,0,0.35011442
1599,2,0.36155606
1599,3,0.36613272
1599,4,0.33867277
1599,5,0.37528604
1599,6,0.44851259
1599,7,0.32036613
1599,8,0.46910755
1600,1,0.3409611
1600,2,0.34324943
1600,3,0.36384439
1600,4,0.35011442
1600,5,0.42334096
1600,6,0.57437071
1600,7,0.27231121
1600,8,0.44393593
1601,0,0.35240275
1601,1,0.36384439
1601,2,0.37528604
1601,3,0.4187643
1601,4,0.29748284
1601,5,0.4187643
1601,6,0.47368421
1601,8,0.40961098
1602,0,0.3409611
1602,1,0.34553776
1602,2,0.36384439
1602,3,0.38901602
1602,4,0.28375286
1602,5,0.40045767
1602,6,0.52402746
1602,8,0.58352403
1603,0,0.34782609
1603,1,0.35011442
1603,2,0.34324943
1603,3,0.38443936
1603,4,0.32265446
1603,5,0.39588101
1603,6,0.47597254
1603,7,0.2402746
1603,8,0.46224256
1604,0,0.3409611
1604,2,0.3409611
1604,3,0.40045767
1604,4,0.33638444
1604,5,0.38215103
1604,6,0.49656751
1604,8,0.53775744
1605,0,0.35926773
1605,1,0.3409611
1605,2,0.35469108
1605,3,0.37299771
1605,4,0.30892449
1605,7,0.23112128
1605,8,0.44851259
1606,0,0.35469108
1606,1,0.35926773
1606,2,0.35697941
1606,3,0.37070938
1606,5,0.39588101
1606,6,0.37299771
1606,7,0.28375286
1606,8,0.56292906
1607,0,0.33638444
1607,1,0.37528604
1607,2,0.38901602
1607,3,0.38672769
1607,4,0.35697941
1607,5,0.40961098
1607,7,0.23569794
1607,8,0.47139588
1608,0,0.35926773
1608,1,0.36613272
1608,3,0.39359268
1608,4,0.31121281
1608,5,0.41418764
1608,6,0.49427918
1608,7,0.19679634
1608,8,0.4416476
1609,0,0.34782609
1609,1,0.34553776
1609,2,0.36384439
1609,3,0.36613272
1609,4,0.27002288
1609,5,0.43020595
1609,6,0.42791762
1609,7,0.29519451
1609,8,0.48283753
1610,0,0.34324943
1610,1,0.35240275
1610,2,0.35697941
1610,3,0.3798627
1610,4,0.3180778
1610,6,0.42334096
1610,7,0.24485126
1610,8,0.46910755
1611,0,0.3409611
1611,1,0.34553776
1611,2,0.34553776
1611,3,0.37299771
1611,4,0.32265446
1611,5,0.41647597
1611,6,0.56292906
1611,8,0.51487414
1612,0,0.37299771
1612,1,0.36842105
1612,2,0.38443936
1612,3,0.45080092
1612,5,0.38672769
1612,6,0.46910755
1612,7,0.26773455
1612,8,0.50343249
1613,0,0.38215103
1613,1,0.36384439
1613,2,0.36384439
1613,3,0.33409611
1613,5,0.41189931
1613,6,0.4187643
1613,7,0.33409611
1613,8,0.52860412
1614,0,0.37070938
1614,1,0.35469108
1614,2,0.37070938
1614,3,0.39359268
1614,4,0.32723112
1614,5,0.42334096
1614,6,0.4576659
1614,7,0.25171625
1614,8,0.48741419
1615,0,0.38443936
1615,1,0.38672769
1615,3,0.46224256
1615,4,0.32723112
1615,5,0.44393593
1615,6,0.42791762
1615,7,0.28604119
1615,8,0.49427918
1616,0,0.3798627
1616,1,0.35240275
1616,2,0.38443936
1616,3,0.40732265
1616,4,0.29290618
1616,5,0.402746
1616,6,0.56521739
1616,7,0.22425629
1617,0,0.36155606
1617,1,0.37070938
1617,2,0.36613272
1617,3,0.41418764
1617,5,0.46224256
1617,6,0.43707094
1617,7,0.29061785
1617,8,0.47368421
1618,0,0.36384439
1618,1,0.36155606
1618,2,0.37299771
1618,3,0.402746
1618,5,0.38901602
1618,6,0.51258581
1618,7,0.28832952
1618,8,0.597254
1619,1,0.37757437
1619,2,0.38672769
1619,5,0.40503432
1619,6,0.57208238
1619,7,0.33867277
1619,8,0.52631579
1620,0,0.36384439
1620,1,0.36842105
1620,2,0.38672769
1620,3,0.39359268
1620,4,0.33180778
1620,5,0.42334096
1620,6,0.45995423
1620,7,0.23112128
1620,8,0.42105263
1621,0,0.34782609
1621,1,0.37070938
1621,2,0.37757437
1621,3,0.34782609
1621,5,0.44851259
1621,6,0.50800915
1621,7,0.22883295
1621,8,0.47826087
1622,0,0.38215103
1622,1,0.35926773
1622,2,0.38672769
1622,3,0.42105263
1622,6,0.43707094
1622,7,0.33409611
1622,8,0.52402746
1623,0,0.37757437
1623,1,0.37070938
1623,2,0.3798627
1623,3,0.38901602
1623,4,0.36842105
1623,6,0.62700229
1623,7,0.28604119
1624,0,0.39359268
1624,2,0.39359268
1624,3,0.40732265
1624,4,0.39816934
1624,6,0.5583524
1624,7,0.22654462
1624,8,0.61327231
1625,0,0.38672769
1625,1,0.38443936
1625,2,0.3798627
1625,3,0.40961098
1625,4,0.39130435
1625,5,0.4187643
1625,6,0.48970252
1625,8,0.57208238
1626,0,0.37299771
1626,1,0.37299771
1626,2,0.38672769
1626,4,0.32723112
1626,5,0.4187643
1626,6,0.44851259
1626,7,0.36384439
1626,8,0.47368421
1627,0,0.402746
1627,1,0.40045767
1627,2,0.41647597
1627,4,0.33180778
1627,5,0.4576659
1627,6,0.49885584
1627,7,0.17162471
1628,0,0.37299771
1628,1,0.37528604
1628,2,0.38443936
1628,3,0.45995423
1628,5,0.43020595
1628,6,0.4805492
1628,8,0.63157895
1629,0,0.40503432
1629,1,0.39359268
1629,2,0.39130435
1629,3,0.4805492
1629,4,0.37757437
1629,6,0.61784897
1629,7,0.34324943
1629,8,0.52631579
1630,0,0.38443936
1630,1,0.39130435
1630,2,0.38901602
1630,3,0.43020595
1630,4,0.3798627
1630,5,0.43020595
1630,7,0.201373
1630,8,0.58581236
1631,0,0.37757437
1631,1,0.38901602
1631,2,0.39588101
1631,3,0.40732265
1631,4,0.36613272
1631,5,0.43935927
1631,6,0.42791762
1631,7,0.40961098
1631,8,0.46681922
1632,0,0.37299771
1632,1,0.3798627
1632,2,0.39588101
1632,4,0.3020595
1632,5,0.43707094
1632,6,0.50800915
1632,7,0.17620137
1632,8,0.41418764
1633,0,0.39816934
1633,1,0.39130435
1633,2,0.40503432
1633,3,0.40503432
1633,4,0.34782609
1633,5,0.46224256
1633,6,0.51258581
1633,7,0.37528604
1633,8,0.47139588
1634,1,0.39588101
1634,2,0.38901602
1634,3,0.43478261
1634,5,0.45995423
1634,6,0.49885584
1634,7,0.28146453
1634,8,0.3798627
1635,0,0.40732265
1635,1,0.39130435
1635,2,0.40045767
1635,3,0.46681922
1635,5,0.44393593
1635,6,0.49885584
1635,7,0.26315789
1635,8,0.62471396
1636,0,0.40045767
1636,1,0.37757437
1636,2,0.38215103
1636,3,0.4187643
1636,4,0.36155606
1636,5,0.4416476
1636,6,0.49656751
1636,7,0.29977117
1636,8,0.53546911
1637,0,0.41647597
1637,1,0.39359268
1637,3,0.3798627
1637,4,0.38672769
1637,5,0.45080092
1637,6,0.56521739
1637,7,0.3409611
1637,8,0.49656751
1638,0,0.42334096
1638,1,0.41418764
1638,2,0.42105263
1638,3,0.46224256
1638,4,0.40732265
1638,5,0.46681922
1638,6,0.56292906
1638,7,0.24713959
1638,8,0.57208238
1639,0,0.38443936
1639,1,0.39588101
1639,2,0.40732265
1639,3,0.45080092
1639,4,0.37070938
1639,6,0.53089245
1639,7,0.23340961
1639,8,0.54004577
1640,0,0.402746
1640,1,0.39588101
1640,2,0.39816934
1640,4,0.38443936
1640,6,0.34324943
1640,7,0.34324943
1640,8,0.56750572
1641,0,0.40961098
1641,1,0.39130435
1641,2,0.40732265
1641,5,0.45995423
1641,6,0.54462243
1641,7,0.19221968
1641,8,0.60640732
1642,0,0.42334096
1642,1,0.40503432
1642,3,0.402746
1642,5,0.45080092
1642,6,0.42334096
1642,7,0.26086957
1643,0,0.40045767
1643,1,0.39816934
1643,2,0.43020595
1643,3,0.44851259
1643,4,0.38443936
1643,5,0.47826087
1643,6,0.56064073
1643,7,0.51487414
1643,8,0.53318078
1644,0,0.41647597
1644,1,0.38443936
1644,2,0.402746
1644,3,0.44622426
1644,4,0.39130435
1644,5,0.47368421
1644,7,0.23112128
1644,8,0.49885584
1645,0,0.42791762
1645,1,0.39130435
1645,2,0.43020595
1645,4,0.39359268
1645,5,0.43020595
1645,6,0.61098398
1645,7,0.38901602
1645,8,0.58810069
1646,0,0.43478261
1646,1,0.41418764
1646,2,0.41647597
1646,3,0.44393593
1646,5,0.45537757
1646,6,0.47139588
1646,7,0.26773455
1646,8,0.58352403
1647,0,0.4187643
1647,1,0.4187643
1647,2,0.42562929
1647,3,0.43707094
1647,4,0.39359268
1647,5,0.45308924
1647,6,0.5194508
1647,7,0.35240275
1648,0,0.43478261
1648,2,0.43249428
1648,3,0.4805492
1648,4,0.38901602
1648,6,0.50343249
1648,7,0.36384439
1649,0,0.46453089
1649,2,0.43249428
1649,3,0.45995423
1649,4,0.40961098
1649,5,0.47368421
1649,6,0.6201373
1649,8,0.57665904
1650,0,0.4187643
1650,1,0.4187643
1650,2,0.43020595
1650,3,0.42105263
1650,4,0.40732265
1650,5,0.47597254
1650,6,0.5423341
1650,7,0.39588101
1650,8,0.6590389
1651,0,0.40961098
1651,2,0.42562929
1651,3,0.40961098
1651,4,0.40045767
1651,5,0.4805492
1651,6,0.63386728
1651,7,0.30434783
1651,8,0.53775744
1652,0,0.40503432
1652,1,0.43020595
1652,2,0.41647597
1652,3,0.48512586
1652,4,0.40503432
1652,6,0.56064073
1652,8,0.5194508
1653,0,0.43249428
1653,1,0.42105263
1653,2,0.43020595
1653,3,0.46910755
1653,5,0.46453089
1653,6,0.54919908
1653,7,0.45308924
1653,8,0.57665904
1654,0,0.40961098
1654,2,0.43020595
1654,3,0.46224256
1654,5,0.43707094
1654,7,0.28375286
1655,0,0.42334096
1655,2,0.43020595
1655,5,0.45080092
1655,6,0.5423341
1655,7,0.33638444
1655,8,0.53089245
1656,0,0.43707094
1656,1,0.43707094
1656,4,0.43707094
1656,5,0.48970252
1656,6,0.59038902
1656,7,0.34324943
1656,8,0.58810069
1657,0,0.44393593
1657,1,0.42562929
1657,2,0.43478261
1657,3,0.46224256
1657,4,0.4187643
1657,5,0.43249428
1657,6,0.45308924
1657,7,0.25858124
1657,8,0.53775744
1658,1,0.42105263
1658,3,0.44622426
1658,4,0.37757437
1658,5,0.49199085
1658,6,0.5423341
1658,7,0.3020595
1658,8,0.5423341
1659,0,0.44851259
1659,1,0.42562929
1659,2,0.46224256
1659,3,0.45080092
1659,5,0.49427918
1659,7,0.34782609
1659,8,0.66361556
1660,1,0.43935927
1660,2,0.4576659
1660,3,0.46681922
1660,4,0.43935927
1660,5,0.51258581
1660,7,0.31121281
1660,8,0.56064073
1661,0,0.4416476
1661,1,0.43020595
1661,3,0.42105263
1661,5,0.47597254
1661,6,0.54462243
1661,7,0.49885584
1661,8,0.53546911
1662,0,0.4416476
1662,1,0.42334096
1662,2,0.43707094
1662,3,0.43935927
1662,4,0.35697941
1662,5,0.43020595
1662,6,0.57894737
1662,7,0.26086957
1662,8,0.61327231
1663,0,0.42791762
1663,1,0.43249428
1663,2,0.43935927
1663,3,0.46224256
1663,4,0.37757437
1663,5,0.48741419
1663,6,0.53775744
1663,7,0.41189931
1663,8,0.52402746
1664,0,0.44622426
1664,1,0.45080092
1664,2,0.43935927
1664,3,0.49656751
1664,4,0.43020595
1664,5,0.51716247
1664,6,0.50343249
1664,7,0.40503432
1664,8,0.55377574
1665,0,0.43707094
1665,1,0.44393593
1665,2,0.46681922
1665,3,0.47597254
1665,5,0.50343249
1665,6,0.55606407
1665,7,0.33867277
1665,8,0.60640732
1666,0,0.45080092
1666,2,0.44393593
1666,3,0.48970252
1666,4,0.42334096
1666,5,0.47139588
1666,6,0.48970252
1666,7,0.27459954
1666,8,0.61784897
1667,0,0.4576659
1667,1,0.45537757
1667,2,0.4416476
1667,3,0.50800915
1667,5,0.48970252
1667,6,0.44622426
1667,7,0.28604119
1667,8,0.63386728
1668,0,0.46224256
1668,1,0.44851259
1668,2,0.46224256
1668,3,0.51029748
1668,4,0.39130435
1668,5,0.48970252
1668,6,0.60869565
1668,7,0.31350114
1668,8,0.55606407
1669,0,0.47139588
1669,1,0.44393593
1669,2,0.46910755
1669,3,0.49656751
1669,4,0.41418764
1669,5,0.48283753
1669,6,0.59954233
1669,7,0.22654462
1669,8,0.61784897
1670,0,0.43935927
1670,2,0.45537757
1670,3,0.48283753
1670,4,0.40503432
1670,5,0.51258581
1670,6,0.59038902
1670,7,0.27688787
1670,8,0.56521739
1671,0,0.47368421
1671,1,0.44851259
1671,2,0.46681922
1671,4,0.40732265
1671,5,0.47368421
1671,6,0.63844394
1671,7,0.24485126
1672,0,0.47368421
1672,1,0.44393593
1672,2,0.46681922
1672,3,0.46224256
1672,6,0.52631579
1672,7,0.43935927
1672,8,0.56064073
1673,0,0.46224256
1673,1,0.4576659
1673,2,0.44622426
1673,4,0.44622426
1673,5,0.47826087
1673,6,0.4805492
1673,7,0.38901602
1673,8,0.64073227
1674,0,0.49199085
1674,1,0.46453089
1674,2,0.46910755
1674,3,0.5194508
1674,4,0.45995423
1674,7,0.4187643
1674,8,0.57894737
1675,0,0.4416476
1675,1,0.45080092
1675,2,0.47139588
1675,3,0.52860412
1675,5,0.48283753
1675,6,0.56750572
1675,7,0.39359268
1675,8,0.60640732
1676,0,0.46681922
1676,1,0.46224256
1676,3,0.51029748
1676,4,0.43935927
1676,5,0.48741419
1676,6,0.56292906
1676,7,0.37757437
1676,8,0.61327231
1677,0,0.46910755
1677,1,0.47597254
1677,2,0.45537757
1677,4,0.43020595
1677,6,0.53775744
1677,7,0.46910755
1677,8,0.56064073
1678,0,0.48283753
1678,1,0.46681922
1678,2,0.47597254
1678,3,0.54919908
1678,4,0.40503432
1678,5,0.5194508
1678,6,0.5812357
1678,7,0.32494279
1678,8,0.65217391
1679,0,0.45537757
1679,1,0.45537757
1679,2,0.45537757
1679,3,0.46224256
1679,4,0.47368421
1679,5,0.52860412
1679,6,0.5423341
1680,0,0.48283753
1680,1,0.47826087
1680,2,0.47139588
1680,3,0.47826087
1680,4,0.4576659
1680,5,0.51258581
1680,6,0.47826087
1680,7,0.37299771
1680,8,0.63157895
1681,0,0.48970252
1681,1,0.45995423
1681,2,0.47139588
1681,3,0.52173913
1681,4,0.42105263
1681,5,0.48741419
1681,6,0.5583524
1681,7,0.41647597
1681,8,0.51487414
1682,0,0.47597254
1682,1,0.46224256
1682,4,0.45537757
1682,5,0.52402746
1682,6,0.51258581
1682,7,0.27002288
1682,8,0.61327231
1683,1,0.47597254
1683,2,0.47826087
1683,4,0.44393593
1683,5,0.55148741
1683,6,0.60183066
1683,7,0.58352403
1683,8,0.57665904
1684,0,0.47368421
1684,1,0.45080092
1684,2,0.46681922
1684,3,0.50572082
1684,5,0.49885584
1684,7,0.36384439
1684,8,0.65217391
1685,0,0.47597254
1685,1,0.48512586
1685,2,0.4805492
1685,3,0.54691076
1685,4,0.44851259
1685,6,0.56064073
1685,7,0.38901602
1686,1,0.46453089
1686,2,0.50114416
1686,3,0.50800915
1686,5,0.51029748
1686,6,0.65217391
1686,7,0.4576659
1686,8,0.54462243
1687,0,0.47597254
1687,1,0.48283753
1687,2,0.50343249
1687,3,0.49427918
1687,4,0.46453089
1687,5,0.53546911
1687,6,0.68649886
1687,7,0.43935927
1687,8,0.60183066
1688,0,0.50114416
1688,1,0.47368421
1688,3,0.51258581
1688,4,0.43478261
1688,5,0.5583524
1688,7,0.38215103
1688,8,0.63615561
1689,0,0.49427918
1689,1,0.48283753
1689,2,0.47597254
1689,3,0.4805492
1689,4,0.44393593
1689,5,0.51716247
1689,7,0.38672769
1689,8,0.6201373
1690,1,0.49199085
1690,2,0.50800915
1690,3,0.49656751
1690,4,0.46453089
1690,5,0.50800915
1690,6,0.64073227
1690,7,0.28146453
1690,8,0.6590389
1691,0,0.48512586
1691,1,0.48512586
1691,2,0.48512586
1691,3,0.53775744
1691,4,0.4416476
1691,5,0.54004577
1691,7,0.3409611
1691,8,0.54919908
1692,0,0.49199085
1692,1,0.49199085
1692,2,0.50114416
1692,3,0.54691076
1692,4,0.48283753
1692,5,0.55377574
1692,7,0.42562929
1692,8,0.70480549
1693,0,0.45995423
1693,1,0.47597254
1693,2,0.48512586
1693,4,0.50343249
1693,5,0.52631579
1693,6,0.50572082
1693,7,0.40732265
1693,8,0.64073227
1694,0,0.48283753
1694,1,0.48512586
1694,2,0.49199085
1694,3,0.53318078
1694,4,0.44393593
1694,6,0.69107551
1694,7,0.47139588
1694,8,0.69107551
1695,0,0.53089245
1695,1,0.51258581
1695,3,0.50114416
1695,4,0.43249428
1695,5,0.54004577
1695,6,0.70938215
1695,7,0.39359268
1695,8,0.6819222
1696,0,0.47597254
1696,1,0.4805492
1696,2,0.50343249
1696,3,0.51258581
1696,5,0.55148741
1696,7,0.28832952
1697,0,0.49656751
1697,1,0.4805492
1697,2,0.49885584
1697,3,0.49656751
1697,4,0.40732265
1697,5,0.54691076
1697,6,0.60640732
1697,7,0.45995423
1697,8,0.62700229
1698,0,0.51716247
1698,1,0.50343249
1698,2,0.50343249
1698,3,0.56292906
1698,4,0.46910755
1698,5,0.53318078
1698,6,0.69107551
1698,7,0.49656751
1698,8,0.57894737
1699,0,0.48970252
1699,1,0.49199085
1699,2,0.49427918
1699,3,0.52173913
1699,4,0.45537757
1699,5,0.54691076
1699,6,0.58352403
1699,7,0.4576659
1699,8,0.61098398
