dataset,rho,calibration_epoch,task_index,task_id,method,display_name,quantity,n,mean,bootstrap_95_ci_low,bootstrap_95_ci_high
dog,7/10,1,4,dog:347,lir_pptd,LIR-PPTD,mean_reputation_honest,20,0.5006818181818182,0.4995454545454545,0.501780303030303
dog,7/10,1,4,dog:347,lir_pptd,LIR-PPTD,mean_reputation_malicious,20,0.49633223684210526,0.49574013157894736,0.49689144736842106
dog,7/10,1,4,dog:347,lir_pptd,LIR-PPTD,reputation_gap_honest_minus_malicious,20,0.004349581339712924,0.0037330542264752743,0.0049661084529505515
dog,7/10,1,4,dog:347,no_eg,No-EG,mean_reputation_honest,20,0.4935896454669125,0.49053022771355237,0.49677073321362725
dog,7/10,1,4,dog:347,no_eg,No-EG,mean_reputation_malicious,20,0.4936456188213312,0.49244552920078155,0.4948151094671142
dog,7/10,1,4,dog:347,no_eg,No-EG,reputation_gap_honest_minus_malicious,20,-5.5973354418720217e-05,-0.0036057447697483676,0.0034232024140922785
dog,7/10,2,72,dog:528,lir_pptd,LIR-PPTD,mean_reputation_honest,20,0.5036717171717172,0.5025555239898991,0.5048030618686868
dog,7/10,2,72,dog:528,lir_pptd,LIR-PPTD,mean_reputation_malicious,20,0.4922297149122807,0.4915142475328947,0.49295670230263156
dog,7/10,2,72,dog:528,lir_pptd,LIR-PPTD,reputation_gap_honest_minus_malicious,20,0.01144200225943647,0.010830511529771405,0.012032374941852712
dog,7/10,2,72,dog:528,no_eg,No-EG,mean_reputation_honest,20,0.37305134818443136,0.3632056351747675,0.383558128988347
dog,7/10,2,72,dog:528,no_eg,No-EG,mean_reputation_malicious,20,0.544902148476021,0.539314891382068,0.5493405860360241
dog,7/10,2,72,dog:528,no_eg,No-EG,reputation_gap_honest_minus_malicious,20,-0.17185080029158967,-0.1832279017604231,-0.15777000709003014
dog,7/10,3,86,dog:102,lir_pptd,LIR-PPTD,mean_reputation_honest,20,0.5054027777777778,0.503734816919192,0.5069734848484849
dog,7/10,3,86,dog:102,lir_pptd,LIR-PPTD,mean_reputation_malicious,20,0.4874717653508772,0.4865468612938596,0.4883347108004386
dog,7/10,3,86,dog:102,lir_pptd,LIR-PPTD,reputation_gap_honest_minus_malicious,20,0.017931012426900622,0.01709157446172253,0.018745983270202063
dog,7/10,3,86,dog:102,no_eg,No-EG,mean_reputation_honest,20,0.3687510399946057,0.3594817069553006,0.3787504851293888
dog,7/10,3,86,dog:102,no_eg,No-EG,mean_reputation_malicious,20,0.5326004116240655,0.5272287582535711,0.5371330628762271
dog,7/10,3,86,dog:102,no_eg,No-EG,reputation_gap_honest_minus_malicious,20,-0.1638493716294598,-0.17543799708416993,-0.15077468700266125
dog,7/10,4,93,dog:105,lir_pptd,LIR-PPTD,mean_reputation_honest,20,0.5088561868686868,0.5071918592171717,0.5105113667929293
dog,7/10,4,93,dog:105,lir_pptd,LIR-PPTD,mean_reputation_malicious,20,0.4820748263888889,0.4811948736750731,0.48295337924890347
dog,7/10,4,93,dog:105,lir_pptd,LIR-PPTD,reputation_gap_honest_minus_malicious,20,0.02678136047979801,0.0258790600079745,0.027707896128223053
dog,7/10,4,93,dog:105,no_eg,No-EG,mean_reputation_honest,20,0.37121111548262814,0.36207732322962094,0.38077698394850323
dog,7/10,4,93,dog:105,no_eg,No-EG,mean_reputation_malicious,20,0.5292939211990775,0.523970283537165,0.5340048162230137
dog,7/10,4,93,dog:105,no_eg,No-EG,reputation_gap_honest_minus_malicious,20,-0.15808280571644934,-0.17023529001487198,-0.14434732065599876
dog,7/10,5,104,dog:641,lir_pptd,LIR-PPTD,mean_reputation_honest,20,0.5054049116161616,0.5031239068813131,0.5074549362373737
dog,7/10,5,104,dog:641,lir_pptd,LIR-PPTD,mean_reputation_malicious,20,0.4754524139558967,0.4744806124284235,0.4763241349712171
dog,7/10,5,104,dog:641,lir_pptd,LIR-PPTD,reputation_gap_honest_minus_malicious,20,0.02995249766026492,0.027881493312718726,0.03181841215263932
dog,7/10,5,104,dog:641,no_eg,No-EG,mean_reputation_honest,20,0.36455339753393984,0.3555988158769938,0.3738276689334824
dog,7/10,5,104,dog:641,no_eg,No-EG,mean_reputation_malicious,20,0.5230285984772836,0.5184438876444528,0.5272968780928934
dog,7/10,5,104,dog:641,no_eg,No-EG,reputation_gap_honest_minus_malicious,20,-0.15847520094334375,-0.16993769493689742,-0.1461631882099631
dog,7/10,6,106,dog:643,lir_pptd,LIR-PPTD,mean_reputation_honest,20,0.5010573011363636,0.4985292402619949,0.5034951167455808
dog,7/10,6,106,dog:643,lir_pptd,LIR-PPTD,mean_reputation_malicious,20,0.4775746272691277,0.47663149752984896,0.4784634661237512
dog,7/10,6,106,dog:643,lir_pptd,LIR-PPTD,reputation_gap_honest_minus_malicious,20,0.023482673867235952,0.02112090695493171,0.025744123737581406
dog,7/10,6,106,dog:643,no_eg,No-EG,mean_reputation_honest,20,0.36216227592273353,0.35393701479118467,0.3711105540670117
dog,7/10,6,106,dog:643,no_eg,No-EG,mean_reputation_malicious,20,0.5244415244342754,0.5197724241047408,0.5287186213329553
dog,7/10,6,106,dog:643,no_eg,No-EG,reputation_gap_honest_minus_malicious,20,-0.16227924851154182,-0.17322144822709745,-0.15005366236683051
dog,7/10,7,136,dog:91,lir_pptd,LIR-PPTD,mean_reputation_honest,20,0.5023645233585858,0.49948586152146474,0.5050721991792929
dog,7/10,7,136,dog:91,lir_pptd,LIR-PPTD,mean_reputation_malicious,20,0.472799054352461,0.4717215349392362,0.47385131772889255
dog,7/10,7,136,dog:91,lir_pptd,LIR-PPTD,reputation_gap_honest_minus_malicious,20,0.02956546900612484,0.026985114581845045,0.03193229517405414
dog,7/10,7,136,dog:91,no_eg,No-EG,mean_reputation_honest,20,0.3328210422329109,0.32579171689811326,0.3397045236977033
dog,7/10,7,136,dog:91,no_eg,No-EG,mean_reputation_malicious,20,0.5572233359484148,0.5517010694215878,0.562217099607067
dog,7/10,7,136,dog:91,no_eg,No-EG,reputation_gap_honest_minus_malicious,20,-0.22440229371550388,-0.2340968567853165,-0.21390958632863086
dog,7/10,8,151,dog:747,lir_pptd,LIR-PPTD,mean_reputation_honest,20,0.5051836723484848,0.5021853205018939,0.5080677792771464
dog,7/10,8,151,dog:747,lir_pptd,LIR-PPTD,mean_reputation_malicious,20,0.46821109736435995,0.4669067260926205,0.469464965038428
dog,7/10,8,151,dog:747,lir_pptd,LIR-PPTD,reputation_gap_honest_minus_malicious,20,0.03697257498412487,0.03447589398838646,0.03928729770224286
dog,7/10,8,151,dog:747,no_eg,No-EG,mean_reputation_honest,20,0.33159567148460095,0.3229322862902684,0.34077229003251197
dog,7/10,8,151,dog:747,no_eg,No-EG,mean_reputation_malicious,20,0.5513669407608036,0.5461055209130122,0.555882949297233
dog,7/10,8,151,dog:747,no_eg,No-EG,reputation_gap_honest_minus_malicious,20,-0.21977126927620266,-0.2308613152669152,-0.2072019481849347
dog,7/10,9,167,dog:231,lir_pptd,LIR-PPTD,mean_reputation_honest,20,0.5023114375,0.4985264588857323,0.5059826499842172
dog,7/10,9,167,dog:231,lir_pptd,LIR-PPTD,mean_reputation_malicious,20,0.4698413797108512,0.4684011817034448,0.4712908697403956
dog,7/10,9,167,dog:231,lir_pptd,LIR-PPTD,reputation_gap_honest_minus_malicious,20,0.03247005778914879,0.02950912155360945,0.03532468603671376
dog,7/10,9,167,dog:231,no_eg,No-EG,mean_reputation_honest,20,0.3235133587083623,0.31503212545585135,0.3322735278621028
dog,7/10,9,167,dog:231,no_eg,No-EG,mean_reputation_malicious,20,0.5599554440208535,0.5551874641440353,0.564737333335226
dog,7/10,9,167,dog:231,no_eg,No-EG,reputation_gap_honest_minus_malicious,20,-0.2364420853124912,-0.24689244306989147,-0.2257065655773557
dog,7/10,10,182,dog:610,lir_pptd,LIR-PPTD,mean_reputation_honest,20,0.5045636332070708,0.5001569067550506,0.5087441973800505
dog,7/10,10,182,dog:610,lir_pptd,LIR-PPTD,mean_reputation_malicious,20,0.46603095940444283,0.46444853446028267,0.46763361810657283
dog,7/10,10,182,dog:610,lir_pptd,LIR-PPTD,reputation_gap_honest_minus_malicious,20,0.038532673802627884,0.03525649477320147,0.041702755233167035
dog,7/10,10,182,dog:610,no_eg,No-EG,mean_reputation_honest,20,0.31479106675408836,0.30616605465538954,0.32396866586116596
dog,7/10,10,182,dog:610,no_eg,No-EG,mean_reputation_malicious,20,0.5707307624787821,0.565947117267517,0.5753277262458186
dog,7/10,10,182,dog:610,no_eg,No-EG,reputation_gap_honest_minus_malicious,20,-0.2559396957246937,-0.2675001801637037,-0.24418725315241155
dog,7/10,11,200,dog:622,lir_pptd,LIR-PPTD,mean_reputation_honest,20,0.5068571467276936,0.502273883526936,0.5112861747493161
dog,7/10,11,200,dog:622,lir_pptd,LIR-PPTD,mean_reputation_malicious,20,0.4604710000249587,0.4588028742311659,0.46218310437936355
dog,7/10,11,200,dog:622,lir_pptd,LIR-PPTD,reputation_gap_honest_minus_malicious,20,0.046386146702734866,0.042659111395212675,0.049940772254283186
dog,7/10,11,200,dog:622,no_eg,No-EG,mean_reputation_honest,20,0.3129097355817053,0.3041746801331788,0.3218233665797773
dog,7/10,11,200,dog:622,no_eg,No-EG,mean_reputation_malicious,20,0.5645795546270816,0.5603871402451126,0.5684640349805834
dog,7/10,11,200,dog:622,no_eg,No-EG,reputation_gap_honest_minus_malicious,20,-0.25166981904537633,-0.26205356957171805,-0.24105324846459159
dog,7/10,12,216,dog:493,lir_pptd,LIR-PPTD,mean_reputation_honest,20,0.5043755525021044,0.4995419818170771,0.509064030372843
dog,7/10,12,216,dog:493,lir_pptd,LIR-PPTD,mean_reputation_malicious,20,0.46006559253385926,0.4582232658442518,0.46188706968113064
dog,7/10,12,216,dog:493,lir_pptd,LIR-PPTD,reputation_gap_honest_minus_malicious,20,0.04430995996824515,0.04062155606757844,0.04806298366300191
dog,7/10,12,216,dog:493,no_eg,No-EG,mean_reputation_honest,20,0.3001016445903184,0.2922954125624458,0.3076173321352478
dog,7/10,12,216,dog:493,no_eg,No-EG,mean_reputation_malicious,20,0.575858924355797,0.5713844958915383,0.5798782083072865
dog,7/10,12,216,dog:493,no_eg,No-EG,reputation_gap_honest_minus_malicious,20,-0.2757572797654786,-0.28536304186733435,-0.2658688207881127
dog,7/10,13,235,dog:629,lir_pptd,LIR-PPTD,mean_reputation_honest,20,0.505467081398569,0.5001954251839962,0.510879801401473
dog,7/10,13,235,dog:629,lir_pptd,LIR-PPTD,mean_reputation_malicious,20,0.45503382088265454,0.45304608854680867,0.45698233332128674
dog,7/10,13,235,dog:629,lir_pptd,LIR-PPTD,reputation_gap_honest_minus_malicious,20,0.05043326051591448,0.04607307233470085,0.05468096886096897
dog,7/10,13,235,dog:629,no_eg,No-EG,mean_reputation_honest,20,0.28957422931023047,0.28175645298865143,0.2972594088490227
dog,7/10,13,235,dog:629,no_eg,No-EG,mean_reputation_malicious,20,0.5782498310556642,0.5736570348204323,0.5826961397768349
dog,7/10,13,235,dog:629,no_eg,No-EG,reputation_gap_honest_minus_malicious,20,-0.2886756017454337,-0.2987666201164507,-0.27775992083305145
dog,7/10,14,240,dog:379,lir_pptd,LIR-PPTD,mean_reputation_honest,20,0.5006690563670033,0.4948728345527217,0.5065353008536371
dog,7/10,14,240,dog:379,lir_pptd,LIR-PPTD,mean_reputation_malicious,20,0.44902115307146173,0.44719802476508014,0.45083553476677407
dog,7/10,14,240,dog:379,lir_pptd,LIR-PPTD,reputation_gap_honest_minus_malicious,20,0.05164790329554164,0.04654688850131258,0.056530295387304925
dog,7/10,14,240,dog:379,no_eg,No-EG,mean_reputation_honest,20,0.28712808720689453,0.27916458805356215,0.2951014929464204
dog,7/10,14,240,dog:379,no_eg,No-EG,mean_reputation_malicious,20,0.5718924644732882,0.5676649573748025,0.5760257324624981
dog,7/10,14,240,dog:379,no_eg,No-EG,reputation_gap_honest_minus_malicious,20,-0.2847643772663937,-0.2944355515998601,-0.2748748768640604
dog,7/10,15,246,dog:375,lir_pptd,LIR-PPTD,mean_reputation_honest,20,0.49858461743602694,0.49323969859202965,0.5039898290766782
dog,7/10,15,246,dog:375,lir_pptd,LIR-PPTD,mean_reputation_malicious,20,0.44354851933646233,0.44178151321502007,0.4452853273338363
dog,7/10,15,246,dog:375,lir_pptd,LIR-PPTD,reputation_gap_honest_minus_malicious,20,0.05503609809956459,0.050428153120846066,0.05967893726410301
dog,7/10,15,246,dog:375,no_eg,No-EG,mean_reputation_honest,20,0.29103747842223554,0.28383709681729935,0.29852965507034523
dog,7/10,15,246,dog:375,no_eg,No-EG,mean_reputation_malicious,20,0.5651817201095426,0.5609892030682023,0.5690748312965119
dog,7/10,15,246,dog:375,no_eg,No-EG,reputation_gap_honest_minus_malicious,20,-0.274144241687307,-0.28283999482818994,-0.26516544267790965
dog,7/10,16,256,dog:700,lir_pptd,LIR-PPTD,mean_reputation_honest,20,0.500738511392782,0.49557169692470016,0.5060051764481639
dog,7/10,16,256,dog:700,lir_pptd,LIR-PPTD,mean_reputation_malicious,20,0.439134519187738,0.4374522407569017,0.4407914030737731
dog,7/10,16,256,dog:700,lir_pptd,LIR-PPTD,reputation_gap_honest_minus_malicious,20,0.06160399220504398,0.05694810434992831,0.06633085781170427
dog,7/10,16,256,dog:700,no_eg,No-EG,mean_reputation_honest,20,0.2941949448667111,0.28606949660969727,0.30266962504515776
dog,7/10,16,256,dog:700,no_eg,No-EG,mean_reputation_malicious,20,0.5572418296487102,0.55358422197058,0.5609250815615742
dog,7/10,16,256,dog:700,no_eg,No-EG,reputation_gap_honest_minus_malicious,20,-0.263046884781999,-0.2720171636353544,-0.25400136919054966
dog,7/10,17,270,dog:80,lir_pptd,LIR-PPTD,mean_reputation_honest,20,0.49902120957562607,0.49373455547790335,0.5044029770261568
dog,7/10,17,270,dog:80,lir_pptd,LIR-PPTD,mean_reputation_malicious,20,0.4411542951139503,0.4393574178564658,0.44291543949237766
dog,7/10,17,270,dog:80,lir_pptd,LIR-PPTD,reputation_gap_honest_minus_malicious,20,0.05786691446167572,0.05289600107653825,0.06251293181597094
dog,7/10,17,270,dog:80,no_eg,No-EG,mean_reputation_honest,20,0.2959677238767545,0.2870440397088736,0.3053224572886989
dog,7/10,17,270,dog:80,no_eg,No-EG,mean_reputation_malicious,20,0.5644419123943079,0.5600669124008332,0.569137245544395
dog,7/10,17,270,dog:80,no_eg,No-EG,reputation_gap_honest_minus_malicious,20,-0.2684741885175534,-0.278474466387535,-0.25740030328546826
dog,7/10,18,274,dog:84,lir_pptd,LIR-PPTD,mean_reputation_honest,20,0.5018794600040799,0.4969788132721866,0.5069653653659201
dog,7/10,18,274,dog:84,lir_pptd,LIR-PPTD,mean_reputation_malicious,20,0.43617802450445253,0.43438526394290206,0.43791906446126033
dog,7/10,18,274,dog:84,lir_pptd,LIR-PPTD,reputation_gap_honest_minus_malicious,20,0.06570143549962731,0.06109131841521754,0.07028518094917309
dog,7/10,18,274,dog:84,no_eg,No-EG,mean_reputation_honest,20,0.30158841065486225,0.29283829381801424,0.31093774113353145
dog,7/10,18,274,dog:84,no_eg,No-EG,mean_reputation_malicious,20,0.5572937836937147,0.5529106037957567,0.5621796638613543
dog,7/10,18,274,dog:84,no_eg,No-EG,reputation_gap_honest_minus_malicious,20,-0.2557053730388525,-0.26578131165906543,-0.24474709070443312
dog,7/10,19,294,dog:583,lir_pptd,LIR-PPTD,mean_reputation_honest,20,0.5014998796884232,0.496404670855639,0.5071330734201053
dog,7/10,19,294,dog:583,lir_pptd,LIR-PPTD,mean_reputation_malicious,20,0.4357464345937977,0.43378422665244665,0.4375495955398766
dog,7/10,19,294,dog:583,lir_pptd,LIR-PPTD,reputation_gap_honest_minus_malicious,20,0.06575344509462559,0.06118419631894743,0.07037141863611344
dog,7/10,19,294,dog:583,no_eg,No-EG,mean_reputation_honest,20,0.2959103515283199,0.28712991620975936,0.3056224929722131
dog,7/10,19,294,dog:583,no_eg,No-EG,mean_reputation_malicious,20,0.5686415854051196,0.5630057105958965,0.574246217449311
dog,7/10,19,294,dog:583,no_eg,No-EG,reputation_gap_honest_minus_malicious,20,-0.27273123387679965,-0.2842574366305966,-0.25951796729217125
dog,7/10,20,303,dog:241,lir_pptd,LIR-PPTD,mean_reputation_honest,20,0.5046931615138441,0.4998713245251009,0.5098239625143919
dog,7/10,20,303,dog:241,lir_pptd,LIR-PPTD,mean_reputation_malicious,20,0.43142084616608734,0.42928380365660507,0.43339325832002906
dog,7/10,20,303,dog:241,lir_pptd,LIR-PPTD,reputation_gap_honest_minus_malicious,20,0.07327231534775686,0.0689980739998823,0.07745752134998608
dog,7/10,20,303,dog:241,no_eg,No-EG,mean_reputation_honest,20,0.2991896444406633,0.28981208817629855,0.3094277151731481
dog,7/10,20,303,dog:241,no_eg,No-EG,mean_reputation_malicious,20,0.5641668468268974,0.5586088825728248,0.5696082544530641
dog,7/10,20,303,dog:241,no_eg,No-EG,reputation_gap_honest_minus_malicious,20,-0.2649772023862341,-0.2770788219847741,-0.2515039999306936
dog,7/10,21,330,dog:452,lir_pptd,LIR-PPTD,mean_reputation_honest,20,0.5081819183421189,0.5032630862168017,0.5133339772046596
dog,7/10,21,330,dog:452,lir_pptd,LIR-PPTD,mean_reputation_malicious,20,0.4275000813543067,0.42537340615266195,0.42954697153272126
dog,7/10,21,330,dog:452,lir_pptd,LIR-PPTD,reputation_gap_honest_minus_malicious,20,0.08068183698781212,0.07606357279785417,0.08493548482418527
dog,7/10,21,330,dog:452,no_eg,No-EG,mean_reputation_honest,20,0.2855027471745759,0.2789913779436693,0.2927199608812217
dog,7/10,21,330,dog:452,no_eg,No-EG,mean_reputation_malicious,20,0.584008038693729,0.5782966009200201,0.5893459963173538
dog,7/10,21,330,dog:452,no_eg,No-EG,reputation_gap_honest_minus_malicious,20,-0.29850529151915306,-0.30839634688170725,-0.2877608191543654
dog,7/10,22,350,dog:182,lir_pptd,LIR-PPTD,mean_reputation_honest,20,0.5079693982022304,0.5029552178711335,0.5133591074745146
dog,7/10,22,350,dog:182,lir_pptd,LIR-PPTD,mean_reputation_malicious,20,0.42424848732726017,0.42209790293873134,0.42631089473765443
dog,7/10,22,350,dog:182,lir_pptd,LIR-PPTD,reputation_gap_honest_minus_malicious,20,0.08372091087497022,0.07914405674828774,0.08825293448660262
dog,7/10,22,350,dog:182,no_eg,No-EG,mean_reputation_honest,20,0.2780168224572877,0.27101513962919604,0.2858696353147987
dog,7/10,22,350,dog:182,no_eg,No-EG,mean_reputation_malicious,20,0.5857245163426013,0.5812280256083628,0.5902229554585657
dog,7/10,22,350,dog:182,no_eg,No-EG,reputation_gap_honest_minus_malicious,20,-0.3077076938853136,-0.3173731326968081,-0.2970483810199429
dog,7/10,23,407,dog:74,lir_pptd,LIR-PPTD,mean_reputation_honest,20,0.5129670124828175,0.5080113191276181,0.5181431580534388
dog,7/10,23,407,dog:74,lir_pptd,LIR-PPTD,mean_reputation_malicious,20,0.42002286840986286,0.4177466810708656,0.42213562644225133
dog,7/10,23,407,dog:74,lir_pptd,LIR-PPTD,reputation_gap_honest_minus_malicious,20,0.09294414407295462,0.08863707041498708,0.09729551200697595
dog,7/10,23,407,dog:74,no_eg,No-EG,mean_reputation_honest,20,0.26713208996647353,0.25983516637322873,0.2748948018495081
dog,7/10,23,407,dog:74,no_eg,No-EG,mean_reputation_malicious,20,0.5969103348440502,0.5914363149963605,0.6019551474861629
dog,7/10,23,407,dog:74,no_eg,No-EG,reputation_gap_honest_minus_malicious,20,-0.32977824487757673,-0.34086785212559706,-0.3181787001291856
dog,7/10,24,427,dog:660,lir_pptd,LIR-PPTD,mean_reputation_honest,20,0.5147536453270599,0.5099566029867099,0.5197803970236944
dog,7/10,24,427,dog:660,lir_pptd,LIR-PPTD,mean_reputation_malicious,20,0.4158577327815753,0.41349552755882335,0.418079444070387
dog,7/10,24,427,dog:660,lir_pptd,LIR-PPTD,reputation_gap_honest_minus_malicious,20,0.09889591254548466,0.09463901468263285,0.10326699464822665
dog,7/10,24,427,dog:660,no_eg,No-EG,mean_reputation_honest,20,0.2629940337716895,0.25577142978545253,0.2704747836869487
dog,7/10,24,427,dog:660,no_eg,No-EG,mean_reputation_malicious,20,0.5999096973190287,0.595828935082171,0.6042254108217858
dog,7/10,24,427,dog:660,no_eg,No-EG,reputation_gap_honest_minus_malicious,20,-0.3369156635473392,-0.34655034971841175,-0.32691261280483797
dog,7/10,25,428,dog:769,lir_pptd,LIR-PPTD,mean_reputation_honest,20,0.5144847447138313,0.510021085405877,0.5190958366950414
dog,7/10,25,428,dog:769,lir_pptd,LIR-PPTD,mean_reputation_malicious,20,0.4129979199403061,0.4108162053565195,0.4151183478346481
dog,7/10,25,428,dog:769,lir_pptd,LIR-PPTD,reputation_gap_honest_minus_malicious,20,0.10148682477352518,0.0972566447305743,0.1056297161608939
dog,7/10,25,428,dog:769,no_eg,No-EG,mean_reputation_honest,20,0.26701740303486665,0.2602197918622207,0.2738478402880282
dog,7/10,25,428,dog:769,no_eg,No-EG,mean_reputation_malicious,20,0.5923772644094114,0.58824177076377,0.596479173031298
dog,7/10,25,428,dog:769,no_eg,No-EG,reputation_gap_honest_minus_malicious,20,-0.3253598613745447,-0.33494868220480783,-0.315595230776322
dog,7/10,26,430,dog:693,lir_pptd,LIR-PPTD,mean_reputation_honest,20,0.5132472665897849,0.5090757493545416,0.517363393861684
dog,7/10,26,430,dog:693,lir_pptd,LIR-PPTD,mean_reputation_malicious,20,0.40998006380894825,0.4076582982923415,0.41213992529970983
dog,7/10,26,430,dog:693,lir_pptd,LIR-PPTD,reputation_gap_honest_minus_malicious,20,0.10326720278083669,0.09950977687337717,0.10687081465779383
dog,7/10,26,430,dog:693,no_eg,No-EG,mean_reputation_honest,20,0.2717245763985446,0.26498625147575167,0.278651451723755
dog,7/10,26,430,dog:693,no_eg,No-EG,mean_reputation_malicious,20,0.5830695458706817,0.5789852813917011,0.5870087535196583
dog,7/10,26,430,dog:693,no_eg,No-EG,reputation_gap_honest_minus_malicious,20,-0.31134496947213713,-0.32064133289992663,-0.3018733129279218
dog,7/10,27,443,dog:546,lir_pptd,LIR-PPTD,mean_reputation_honest,20,0.5135150444327021,0.5092985015183871,0.5175287018052941
dog,7/10,27,443,dog:546,lir_pptd,LIR-PPTD,mean_reputation_malicious,20,0.4066817794040745,0.4043165943005238,0.40895479906164184
dog,7/10,27,443,dog:546,lir_pptd,LIR-PPTD,reputation_gap_honest_minus_malicious,20,0.10683326502862757,0.10315662410586547,0.11042937807547659
dog,7/10,27,443,dog:546,no_eg,No-EG,mean_reputation_honest,20,0.2706046402964984,0.26387461685769986,0.2777133454909673
dog,7/10,27,443,dog:546,no_eg,No-EG,mean_reputation_malicious,20,0.5805626705950002,0.5762890898292011,0.5847132801937885
dog,7/10,27,443,dog:546,no_eg,No-EG,reputation_gap_honest_minus_malicious,20,-0.30995803029850183,-0.31934737368962546,-0.3001231673836158
dog,7/10,28,448,dog:548,lir_pptd,LIR-PPTD,mean_reputation_honest,20,0.5071980734217353,0.5027071323222901,0.5114649422397579
dog,7/10,28,448,dog:548,lir_pptd,LIR-PPTD,mean_reputation_malicious,20,0.4036817881589601,0.4012305564691582,0.40596406585308853
dog,7/10,28,448,dog:548,lir_pptd,LIR-PPTD,reputation_gap_honest_minus_malicious,20,0.1035162852627752,0.09930933194412961,0.10760643419602443
dog,7/10,28,448,dog:548,no_eg,No-EG,mean_reputation_honest,20,0.26724011505199746,0.2601581467411127,0.2748061210560489
dog,7/10,28,448,dog:548,no_eg,No-EG,mean_reputation_malicious,20,0.5753399340861007,0.571058868555275,0.5795085169509399
dog,7/10,28,448,dog:548,no_eg,No-EG,reputation_gap_honest_minus_malicious,20,-0.3080998190341033,-0.3174406769397174,-0.2985175905829834
dog,7/10,29,450,dog:68,lir_pptd,LIR-PPTD,mean_reputation_honest,20,0.5087389633083469,0.5042616179615369,0.5129307258006333
dog,7/10,29,450,dog:68,lir_pptd,LIR-PPTD,mean_reputation_malicious,20,0.39975939641887764,0.3972801289455797,0.40215277021272766
dog,7/10,29,450,dog:68,lir_pptd,LIR-PPTD,reputation_gap_honest_minus_malicious,20,0.10897956688946925,0.10488083517673381,0.11281564201437251
dog,7/10,29,450,dog:68,no_eg,No-EG,mean_reputation_honest,20,0.27403146539136597,0.2673500148872163,0.2809316680183499
dog,7/10,29,450,dog:68,no_eg,No-EG,mean_reputation_malicious,20,0.5668035800850366,0.562716882617642,0.5709628892572958
dog,7/10,29,450,dog:68,no_eg,No-EG,reputation_gap_honest_minus_malicious,20,-0.2927721146936707,-0.30205329623389066,-0.28356498881601166
dog,7/10,30,460,dog:128,lir_pptd,LIR-PPTD,mean_reputation_honest,20,0.5127024186608905,0.5081830562138706,0.5170812362894887
dog,7/10,30,460,dog:128,lir_pptd,LIR-PPTD,mean_reputation_malicious,20,0.3973686449729251,0.3947929362249038,0.3997448537305429
dog,7/10,30,460,dog:128,lir_pptd,LIR-PPTD,reputation_gap_honest_minus_malicious,20,0.11533377368796538,0.1113445665785676,0.11909180617867465
dog,7/10,30,460,dog:128,no_eg,No-EG,mean_reputation_honest,20,0.2738582827962744,0.26604602254366805,0.28179337133702254
dog,7/10,30,460,dog:128,no_eg,No-EG,mean_reputation_malicious,20,0.5688985152736661,0.5652698000277644,0.5728280557895226
dog,7/10,30,460,dog:128,no_eg,No-EG,reputation_gap_honest_minus_malicious,20,-0.29504023247739164,-0.30520141548273166,-0.2849629439679495
dog,7/10,31,490,dog:368,lir_pptd,LIR-PPTD,mean_reputation_honest,20,0.5116090946560907,0.5071307919376582,0.5159259724401247
dog,7/10,31,490,dog:368,lir_pptd,LIR-PPTD,mean_reputation_malicious,20,0.3947458983769564,0.3920000901203652,0.3971868818536422
dog,7/10,31,490,dog:368,lir_pptd,LIR-PPTD,reputation_gap_honest_minus_malicious,20,0.11686319627913438,0.113110702525274,0.12043110718648023
dog,7/10,31,490,dog:368,no_eg,No-EG,mean_reputation_honest,20,0.2692700329118667,0.26280030679960464,0.27608090499655413
dog,7/10,31,490,dog:368,no_eg,No-EG,mean_reputation_malicious,20,0.5757103694666519,0.57153088767995,0.580129303199534
dog,7/10,31,490,dog:368,no_eg,No-EG,reputation_gap_honest_minus_malicious,20,-0.30644033655478514,-0.3163269467271874,-0.29649543312468263
dog,7/10,32,498,dog:360,lir_pptd,LIR-PPTD,mean_reputation_honest,20,0.515295302434712,0.5102610997986852,0.5199735668422751
dog,7/10,32,498,dog:360,lir_pptd,LIR-PPTD,mean_reputation_malicious,20,0.3916834919131195,0.38897627423295617,0.394144283463474
dog,7/10,32,498,dog:360,lir_pptd,LIR-PPTD,reputation_gap_honest_minus_malicious,20,0.12361181052159252,0.11948026432874688,0.1274952873350307
dog,7/10,32,498,dog:360,no_eg,No-EG,mean_reputation_honest,20,0.2725073508249731,0.26604515581160854,0.2795769078993032
dog,7/10,32,498,dog:360,no_eg,No-EG,mean_reputation_malicious,20,0.5662194448886786,0.5621983149702066,0.5703251968165458
dog,7/10,32,498,dog:360,no_eg,No-EG,reputation_gap_honest_minus_malicious,20,-0.2937120940637055,-0.3029328108928536,-0.2839060079663935
dog,7/10,33,507,dog:387,lir_pptd,LIR-PPTD,mean_reputation_honest,20,0.5174679071823011,0.5126480107913306,0.5218974188873426
dog,7/10,33,507,dog:387,lir_pptd,LIR-PPTD,mean_reputation_malicious,20,0.39006099254109283,0.38734631035199263,0.39254404401424575
dog,7/10,33,507,dog:387,lir_pptd,LIR-PPTD,reputation_gap_honest_minus_malicious,20,0.1274069146412082,0.12343963108200673,0.13116009048601232
dog,7/10,33,507,dog:387,no_eg,No-EG,mean_reputation_honest,20,0.2800509122959291,0.2719578915729606,0.28835127033729935
dog,7/10,33,507,dog:387,no_eg,No-EG,mean_reputation_malicious,20,0.5539055374971776,0.5499271088672937,0.557980643431159
dog,7/10,33,507,dog:387,no_eg,No-EG,reputation_gap_honest_minus_malicious,20,-0.27385462520124854,-0.2849623364176002,-0.2626190746937787
dog,7/10,34,513,dog:787,lir_pptd,LIR-PPTD,mean_reputation_honest,20,0.5164481968770485,0.5116913473281167,0.5208520612281907
dog,7/10,34,513,dog:787,lir_pptd,LIR-PPTD,mean_reputation_malicious,20,0.3911430940765534,0.3883617712429632,0.39362601483329596
dog,7/10,34,513,dog:787,lir_pptd,LIR-PPTD,reputation_gap_honest_minus_malicious,20,0.1253051028004951,0.12139178526544278,0.1290164337803547
dog,7/10,34,513,dog:787,no_eg,No-EG,mean_reputation_honest,20,0.2777316735816406,0.2694886985758731,0.2862990688982332
dog,7/10,34,513,dog:787,no_eg,No-EG,mean_reputation_malicious,20,0.5624111390865941,0.5584660616593012,0.5663621364082877
dog,7/10,34,513,dog:787,no_eg,No-EG,reputation_gap_honest_minus_malicious,20,-0.2846794655049536,-0.29575291350469357,-0.27323030758064365
dog,7/10,35,532,dog:60,lir_pptd,LIR-PPTD,mean_reputation_honest,20,0.5122281291033853,0.5071989478720769,0.5170870950735875
dog,7/10,35,532,dog:60,lir_pptd,LIR-PPTD,mean_reputation_malicious,20,0.3876004884413067,0.38465243047268755,0.3902574098891975
dog,7/10,35,532,dog:60,lir_pptd,LIR-PPTD,reputation_gap_honest_minus_malicious,20,0.12462764066207871,0.12018604042081135,0.12869072815271493
dog,7/10,35,532,dog:60,no_eg,No-EG,mean_reputation_honest,20,0.2677763721841682,0.25929522806265787,0.27675495715578274
dog,7/10,35,532,dog:60,no_eg,No-EG,mean_reputation_malicious,20,0.5720333465202769,0.5681813885321619,0.5759641838025673
dog,7/10,35,532,dog:60,no_eg,No-EG,reputation_gap_honest_minus_malicious,20,-0.30425697433610865,-0.3147393546008967,-0.2934937788382843
dog,7/10,36,543,dog:251,lir_pptd,LIR-PPTD,mean_reputation_honest,20,0.5129119478806822,0.5081755109137088,0.5174564872671955
dog,7/10,36,543,dog:251,lir_pptd,LIR-PPTD,mean_reputation_malicious,20,0.38907592871980917,0.38623766812824445,0.39173434349164826
dog,7/10,36,543,dog:251,lir_pptd,LIR-PPTD,reputation_gap_honest_minus_malicious,20,0.12383601916087301,0.11956563288928565,0.1277646419485196
dog,7/10,36,543,dog:251,no_eg,No-EG,mean_reputation_honest,20,0.2640304590102657,0.25537186411000024,0.2731825843687521
dog,7/10,36,543,dog:251,no_eg,No-EG,mean_reputation_malicious,20,0.5809453343707357,0.5775156126158045,0.5843167518534602
dog,7/10,36,543,dog:251,no_eg,No-EG,reputation_gap_honest_minus_malicious,20,-0.31691487536046997,-0.32717180301558796,-0.30646465356088465
dog,7/10,37,580,dog:463,lir_pptd,LIR-PPTD,mean_reputation_honest,20,0.5102822194695724,0.5055332489115046,0.5151770875612128
dog,7/10,37,580,dog:463,lir_pptd,LIR-PPTD,mean_reputation_malicious,20,0.39207757370571855,0.38922848286011763,0.394668235624924
dog,7/10,37,580,dog:463,lir_pptd,LIR-PPTD,reputation_gap_honest_minus_malicious,20,0.11820464576385382,0.11370872004028901,0.12240721500120119
dog,7/10,37,580,dog:463,no_eg,No-EG,mean_reputation_honest,20,0.2470106114528136,0.2415113684018871,0.25293861139434176
dog,7/10,37,580,dog:463,no_eg,No-EG,mean_reputation_malicious,20,0.6126449824837548,0.6084699377358929,0.6168134021314162
dog,7/10,37,580,dog:463,no_eg,No-EG,reputation_gap_honest_minus_malicious,20,-0.3656343710309411,-0.3738835476910708,-0.3574618362772363
dog,7/10,38,584,dog:164,lir_pptd,LIR-PPTD,mean_reputation_honest,20,0.5078267041392107,0.502758964525016,0.512835605956219
dog,7/10,38,584,dog:164,lir_pptd,LIR-PPTD,mean_reputation_malicious,20,0.39395076022340236,0.391275001241952,0.39648535810657537
dog,7/10,38,584,dog:164,lir_pptd,LIR-PPTD,reputation_gap_honest_minus_malicious,20,0.11387594391580833,0.10918788488158843,0.11807880862450101
dog,7/10,38,584,dog:164,no_eg,No-EG,mean_reputation_honest,20,0.24907394617111167,0.24363761425537991,0.25504975659416856
dog,7/10,38,584,dog:164,no_eg,No-EG,mean_reputation_malicious,20,0.6099199227057801,0.605317227324431,0.6144057063241337
dog,7/10,38,584,dog:164,no_eg,No-EG,reputation_gap_honest_minus_malicious,20,-0.36084597653466843,-0.36883449187069073,-0.3527518758916356
dog,7/10,39,592,dog:600,lir_pptd,LIR-PPTD,mean_reputation_honest,20,0.5061219570615122,0.501063026212849,0.5109768379471755
dog,7/10,39,592,dog:600,lir_pptd,LIR-PPTD,mean_reputation_malicious,20,0.39554413140866096,0.3926068995302319,0.39830140253188906
dog,7/10,39,592,dog:600,lir_pptd,LIR-PPTD,reputation_gap_honest_minus_malicious,20,0.11057782565285126,0.10631607606019404,0.11450317854305735
dog,7/10,39,592,dog:600,no_eg,No-EG,mean_reputation_honest,20,0.25368134062638403,0.24743396378947208,0.26035935031202445
dog,7/10,39,592,dog:600,no_eg,No-EG,mean_reputation_malicious,20,0.604164794484023,0.5993069965496494,0.6089091941422595
dog,7/10,39,592,dog:600,no_eg,No-EG,reputation_gap_honest_minus_malicious,20,-0.35048345385763896,-0.3587105861096732,-0.3424411129783342
dog,7/10,40,624,dog:760,lir_pptd,LIR-PPTD,mean_reputation_honest,20,0.5022418002924535,0.49811648119516727,0.5063781885815222
dog,7/10,40,624,dog:760,lir_pptd,LIR-PPTD,mean_reputation_malicious,20,0.3997905630575378,0.39695916057177355,0.4024967806543844
dog,7/10,40,624,dog:760,lir_pptd,LIR-PPTD,reputation_gap_honest_minus_malicious,20,0.10245123723491571,0.09865734431089514,0.1059104929656375
dog,7/10,40,624,dog:760,no_eg,No-EG,mean_reputation_honest,20,0.2545154871879509,0.24712851366911673,0.2623945035328019
dog,7/10,40,624,dog:760,no_eg,No-EG,mean_reputation_malicious,20,0.5980700372459016,0.592829827154235,0.6031657029984697
dog,7/10,40,624,dog:760,no_eg,No-EG,reputation_gap_honest_minus_malicious,20,-0.3435545500579507,-0.3534131552789638,-0.3339900061458292
dog,7/10,41,628,dog:218,lir_pptd,LIR-PPTD,mean_reputation_honest,20,0.5033322314521057,0.4991721931070295,0.5074304326478631
dog,7/10,41,628,dog:218,lir_pptd,LIR-PPTD,mean_reputation_malicious,20,0.39599409170600985,0.3929764314246029,0.39885074960425615
dog,7/10,41,628,dog:218,lir_pptd,LIR-PPTD,reputation_gap_honest_minus_malicious,20,0.1073381397460959,0.10401498924384968,0.11052187656290761
dog,7/10,41,628,dog:218,no_eg,No-EG,mean_reputation_honest,20,0.2589130650688654,0.2514297554260745,0.2664588514930064
dog,7/10,41,628,dog:218,no_eg,No-EG,mean_reputation_malicious,20,0.5906982543281303,0.5858447573774723,0.595393820375148
dog,7/10,41,628,dog:218,no_eg,No-EG,reputation_gap_honest_minus_malicious,20,-0.33178518925926487,-0.3412033348188688,-0.32276587916298355
dog,7/10,42,633,dog:281,lir_pptd,LIR-PPTD,mean_reputation_honest,20,0.5057112418392299,0.5016562893417998,0.5097935494159963
dog,7/10,42,633,dog:281,lir_pptd,LIR-PPTD,mean_reputation_malicious,20,0.39107203141083796,0.38804000008416356,0.3939501455225957
dog,7/10,42,633,dog:281,lir_pptd,LIR-PPTD,reputation_gap_honest_minus_malicious,20,0.11463921042839192,0.11142307051145654,0.11763910509483366
dog,7/10,42,633,dog:281,no_eg,No-EG,mean_reputation_honest,20,0.2630509507013416,0.25528807085327965,0.2715052887894171
dog,7/10,42,633,dog:281,no_eg,No-EG,mean_reputation_malicious,20,0.5866136746703765,0.5824707107772641,0.5907588675146488
dog,7/10,42,633,dog:281,no_eg,No-EG,reputation_gap_honest_minus_malicious,20,-0.32356272396903496,-0.3327572339116107,-0.3143960116474895
dog,7/10,43,661,dog:701,lir_pptd,LIR-PPTD,mean_reputation_honest,20,0.49684595118496744,0.49274263195252394,0.5009105810741743
dog,7/10,43,661,dog:701,lir_pptd,LIR-PPTD,mean_reputation_malicious,20,0.3885226409014379,0.38551805764731745,0.3913754497924533
dog,7/10,43,661,dog:701,lir_pptd,LIR-PPTD,reputation_gap_honest_minus_malicious,20,0.10832331028352954,0.10459751927520788,0.11158539189681445
dog,7/10,43,661,dog:701,no_eg,No-EG,mean_reputation_honest,20,0.2537482177702499,0.24649637910308633,0.2613578012570524
dog,7/10,43,661,dog:701,no_eg,No-EG,mean_reputation_malicious,20,0.5957784281107117,0.5915664802088789,0.6004258096253268
dog,7/10,43,661,dog:701,no_eg,No-EG,reputation_gap_honest_minus_malicious,20,-0.3420302103404618,-0.35039023382388673,-0.33372390667780266
dog,7/10,44,682,dog:775,lir_pptd,LIR-PPTD,mean_reputation_honest,20,0.5009899265899448,0.49681878870959184,0.5052024241193545
dog,7/10,44,682,dog:775,lir_pptd,LIR-PPTD,mean_reputation_malicious,20,0.385127045311237,0.382223891464756,0.38791075696842336
dog,7/10,44,682,dog:775,lir_pptd,LIR-PPTD,reputation_gap_honest_minus_malicious,20,0.11586288127870778,0.11239830579891714,0.11924770563668541
dog,7/10,44,682,dog:775,no_eg,No-EG,mean_reputation_honest,20,0.2535562055253781,0.244307433851665,0.2627112195272831
dog,7/10,44,682,dog:775,no_eg,No-EG,mean_reputation_malicious,20,0.5827884641979132,0.5784998172898894,0.5873576175252344
dog,7/10,44,682,dog:775,no_eg,No-EG,reputation_gap_honest_minus_malicious,20,-0.32923225867253514,-0.34121429881608134,-0.31732977049970773
dog,7/10,45,696,dog:770,lir_pptd,LIR-PPTD,mean_reputation_honest,20,0.5027540712506661,0.4988823417628336,0.5066675635410965
dog,7/10,45,696,dog:770,lir_pptd,LIR-PPTD,mean_reputation_malicious,20,0.38606624851795557,0.38322702819283383,0.388777924735824
dog,7/10,45,696,dog:770,lir_pptd,LIR-PPTD,reputation_gap_honest_minus_malicious,20,0.11668782273271053,0.11355168765000387,0.11976981953442102
dog,7/10,45,696,dog:770,no_eg,No-EG,mean_reputation_honest,20,0.25328996785890223,0.24451024561480025,0.26190248558721424
dog,7/10,45,696,dog:770,no_eg,No-EG,mean_reputation_malicious,20,0.5912457509606871,0.5869253664032521,0.5957103871393233
dog,7/10,45,696,dog:770,no_eg,No-EG,reputation_gap_honest_minus_malicious,20,-0.3379557831017848,-0.3493523429177233,-0.32654983278263905
dog,7/10,46,731,dog:563,lir_pptd,LIR-PPTD,mean_reputation_honest,20,0.5068728442065291,0.5025983656303947,0.5110949576002507
dog,7/10,46,731,dog:563,lir_pptd,LIR-PPTD,mean_reputation_malicious,20,0.3831349087325372,0.38014519796380286,0.3858309653766236
dog,7/10,46,731,dog:563,lir_pptd,LIR-PPTD,reputation_gap_honest_minus_malicious,20,0.1237379354739919,0.12045362358950115,0.12688994247010127
dog,7/10,46,731,dog:563,no_eg,No-EG,mean_reputation_honest,20,0.25568208232954187,0.2470167732503432,0.2647024669555796
dog,7/10,46,731,dog:563,no_eg,No-EG,mean_reputation_malicious,20,0.584911246543432,0.5806308860350804,0.5891898877485335
dog,7/10,46,731,dog:563,no_eg,No-EG,reputation_gap_honest_minus_malicious,20,-0.3292291642138901,-0.3407254313169388,-0.31716599729815387
dog,7/10,47,747,dog:391,lir_pptd,LIR-PPTD,mean_reputation_honest,20,0.5089238581454212,0.50456472844791,0.5130768928897176
dog,7/10,47,747,dog:391,lir_pptd,LIR-PPTD,mean_reputation_malicious,20,0.382668620099135,0.37973502035020384,0.38535151133335627
dog,7/10,47,747,dog:391,lir_pptd,LIR-PPTD,reputation_gap_honest_minus_malicious,20,0.12625523804628622,0.12312559769083128,0.12931652851539802
dog,7/10,47,747,dog:391,no_eg,No-EG,mean_reputation_honest,20,0.2547504999332209,0.2473256198493911,0.26197375120903343
dog,7/10,47,747,dog:391,no_eg,No-EG,mean_reputation_malicious,20,0.5983789468938112,0.5933653852666056,0.6030629391194317
dog,7/10,47,747,dog:391,no_eg,No-EG,reputation_gap_honest_minus_malicious,20,-0.34362844696059025,-0.35415230405313985,-0.3331915587201976
dog,7/10,48,796,dog:481,lir_pptd,LIR-PPTD,mean_reputation_honest,20,0.5123033738542401,0.5075368075006136,0.5170959111346725
dog,7/10,48,796,dog:481,lir_pptd,LIR-PPTD,mean_reputation_malicious,20,0.3800556758839333,0.3770069096932133,0.3828845830621372
dog,7/10,48,796,dog:481,lir_pptd,LIR-PPTD,reputation_gap_honest_minus_malicious,20,0.13224769797030683,0.128787659809145,0.1357052566178611
dog,7/10,48,796,dog:481,no_eg,No-EG,mean_reputation_honest,20,0.24550822685747337,0.23869369052485367,0.25299802103764574
dog,7/10,48,796,dog:481,no_eg,No-EG,mean_reputation_malicious,20,0.6148106421316808,0.6090156510055527,0.6203445666655815
dog,7/10,48,796,dog:481,no_eg,No-EG,reputation_gap_honest_minus_malicious,20,-0.3693024152742074,-0.3789340381519817,-0.3597175115687151
weather,7/10,1,7,weather:6,lir_pptd,LIR-PPTD,mean_reputation_honest,20,0.5455998508476827,0.544225678872507,0.5469378647294031
weather,7/10,1,7,weather:6,lir_pptd,LIR-PPTD,mean_reputation_malicious,20,0.543044836649796,0.5421146928519834,0.5439796288026638
weather,7/10,1,7,weather:6,lir_pptd,LIR-PPTD,reputation_gap_honest_minus_malicious,20,0.0025550141978868124,0.0002911259915056728,0.004764812586591211
weather,7/10,1,7,weather:6,no_eg,No-EG,mean_reputation_honest,20,0.7175839082615615,0.7118725620491243,0.7232386075786803
weather,7/10,1,7,weather:6,no_eg,No-EG,mean_reputation_malicious,20,0.7077408440929294,0.7046179026025424,0.7110075037349615
weather,7/10,1,7,weather:6,no_eg,No-EG,reputation_gap_honest_minus_malicious,20,0.009843064168632131,0.0008078453130930744,0.018271106001943836
weather,7/10,2,42,weather:41,lir_pptd,LIR-PPTD,mean_reputation_honest,20,0.5835388920980433,0.5797229360142832,0.5871798118628421
weather,7/10,2,42,weather:41,lir_pptd,LIR-PPTD,mean_reputation_malicious,20,0.5599142980796067,0.5576035366055301,0.562208107869223
weather,7/10,2,42,weather:41,lir_pptd,LIR-PPTD,reputation_gap_honest_minus_malicious,20,0.023624594018436564,0.017798984270681866,0.029388188626750886
weather,7/10,2,42,weather:41,no_eg,No-EG,mean_reputation_honest,20,0.8959765964961903,0.884106431255817,0.9073535534399744
weather,7/10,2,42,weather:41,no_eg,No-EG,mean_reputation_malicious,20,0.9131513590797776,0.9070953378446047,0.9192520645914287
weather,7/10,2,42,weather:41,no_eg,No-EG,reputation_gap_honest_minus_malicious,20,-0.017174762583587234,-0.034536265920419036,-0.000696971768523766
weather,7/10,3,70,weather:69,lir_pptd,LIR-PPTD,mean_reputation_honest,20,0.6160723186845156,0.611668180088019,0.6206321503180928
weather,7/10,3,70,weather:69,lir_pptd,LIR-PPTD,mean_reputation_malicious,20,0.5668129481074323,0.5629187203593833,0.5706956785374552
weather,7/10,3,70,weather:69,lir_pptd,LIR-PPTD,reputation_gap_honest_minus_malicious,20,0.049259370577083364,0.041075602795670685,0.05713409071864756
weather,7/10,3,70,weather:69,no_eg,No-EG,mean_reputation_honest,20,0.8045059800679822,0.7907934227054197,0.8182336488968325
weather,7/10,3,70,weather:69,no_eg,No-EG,mean_reputation_malicious,20,0.8763313965774402,0.8679689130755867,0.8848299017010531
weather,7/10,3,70,weather:69,no_eg,No-EG,reputation_gap_honest_minus_malicious,20,-0.0718254165094579,-0.09197045289920303,-0.05121726512474902
weather,7/10,4,72,weather:71,lir_pptd,LIR-PPTD,mean_reputation_honest,20,0.6396045789296282,0.6354369312765827,0.6438228596997908
weather,7/10,4,72,weather:71,lir_pptd,LIR-PPTD,mean_reputation_malicious,20,0.5638947416119453,0.5592261853686578,0.5684665156206329
weather,7/10,4,72,weather:71,lir_pptd,LIR-PPTD,reputation_gap_honest_minus_malicious,20,0.07570983731768285,0.06780401213303025,0.08387179398004004
weather,7/10,4,72,weather:71,no_eg,No-EG,mean_reputation_honest,20,0.8009421508883829,0.7876964416252809,0.8134812253126102
weather,7/10,4,72,weather:71,no_eg,No-EG,mean_reputation_malicious,20,0.8430502055163153,0.8335966617970395,0.8524735032922479
weather,7/10,4,72,weather:71,no_eg,No-EG,reputation_gap_honest_minus_malicious,20,-0.04210805462793236,-0.0631473553236588,-0.021215626436777574
weather,7/10,5,75,weather:74,lir_pptd,LIR-PPTD,mean_reputation_honest,20,0.6598862440241134,0.6554217368458366,0.6644340028150326
weather,7/10,5,75,weather:74,lir_pptd,LIR-PPTD,mean_reputation_malicious,20,0.5669186627962838,0.5617796616468995,0.572179388797645
weather,7/10,5,75,weather:74,lir_pptd,LIR-PPTD,reputation_gap_honest_minus_malicious,20,0.09296758122782972,0.08448473129413857,0.10188136311893911
weather,7/10,5,75,weather:74,no_eg,No-EG,mean_reputation_honest,20,0.797681815964106,0.7854304248633623,0.8092713147029637
weather,7/10,5,75,weather:74,no_eg,No-EG,mean_reputation_malicious,20,0.8411224731727707,0.8323973841477581,0.8497672374180525
weather,7/10,5,75,weather:74,no_eg,No-EG,reputation_gap_honest_minus_malicious,20,-0.04344065720866462,-0.06373938637228391,-0.024178310132097782
weather,7/10,6,79,weather:78,lir_pptd,LIR-PPTD,mean_reputation_honest,20,0.6842651865832603,0.6798412965425813,0.6892973194141978
weather,7/10,6,79,weather:78,lir_pptd,LIR-PPTD,mean_reputation_malicious,20,0.566887520011411,0.5610311724808591,0.5729239293819883
weather,7/10,6,79,weather:78,lir_pptd,LIR-PPTD,reputation_gap_honest_minus_malicious,20,0.11737766657184939,0.10869872487027343,0.12659447593420034
weather,7/10,6,79,weather:78,no_eg,No-EG,mean_reputation_honest,20,0.7918400821762206,0.7798062926933919,0.8036957998056138
weather,7/10,6,79,weather:78,no_eg,No-EG,mean_reputation_malicious,20,0.8185377273908803,0.8095448234266639,0.827655716578237
weather,7/10,6,79,weather:78,no_eg,No-EG,reputation_gap_honest_minus_malicious,20,-0.026697645214659598,-0.04745384248004366,-0.0061842273007342375
weather,7/10,7,99,weather:98,lir_pptd,LIR-PPTD,mean_reputation_honest,20,0.6999887208725774,0.6943926640061256,0.7060272411848295
weather,7/10,7,99,weather:98,lir_pptd,LIR-PPTD,mean_reputation_malicious,20,0.5604805134515656,0.5537309195675352,0.5671267569629781
weather,7/10,7,99,weather:98,lir_pptd,LIR-PPTD,reputation_gap_honest_minus_malicious,20,0.13950820742101175,0.1303816873420174,0.14878465325647663
weather,7/10,7,99,weather:98,no_eg,No-EG,mean_reputation_honest,20,0.6874742001874642,0.6758694421536421,0.6985372291232486
weather,7/10,7,99,weather:98,no_eg,No-EG,mean_reputation_malicious,20,0.8506777671771638,0.8414806798984749,0.8601222309830363
weather,7/10,7,99,weather:98,no_eg,No-EG,reputation_gap_honest_minus_malicious,20,-0.16320356698969962,-0.18200419981629773,-0.1452756247912663
weather,7/10,8,110,weather:109,lir_pptd,LIR-PPTD,mean_reputation_honest,20,0.7086176467004078,0.7021565077356474,0.7154189677155051
weather,7/10,8,110,weather:109,lir_pptd,LIR-PPTD,mean_reputation_malicious,20,0.5513190322356841,0.5438673881674678,0.558979349663036
weather,7/10,8,110,weather:109,lir_pptd,LIR-PPTD,reputation_gap_honest_minus_malicious,20,0.15729861446472368,0.14817770542551736,0.16701988709255766
weather,7/10,8,110,weather:109,no_eg,No-EG,mean_reputation_honest,20,0.6194781271623264,0.6055041005102161,0.632679202212087
weather,7/10,8,110,weather:109,no_eg,No-EG,mean_reputation_malicious,20,0.8434408357735819,0.8320106254006514,0.8550648490229286
weather,7/10,8,110,weather:109,no_eg,No-EG,reputation_gap_honest_minus_malicious,20,-0.22396270861125542,-0.2481040899185678,-0.2009234842498848
weather,7/10,9,143,weather:142,lir_pptd,LIR-PPTD,mean_reputation_honest,20,0.7315676372032746,0.7245711182521688,0.7387369550505889
weather,7/10,9,143,weather:142,lir_pptd,LIR-PPTD,mean_reputation_malicious,20,0.5344660240786706,0.5268840736784847,0.5422752447796776
weather,7/10,9,143,weather:142,lir_pptd,LIR-PPTD,reputation_gap_honest_minus_malicious,20,0.19710161312460395,0.18766096573313568,0.20728334026981515
weather,7/10,9,143,weather:142,no_eg,No-EG,mean_reputation_honest,20,0.5193907902498738,0.5092953518690465,0.5290381331596137
weather,7/10,9,143,weather:142,no_eg,No-EG,mean_reputation_malicious,20,0.8491422461053013,0.8405963289408483,0.8579336815682059
weather,7/10,9,143,weather:142,no_eg,No-EG,reputation_gap_honest_minus_malicious,20,-0.32975145585542753,-0.3459421175165235,-0.3146320352713645
weather,7/10,10,155,weather:154,lir_pptd,LIR-PPTD,mean_reputation_honest,20,0.7506603306542114,0.7436236216613011,0.7582931583031148
weather,7/10,10,155,weather:154,lir_pptd,LIR-PPTD,mean_reputation_malicious,20,0.5108441313836679,0.5026136509455775,0.5190699584987354
weather,7/10,10,155,weather:154,lir_pptd,LIR-PPTD,reputation_gap_honest_minus_malicious,20,0.23981619927054362,0.2287169337964837,0.2509367015534388
weather,7/10,10,155,weather:154,no_eg,No-EG,mean_reputation_honest,20,0.5030956289357184,0.4916544464092071,0.5139272695278971
weather,7/10,10,155,weather:154,no_eg,No-EG,mean_reputation_malicious,20,0.8148609298222466,0.8054437441959864,0.8240191019542067
weather,7/10,10,155,weather:154,no_eg,No-EG,reputation_gap_honest_minus_malicious,20,-0.3117653008865282,-0.3297259072606196,-0.29483676201807446
weather,7/10,11,173,weather:172,lir_pptd,LIR-PPTD,mean_reputation_honest,20,0.7661832461635457,0.7588363001718706,0.7742525990061958
weather,7/10,11,173,weather:172,lir_pptd,LIR-PPTD,mean_reputation_malicious,20,0.48738137457817154,0.4784782393202008,0.4962271460351121
weather,7/10,11,173,weather:172,lir_pptd,LIR-PPTD,reputation_gap_honest_minus_malicious,20,0.2788018715853741,0.2678702148245823,0.2901290967728041
weather,7/10,11,173,weather:172,no_eg,No-EG,mean_reputation_honest,20,0.439873520435333,0.4305817304605137,0.44997763081244724
weather,7/10,11,173,weather:172,no_eg,No-EG,mean_reputation_malicious,20,0.8299720667845849,0.8209652750606297,0.8389020146662141
weather,7/10,11,173,weather:172,no_eg,No-EG,reputation_gap_honest_minus_malicious,20,-0.39009854634925184,-0.4019107333688027,-0.37904218824195385
weather,7/10,12,202,weather:201,lir_pptd,LIR-PPTD,mean_reputation_honest,20,0.7796592854517483,0.772158135970809,0.7878106906010336
weather,7/10,12,202,weather:201,lir_pptd,LIR-PPTD,mean_reputation_malicious,20,0.47203854595672134,0.4641382142175638,0.4800561010529742
weather,7/10,12,202,weather:201,lir_pptd,LIR-PPTD,reputation_gap_honest_minus_malicious,20,0.307620739495027,0.29625537137013597,0.3192423753583752
weather,7/10,12,202,weather:201,no_eg,No-EG,mean_reputation_honest,20,0.39036151189329454,0.3771788153388857,0.4029046925083105
weather,7/10,12,202,weather:201,no_eg,No-EG,mean_reputation_malicious,20,0.8627640966020502,0.8559914506595581,0.8697177333246665
weather,7/10,12,202,weather:201,no_eg,No-EG,reputation_gap_honest_minus_malicious,20,-0.47240258470875574,-0.48687882512074737,-0.4591767963229389
weather,7/10,13,217,weather:216,lir_pptd,LIR-PPTD,mean_reputation_honest,20,0.7958360851251985,0.7884416695427255,0.8037321227641261
weather,7/10,13,217,weather:216,lir_pptd,LIR-PPTD,mean_reputation_malicious,20,0.455340783483798,0.4474480674235378,0.46331004826549166
weather,7/10,13,217,weather:216,lir_pptd,LIR-PPTD,reputation_gap_honest_minus_malicious,20,0.3404953016414006,0.32854249289637344,0.3524593954646781
weather,7/10,13,217,weather:216,no_eg,No-EG,mean_reputation_honest,20,0.40583061166167494,0.39633861208645416,0.41464527199118784
weather,7/10,13,217,weather:216,no_eg,No-EG,mean_reputation_malicious,20,0.835713435041876,0.8292739211216672,0.842318341105315
weather,7/10,13,217,weather:216,no_eg,No-EG,reputation_gap_honest_minus_malicious,20,-0.4298828233802011,-0.4422271570365428,-0.4185928286798069
weather,7/10,14,220,weather:219,lir_pptd,LIR-PPTD,mean_reputation_honest,20,0.8112823368626101,0.8032487300836538,0.8201173978319614
weather,7/10,14,220,weather:219,lir_pptd,LIR-PPTD,mean_reputation_malicious,20,0.43995070210889736,0.4320389927362613,0.4478822675469971
weather,7/10,14,220,weather:219,lir_pptd,LIR-PPTD,reputation_gap_honest_minus_malicious,20,0.3713316347537127,0.3596382267999734,0.3831920703769869
weather,7/10,14,220,weather:219,no_eg,No-EG,mean_reputation_honest,20,0.45375267948023085,0.44366235652412167,0.4632844563834554
weather,7/10,14,220,weather:219,no_eg,No-EG,mean_reputation_malicious,20,0.782594769911229,0.775547311457283,0.7899970859763396
weather,7/10,14,220,weather:219,no_eg,No-EG,reputation_gap_honest_minus_malicious,20,-0.3288420904309982,-0.34434169042291873,-0.3145312262962724
weather,7/10,15,236,weather:235,lir_pptd,LIR-PPTD,mean_reputation_honest,20,0.8222720641663599,0.8151811591538582,0.8298058701533056
weather,7/10,15,236,weather:235,lir_pptd,LIR-PPTD,mean_reputation_malicious,20,0.42258129317335685,0.41464724847634754,0.4304013547734841
weather,7/10,15,236,weather:235,lir_pptd,LIR-PPTD,reputation_gap_honest_minus_malicious,20,0.399690770993003,0.388546251679486,0.4110399216269545
weather,7/10,15,236,weather:235,no_eg,No-EG,mean_reputation_honest,20,0.4045283357165836,0.39679013922415973,0.41205557012095473
weather,7/10,15,236,weather:235,no_eg,No-EG,mean_reputation_malicious,20,0.812290273500482,0.8015749627734794,0.8234201863179667
weather,7/10,15,236,weather:235,no_eg,No-EG,reputation_gap_honest_minus_malicious,20,-0.4077619377838984,-0.4227628002760607,-0.39375579566375946
weather,7/10,16,250,weather:249,lir_pptd,LIR-PPTD,mean_reputation_honest,20,0.8295963361223601,0.8228231003914084,0.836850992977715
weather,7/10,16,250,weather:249,lir_pptd,LIR-PPTD,mean_reputation_malicious,20,0.4070191181494696,0.39911561946366836,0.41505320194500445
weather,7/10,16,250,weather:249,lir_pptd,LIR-PPTD,reputation_gap_honest_minus_malicious,20,0.42257721797289044,0.41015280109261093,0.4350973697836525
weather,7/10,16,250,weather:249,no_eg,No-EG,mean_reputation_honest,20,0.420406340737512,0.41030406088532284,0.43066139095906436
weather,7/10,16,250,weather:249,no_eg,No-EG,mean_reputation_malicious,20,0.8182668073016001,0.8084442382284842,0.8279664470242689
weather,7/10,16,250,weather:249,no_eg,No-EG,reputation_gap_honest_minus_malicious,20,-0.3978604665640881,-0.4134472571256372,-0.38385000629007227
weather,7/10,17,267,weather:266,lir_pptd,LIR-PPTD,mean_reputation_honest,20,0.8426736384195939,0.8357181454939334,0.8502231452350565
weather,7/10,17,267,weather:266,lir_pptd,LIR-PPTD,mean_reputation_malicious,20,0.39670209971392445,0.38900036180221276,0.4045783429620421
weather,7/10,17,267,weather:266,lir_pptd,LIR-PPTD,reputation_gap_honest_minus_malicious,20,0.4459715387056694,0.4337528315699507,0.45842244921175046
weather,7/10,17,267,weather:266,no_eg,No-EG,mean_reputation_honest,20,0.4446409294192824,0.4356635366684155,0.4536482237856015
weather,7/10,17,267,weather:266,no_eg,No-EG,mean_reputation_malicious,20,0.8288173844610641,0.8225583514909898,0.8351191844555143
weather,7/10,17,267,weather:266,no_eg,No-EG,reputation_gap_honest_minus_malicious,20,-0.38417645504178166,-0.3959989037406119,-0.37346603463652356
weather,7/10,18,273,weather:272,lir_pptd,LIR-PPTD,mean_reputation_honest,20,0.8540067617362282,0.846430209918417,0.8619211071855623
weather,7/10,18,273,weather:272,lir_pptd,LIR-PPTD,mean_reputation_malicious,20,0.38825481860001143,0.38105588916482475,0.39580853358206564
weather,7/10,18,273,weather:272,lir_pptd,LIR-PPTD,reputation_gap_honest_minus_malicious,20,0.4657519431362168,0.452355348410397,0.4783482724642938
weather,7/10,18,273,weather:272,no_eg,No-EG,mean_reputation_honest,20,0.47475624282091117,0.46361292870740667,0.4855201952145051
weather,7/10,18,273,weather:272,no_eg,No-EG,mean_reputation_malicious,20,0.7881087633556321,0.7827753425555576,0.7936570073123381
weather,7/10,18,273,weather:272,no_eg,No-EG,reputation_gap_honest_minus_malicious,20,-0.31335252053472085,-0.3277979788553498,-0.3007368424049914
weather,7/10,19,280,weather:279,lir_pptd,LIR-PPTD,mean_reputation_honest,20,0.8665505973814235,0.8593305739054088,0.8742070481315171
weather,7/10,19,280,weather:279,lir_pptd,LIR-PPTD,mean_reputation_malicious,20,0.38504285894173185,0.3780260558941286,0.39202568312363484
weather,7/10,19,280,weather:279,lir_pptd,LIR-PPTD,reputation_gap_honest_minus_malicious,20,0.48150773843969163,0.4687821913332817,0.49388415487565207
weather,7/10,19,280,weather:279,no_eg,No-EG,mean_reputation_honest,20,0.49343316435735673,0.4829220592299002,0.5032379577107468
weather,7/10,19,280,weather:279,no_eg,No-EG,mean_reputation_malicious,20,0.7678532644415843,0.7623046443596723,0.7735269102753477
weather,7/10,19,280,weather:279,no_eg,No-EG,reputation_gap_honest_minus_malicious,20,-0.27442010008422757,-0.2895676328941357,-0.26068388162234907
weather,7/10,20,288,weather:287,lir_pptd,LIR-PPTD,mean_reputation_honest,20,0.8737548609437128,0.8658013854728906,0.8820161371538406
weather,7/10,20,288,weather:287,lir_pptd,LIR-PPTD,mean_reputation_malicious,20,0.3860966466897344,0.37876926720265475,0.39337849435361616
weather,7/10,20,288,weather:287,lir_pptd,LIR-PPTD,reputation_gap_honest_minus_malicious,20,0.4876582142539784,0.4739264631672835,0.5011024344959849
weather,7/10,20,288,weather:287,no_eg,No-EG,mean_reputation_honest,20,0.49934846158108376,0.48833858872822083,0.5093241494998365
weather,7/10,20,288,weather:287,no_eg,No-EG,mean_reputation_malicious,20,0.7865791229921473,0.7801430651746122,0.7932124896409088
weather,7/10,20,288,weather:287,no_eg,No-EG,reputation_gap_honest_minus_malicious,20,-0.2872306614110635,-0.3032727346858489,-0.2724894649442421
weather,7/10,21,298,weather:297,lir_pptd,LIR-PPTD,mean_reputation_honest,20,0.8804432750220507,0.8712008287310385,0.8897513000940109
weather,7/10,21,298,weather:297,lir_pptd,LIR-PPTD,mean_reputation_malicious,20,0.38557849700705404,0.3778472537838488,0.39353417438837496
weather,7/10,21,298,weather:297,lir_pptd,LIR-PPTD,reputation_gap_honest_minus_malicious,20,0.49486477801499656,0.47901604033825057,0.510055377775706
weather,7/10,21,298,weather:297,no_eg,No-EG,mean_reputation_honest,20,0.5292212380712669,0.5177978992422786,0.5401180412613797
weather,7/10,21,298,weather:297,no_eg,No-EG,mean_reputation_malicious,20,0.7879588917445259,0.7814221428486536,0.7945787328829259
weather,7/10,21,298,weather:297,no_eg,No-EG,reputation_gap_honest_minus_malicious,20,-0.258737653673259,-0.2754851106448611,-0.24324683624414978
weather,7/10,22,308,weather:307,lir_pptd,LIR-PPTD,mean_reputation_honest,20,0.8849333267113875,0.8751004875509424,0.894681343550221
weather,7/10,22,308,weather:307,lir_pptd,LIR-PPTD,mean_reputation_malicious,20,0.39013796341252593,0.38245238288639,0.3980502560695757
weather,7/10,22,308,weather:307,lir_pptd,LIR-PPTD,reputation_gap_honest_minus_malicious,20,0.4947953632988615,0.4784756451182139,0.5104236420604752
weather,7/10,22,308,weather:307,no_eg,No-EG,mean_reputation_honest,20,0.5405634186149003,0.5267535166762689,0.5540236441953729
weather,7/10,22,308,weather:307,no_eg,No-EG,mean_reputation_malicious,20,0.8020624593985743,0.7936860371004182,0.8101956654014099
weather,7/10,22,308,weather:307,no_eg,No-EG,reputation_gap_honest_minus_malicious,20,-0.2614990407836741,-0.28113302724511946,-0.2426164883224727
weather,7/10,23,322,weather:321,lir_pptd,LIR-PPTD,mean_reputation_honest,20,0.8899800471187588,0.8799958652733922,0.899777795965649
weather,7/10,23,322,weather:321,lir_pptd,LIR-PPTD,mean_reputation_malicious,20,0.40009738061309436,0.3918316366345875,0.4080088736231658
weather,7/10,23,322,weather:321,lir_pptd,LIR-PPTD,reputation_gap_honest_minus_malicious,20,0.4898826665056644,0.47312220158826357,0.5060807277773344
weather,7/10,23,322,weather:321,no_eg,No-EG,mean_reputation_honest,20,0.5799586976770696,0.5660264469033092,0.5929339387946015
weather,7/10,23,322,weather:321,no_eg,No-EG,mean_reputation_malicious,20,0.8316857560695861,0.8221754436837121,0.8409986323046963
weather,7/10,23,322,weather:321,no_eg,No-EG,reputation_gap_honest_minus_malicious,20,-0.2517270583925164,-0.2734084303621581,-0.2309094351876052
weather,7/10,24,366,weather:365,lir_pptd,LIR-PPTD,mean_reputation_honest,20,0.8953776029580515,0.8843897052185169,0.9057663403684844
weather,7/10,24,366,weather:365,lir_pptd,LIR-PPTD,mean_reputation_malicious,20,0.4340337130469414,0.4254061031513082,0.4428176958415437
weather,7/10,24,366,weather:365,lir_pptd,LIR-PPTD,reputation_gap_honest_minus_malicious,20,0.46134388991111003,0.4432629982574529,0.4787852317875666
weather,7/10,24,366,weather:365,no_eg,No-EG,mean_reputation_honest,20,0.7347359137536947,0.7243190318300939,0.7444045495085211
weather,7/10,24,366,weather:365,no_eg,No-EG,mean_reputation_malicious,20,0.8895945082955777,0.8833683783389601,0.8958278153032111
weather,7/10,24,366,weather:365,no_eg,No-EG,reputation_gap_honest_minus_malicious,20,-0.15485859454188303,-0.17078388173569078,-0.13997159134287368
weather,7/10,25,410,weather:409,lir_pptd,LIR-PPTD,mean_reputation_honest,20,0.8987707286598944,0.8865170440421991,0.9109231099019921
weather,7/10,25,410,weather:409,lir_pptd,LIR-PPTD,mean_reputation_malicious,20,0.48112780931441723,0.4721085551435075,0.4905805989512222
weather,7/10,25,410,weather:409,lir_pptd,LIR-PPTD,reputation_gap_honest_minus_malicious,20,0.4176429193454772,0.3968173422090647,0.4371119875544709
weather,7/10,25,410,weather:409,no_eg,No-EG,mean_reputation_honest,20,0.9085300615456707,0.8953821468658182,0.9217709549618277
weather,7/10,25,410,weather:409,no_eg,No-EG,mean_reputation_malicious,20,0.93166657855651,0.9252073071003162,0.9380571279745583
weather,7/10,25,410,weather:409,no_eg,No-EG,reputation_gap_honest_minus_malicious,20,-0.02313651701083928,-0.041953801849373196,-0.0038456935180045584
weather,7/10,26,431,weather:430,lir_pptd,LIR-PPTD,mean_reputation_honest,20,0.9001998647578275,0.8869703049324004,0.9131738760633035
weather,7/10,26,431,weather:430,lir_pptd,LIR-PPTD,mean_reputation_malicious,20,0.5255289328468018,0.5172966108560347,0.5340756070448538
weather,7/10,26,431,weather:430,lir_pptd,LIR-PPTD,reputation_gap_honest_minus_malicious,20,0.37467093191102574,0.35381423631483105,0.3950772128458745
weather,7/10,26,431,weather:430,no_eg,No-EG,mean_reputation_honest,20,0.944831121365033,0.9334989589069224,0.9561000360411833
weather,7/10,26,431,weather:430,no_eg,No-EG,mean_reputation_malicious,20,0.9466380639672317,0.9412777415926838,0.9521329259878386
weather,7/10,26,431,weather:430,no_eg,No-EG,reputation_gap_honest_minus_malicious,20,-0.0018069426021986967,-0.01805871504903932,0.014091137205237024
weather,7/10,27,440,weather:439,lir_pptd,LIR-PPTD,mean_reputation_honest,20,0.9037095683759625,0.8897672007902172,0.9175644342846054
weather,7/10,27,440,weather:439,lir_pptd,LIR-PPTD,mean_reputation_malicious,20,0.5600848322609451,0.5512337046485275,0.5690378907177857
weather,7/10,27,440,weather:439,lir_pptd,LIR-PPTD,reputation_gap_honest_minus_malicious,20,0.3436247361150175,0.32053664737428444,0.36515260900323865
weather,7/10,27,440,weather:439,no_eg,No-EG,mean_reputation_honest,20,0.9563272016248194,0.9458037958156366,0.9666339370706507
weather,7/10,27,440,weather:439,no_eg,No-EG,mean_reputation_malicious,20,0.942242980711328,0.9364986546765397,0.9482978360015226
weather,7/10,27,440,weather:439,no_eg,No-EG,reputation_gap_honest_minus_malicious,20,0.014084220913491536,-0.002138036365349601,0.029946515232293996
weather,7/10,28,450,weather:449,lir_pptd,LIR-PPTD,mean_reputation_honest,20,0.9090759395114414,0.8947824793714082,0.9226314626492408
weather,7/10,28,450,weather:449,lir_pptd,LIR-PPTD,mean_reputation_malicious,20,0.5963028315828817,0.5889473055999855,0.6038751300765827
weather,7/10,28,450,weather:449,lir_pptd,LIR-PPTD,reputation_gap_honest_minus_malicious,20,0.31277310792855967,0.2918691144954535,0.33394124084981924
weather,7/10,28,450,weather:449,no_eg,No-EG,mean_reputation_honest,20,0.9580773056741768,0.9473192005572285,0.9684076646077924
weather,7/10,28,450,weather:449,no_eg,No-EG,mean_reputation_malicious,20,0.9413983056133202,0.9360094281288347,0.947130063101017
weather,7/10,28,450,weather:449,no_eg,No-EG,reputation_gap_honest_minus_malicious,20,0.01667900006085673,0.0003507362470302086,0.03218100814397111
weather,7/10,29,466,weather:465,lir_pptd,LIR-PPTD,mean_reputation_honest,20,0.912107177541052,0.8976972888866577,0.9264932943770372
weather,7/10,29,466,weather:465,lir_pptd,LIR-PPTD,mean_reputation_malicious,20,0.6101100945369285,0.6016427059903352,0.6188839048479008
weather,7/10,29,466,weather:465,lir_pptd,LIR-PPTD,reputation_gap_honest_minus_malicious,20,0.3019970830041234,0.2788847944224084,0.32390036145471096
weather,7/10,29,466,weather:465,no_eg,No-EG,mean_reputation_honest,20,0.9592276653915132,0.9516628531517872,0.9664378088000253
weather,7/10,29,466,weather:465,no_eg,No-EG,mean_reputation_malicious,20,0.9392675358521946,0.9347786444577257,0.9440935463539061
weather,7/10,29,466,weather:465,no_eg,No-EG,reputation_gap_honest_minus_malicious,20,0.01996012953931852,0.007857309364766234,0.03142165864487072
weather,7/10,30,469,weather:468,lir_pptd,LIR-PPTD,mean_reputation_honest,20,0.9166925784666186,0.9019685009377066,0.9308862745161052
weather,7/10,30,469,weather:468,lir_pptd,LIR-PPTD,mean_reputation_malicious,20,0.6320498588496309,0.625055251763827,0.6391886282530082
weather,7/10,30,469,weather:468,lir_pptd,LIR-PPTD,reputation_gap_honest_minus_malicious,20,0.28464271961698767,0.26303905816940093,0.3055047021597963
weather,7/10,30,469,weather:468,no_eg,No-EG,mean_reputation_honest,20,0.9537964415566499,0.9442928932208098,0.9627851254673251
weather,7/10,30,469,weather:468,no_eg,No-EG,mean_reputation_malicious,20,0.9213006249301187,0.9162021261508688,0.9268910013035022
weather,7/10,30,469,weather:468,no_eg,No-EG,reputation_gap_honest_minus_malicious,20,0.032495816626531226,0.017771912223376436,0.04613078587899467
weather,7/10,31,480,weather:479,lir_pptd,LIR-PPTD,mean_reputation_honest,20,0.9216469879165685,0.9079747477313865,0.9348582859448447
weather,7/10,31,480,weather:479,lir_pptd,LIR-PPTD,mean_reputation_malicious,20,0.6505156353833428,0.6448166390731145,0.6563228975758542
weather,7/10,31,480,weather:479,lir_pptd,LIR-PPTD,reputation_gap_honest_minus_malicious,20,0.2711313525332257,0.2520646796143661,0.2898426131693981
weather,7/10,31,480,weather:479,no_eg,No-EG,mean_reputation_honest,20,0.9365616419346215,0.9261826050016657,0.9453971330364312
weather,7/10,31,480,weather:479,no_eg,No-EG,mean_reputation_malicious,20,0.91810830369702,0.9129684402737599,0.9240086865381063
weather,7/10,31,480,weather:479,no_eg,No-EG,reputation_gap_honest_minus_malicious,20,0.018453338237601563,0.002749435475889195,0.032311844795579005
weather,7/10,32,534,weather:533,lir_pptd,LIR-PPTD,mean_reputation_honest,20,0.925616237502752,0.9125955027901227,0.9383703329247624
weather,7/10,32,534,weather:533,lir_pptd,LIR-PPTD,mean_reputation_malicious,20,0.6236258990030988,0.6189967163139367,0.6284452140497595
weather,7/10,32,534,weather:533,lir_pptd,LIR-PPTD,reputation_gap_honest_minus_malicious,20,0.30199033849965323,0.2844909630095271,0.3189535457680498
weather,7/10,32,534,weather:533,no_eg,No-EG,mean_reputation_honest,20,0.7712356856846478,0.7580598611434229,0.7829378921595235
weather,7/10,32,534,weather:533,no_eg,No-EG,mean_reputation_malicious,20,0.8468120392945594,0.8399535881413255,0.8539567086288498
weather,7/10,32,534,weather:533,no_eg,No-EG,reputation_gap_honest_minus_malicious,20,-0.07557635360991154,-0.09416597086092221,-0.05957536116184496
weather,7/10,33,547,weather:546,lir_pptd,LIR-PPTD,mean_reputation_honest,20,0.9310509203951824,0.9187408701709855,0.9432747375183778
weather,7/10,33,547,weather:546,lir_pptd,LIR-PPTD,mean_reputation_malicious,20,0.6085709981806305,0.6041984912538839,0.6131355302729693
weather,7/10,33,547,weather:546,lir_pptd,LIR-PPTD,reputation_gap_honest_minus_malicious,20,0.3224799222145518,0.3070243968949,0.3374991107846065
weather,7/10,33,547,weather:546,no_eg,No-EG,mean_reputation_honest,20,0.7296172667202222,0.7181307884552609,0.7395860800550623
weather,7/10,33,547,weather:546,no_eg,No-EG,mean_reputation_malicious,20,0.8334141968135691,0.8243094822175695,0.8423184226419596
weather,7/10,33,547,weather:546,no_eg,No-EG,reputation_gap_honest_minus_malicious,20,-0.1037969300933469,-0.12067715490459736,-0.08879139094843838
weather,7/10,34,553,weather:552,lir_pptd,LIR-PPTD,mean_reputation_honest,20,0.934500343678759,0.9223153883506874,0.9462363788736219
weather,7/10,34,553,weather:552,lir_pptd,LIR-PPTD,mean_reputation_malicious,20,0.5990674435359993,0.5944581463490405,0.6036566414546342
weather,7/10,34,553,weather:552,lir_pptd,LIR-PPTD,reputation_gap_honest_minus_malicious,20,0.3354329001427597,0.32112655508387206,0.3492752987768678
weather,7/10,34,553,weather:552,no_eg,No-EG,mean_reputation_honest,20,0.7256202683602689,0.7150135198809177,0.7346018850687561
weather,7/10,34,553,weather:552,no_eg,No-EG,mean_reputation_malicious,20,0.8227570986925081,0.8148316678985152,0.8308290708211908
weather,7/10,34,553,weather:552,no_eg,No-EG,reputation_gap_honest_minus_malicious,20,-0.09713683033223916,-0.1139336880999412,-0.08297801983255623
weather,7/10,35,582,weather:581,lir_pptd,LIR-PPTD,mean_reputation_honest,20,0.935211514835006,0.922599855558693,0.947523945258366
weather,7/10,35,582,weather:581,lir_pptd,LIR-PPTD,mean_reputation_malicious,20,0.573572647122042,0.5688082720101245,0.5784390629218028
weather,7/10,35,582,weather:581,lir_pptd,LIR-PPTD,reputation_gap_honest_minus_malicious,20,0.3616388677129639,0.34731494913780214,0.375497954342462
weather,7/10,35,582,weather:581,no_eg,No-EG,mean_reputation_honest,20,0.6177945164477953,0.6050317010807617,0.6287671201346893
weather,7/10,35,582,weather:581,no_eg,No-EG,mean_reputation_malicious,20,0.830971380097706,0.8222713505106594,0.8398932722944776
weather,7/10,35,582,weather:581,no_eg,No-EG,reputation_gap_honest_minus_malicious,20,-0.21317686364991068,-0.2323548284301469,-0.19731639717971863
weather,7/10,36,587,weather:586,lir_pptd,LIR-PPTD,mean_reputation_honest,20,0.9377149576694781,0.9253715051354464,0.9498514565443462
weather,7/10,36,587,weather:586,lir_pptd,LIR-PPTD,mean_reputation_malicious,20,0.5485494521071963,0.543818835811799,0.5535846820115334
weather,7/10,36,587,weather:586,lir_pptd,LIR-PPTD,reputation_gap_honest_minus_malicious,20,0.3891655055622818,0.37537869011209124,0.4026592999841829
weather,7/10,36,587,weather:586,no_eg,No-EG,mean_reputation_honest,20,0.6359866948642512,0.6203357654489856,0.6502781997663154
weather,7/10,36,587,weather:586,no_eg,No-EG,mean_reputation_malicious,20,0.7891523050149016,0.780456442467925,0.798880083885462
weather,7/10,36,587,weather:586,no_eg,No-EG,reputation_gap_honest_minus_malicious,20,-0.15316561015065047,-0.17639256441557394,-0.13249683640002186
weather,7/10,37,606,weather:605,lir_pptd,LIR-PPTD,mean_reputation_honest,20,0.9413488196176825,0.9296470692966963,0.9528761213910638
weather,7/10,37,606,weather:605,lir_pptd,LIR-PPTD,mean_reputation_malicious,20,0.5307813811142437,0.5261360509424563,0.53543037054816
weather,7/10,37,606,weather:605,lir_pptd,LIR-PPTD,reputation_gap_honest_minus_malicious,20,0.4105674385034388,0.3979118884849731,0.4225878493655784
weather,7/10,37,606,weather:605,no_eg,No-EG,mean_reputation_honest,20,0.5822601851916339,0.5670800769256958,0.5962840634983063
weather,7/10,37,606,weather:605,no_eg,No-EG,mean_reputation_malicious,20,0.8232152785535901,0.815306718944869,0.8305598398792107
weather,7/10,37,606,weather:605,no_eg,No-EG,reputation_gap_honest_minus_malicious,20,-0.24095509336195617,-0.2605971534511448,-0.222746671603627
weather,7/10,38,611,weather:610,lir_pptd,LIR-PPTD,mean_reputation_honest,20,0.9415930029142562,0.9291687853729742,0.9535785155247632
weather,7/10,38,611,weather:610,lir_pptd,LIR-PPTD,mean_reputation_malicious,20,0.5169330201577004,0.5123963937503676,0.5216788893423544
weather,7/10,38,611,weather:610,lir_pptd,LIR-PPTD,reputation_gap_honest_minus_malicious,20,0.42465998275655575,0.41258118419648193,0.43619724734874876
weather,7/10,38,611,weather:610,no_eg,No-EG,mean_reputation_honest,20,0.5629614906852595,0.5485746205901562,0.575883489396092
weather,7/10,38,611,weather:610,no_eg,No-EG,mean_reputation_malicious,20,0.7961910049476767,0.7891386999180953,0.8033855184753944
weather,7/10,38,611,weather:610,no_eg,No-EG,reputation_gap_honest_minus_malicious,20,-0.23322951426241723,-0.2520288721902053,-0.21668867073597034
weather,7/10,39,644,weather:643,lir_pptd,LIR-PPTD,mean_reputation_honest,20,0.9443507466407639,0.9323108846285877,0.9558513980066508
weather,7/10,39,644,weather:643,lir_pptd,LIR-PPTD,mean_reputation_malicious,20,0.4936462969527347,0.4877503032926013,0.4992758409134778
weather,7/10,39,644,weather:643,lir_pptd,LIR-PPTD,reputation_gap_honest_minus_malicious,20,0.4507044496880292,0.43905185009060677,0.46200679710737624
weather,7/10,39,644,weather:643,no_eg,No-EG,mean_reputation_honest,20,0.5009441393193758,0.4915651187973713,0.5095159486116524
weather,7/10,39,644,weather:643,no_eg,No-EG,mean_reputation_malicious,20,0.8484017150296613,0.8420111969688349,0.855031207995094
weather,7/10,39,644,weather:643,no_eg,No-EG,reputation_gap_honest_minus_malicious,20,-0.3474575757102855,-0.36078598741924406,-0.33551973648991
weather,7/10,40,649,weather:648,lir_pptd,LIR-PPTD,mean_reputation_honest,20,0.9463471888895963,0.9346286957878428,0.9577975910020015
weather,7/10,40,649,weather:648,lir_pptd,LIR-PPTD,mean_reputation_malicious,20,0.47320356912991074,0.46774895190935206,0.4788617703498038
weather,7/10,40,649,weather:648,lir_pptd,LIR-PPTD,reputation_gap_honest_minus_malicious,20,0.47314361975968555,0.4614336535185649,0.4842801801922743
weather,7/10,40,649,weather:648,no_eg,No-EG,mean_reputation_honest,20,0.5187068654327124,0.5066312779436851,0.5301541117501622
weather,7/10,40,649,weather:648,no_eg,No-EG,mean_reputation_malicious,20,0.7942079791395178,0.7884022232670247,0.8009489509663396
weather,7/10,40,649,weather:648,no_eg,No-EG,reputation_gap_honest_minus_malicious,20,-0.27550111370680547,-0.29131464888493314,-0.26205023362534763
weather,7/10,41,685,weather:684,lir_pptd,LIR-PPTD,mean_reputation_honest,20,0.9485687115079369,0.9369368780708033,0.9597990324996473
weather,7/10,41,685,weather:684,lir_pptd,LIR-PPTD,mean_reputation_malicious,20,0.4573136445937613,0.4518144762897059,0.4630785826621913
weather,7/10,41,685,weather:684,lir_pptd,LIR-PPTD,reputation_gap_honest_minus_malicious,20,0.49125506691417553,0.4793701363514347,0.5022958189901814
weather,7/10,41,685,weather:684,no_eg,No-EG,mean_reputation_honest,20,0.5590705793327764,0.5406766769116403,0.5766948500967127
weather,7/10,41,685,weather:684,no_eg,No-EG,mean_reputation_malicious,20,0.8208792348322395,0.8143597652759712,0.8279551589178026
weather,7/10,41,685,weather:684,no_eg,No-EG,reputation_gap_honest_minus_malicious,20,-0.2618086554994631,-0.2832964709898314,-0.2421298239587011
weather,7/10,42,699,weather:698,lir_pptd,LIR-PPTD,mean_reputation_honest,20,0.9466961921176419,0.9343817078136377,0.9583427978812254
weather,7/10,42,699,weather:698,lir_pptd,LIR-PPTD,mean_reputation_malicious,20,0.45211265989113975,0.44585421680119813,0.45828399045367585
weather,7/10,42,699,weather:698,lir_pptd,LIR-PPTD,reputation_gap_honest_minus_malicious,20,0.4945835322265022,0.4832338913904362,0.5049039861548036
weather,7/10,42,699,weather:698,no_eg,No-EG,mean_reputation_honest,20,0.6075393065296374,0.592913505103248,0.6210586591465702
weather,7/10,42,699,weather:698,no_eg,No-EG,mean_reputation_malicious,20,0.8132839963115475,0.8072131090464757,0.8201903103783774
weather,7/10,42,699,weather:698,no_eg,No-EG,reputation_gap_honest_minus_malicious,20,-0.20574468978191013,-0.22616015946578122,-0.1884937550328207
weather,7/10,43,700,weather:699,lir_pptd,LIR-PPTD,mean_reputation_honest,20,0.9489869006678967,0.937143613753231,0.9606566818853106
weather,7/10,43,700,weather:699,lir_pptd,LIR-PPTD,mean_reputation_malicious,20,0.44435793969166454,0.43779982775373705,0.45070905708595654
weather,7/10,43,700,weather:699,lir_pptd,LIR-PPTD,reputation_gap_honest_minus_malicious,20,0.5046289609762322,0.49441572244187904,0.5141010459007206
weather,7/10,43,700,weather:699,no_eg,No-EG,mean_reputation_honest,20,0.6440340616418481,0.631003515697088,0.6559133070641593
weather,7/10,43,700,weather:699,no_eg,No-EG,mean_reputation_malicious,20,0.7538711733516572,0.7485256827246898,0.7602869303188398
weather,7/10,43,700,weather:699,no_eg,No-EG,reputation_gap_honest_minus_malicious,20,-0.10983711170980909,-0.12876485256778836,-0.09371046752440884
weather,7/10,44,723,weather:722,lir_pptd,LIR-PPTD,mean_reputation_honest,20,0.9501769950047765,0.9382209058037181,0.961937289791175
weather,7/10,44,723,weather:722,lir_pptd,LIR-PPTD,mean_reputation_malicious,20,0.4421796098263602,0.43530863351160093,0.44868060341899535
weather,7/10,44,723,weather:722,lir_pptd,LIR-PPTD,reputation_gap_honest_minus_malicious,20,0.5079973851784163,0.4973310039292343,0.5174280177582179
weather,7/10,44,723,weather:722,no_eg,No-EG,mean_reputation_honest,20,0.6615132074875681,0.6466785193099134,0.6745769807414741
weather,7/10,44,723,weather:722,no_eg,No-EG,mean_reputation_malicious,20,0.8079293722348287,0.8010724550078482,0.8150516882857792
weather,7/10,44,723,weather:722,no_eg,No-EG,reputation_gap_honest_minus_malicious,20,-0.1464161647472606,-0.16592228502857567,-0.12884740400493389
weather,7/10,45,725,weather:724,lir_pptd,LIR-PPTD,mean_reputation_honest,20,0.952704617910989,0.9416718392638009,0.9638585806388967
weather,7/10,45,725,weather:724,lir_pptd,LIR-PPTD,mean_reputation_malicious,20,0.4432213670324373,0.43645305479808083,0.44999453576901893
weather,7/10,45,725,weather:724,lir_pptd,LIR-PPTD,reputation_gap_honest_minus_malicious,20,0.5094832508785517,0.49917931351522266,0.5185937380678995
weather,7/10,45,725,weather:724,no_eg,No-EG,mean_reputation_honest,20,0.6884358062857113,0.6744184083748926,0.7006023190620266
weather,7/10,45,725,weather:724,no_eg,No-EG,mean_reputation_malicious,20,0.7680332768621406,0.76071136836445,0.7760479750321321
weather,7/10,45,725,weather:724,no_eg,No-EG,reputation_gap_honest_minus_malicious,20,-0.07959747057642931,-0.10026503934739052,-0.06222277707828942
weather,7/10,46,730,weather:729,lir_pptd,LIR-PPTD,mean_reputation_honest,20,0.9533528675611043,0.941870374266089,0.9644261252179306
weather,7/10,46,730,weather:729,lir_pptd,LIR-PPTD,mean_reputation_malicious,20,0.44651641800784286,0.43905987885346376,0.4535728527354461
weather,7/10,46,730,weather:729,lir_pptd,LIR-PPTD,reputation_gap_honest_minus_malicious,20,0.5068364495532615,0.4968295549909749,0.5158081352288794
weather,7/10,46,730,weather:729,no_eg,No-EG,mean_reputation_honest,20,0.7008499572461443,0.6857212434039744,0.7141789379742609
weather,7/10,46,730,weather:729,no_eg,No-EG,mean_reputation_malicious,20,0.7775059700616492,0.7705456200526204,0.784825700715177
weather,7/10,46,730,weather:729,no_eg,No-EG,reputation_gap_honest_minus_malicious,20,-0.07665601281550494,-0.09805108231002692,-0.0584972337436498
weather,7/10,47,733,weather:732,lir_pptd,LIR-PPTD,mean_reputation_honest,20,0.9555602577081607,0.9442750406037755,0.9664299199762988
weather,7/10,47,733,weather:732,lir_pptd,LIR-PPTD,mean_reputation_malicious,20,0.45204628577348704,0.44447145145891015,0.4591366214516286
weather,7/10,47,733,weather:732,lir_pptd,LIR-PPTD,reputation_gap_honest_minus_malicious,20,0.5035139719346736,0.49449637675262725,0.5115036686316019
weather,7/10,47,733,weather:732,no_eg,No-EG,mean_reputation_honest,20,0.7120141345277233,0.6995340505790468,0.7226678771868541
weather,7/10,47,733,weather:732,no_eg,No-EG,mean_reputation_malicious,20,0.7680302576880693,0.7616896328266691,0.7750070432961325
weather,7/10,47,733,weather:732,no_eg,No-EG,reputation_gap_honest_minus_malicious,20,-0.05601612316034596,-0.07487062445443547,-0.04018639690550016
weather,7/10,48,782,weather:781,lir_pptd,LIR-PPTD,mean_reputation_honest,20,0.9567782146249743,0.9459817014960099,0.9672383615611181
weather,7/10,48,782,weather:781,lir_pptd,LIR-PPTD,mean_reputation_malicious,20,0.4672061770011019,0.45922935689053324,0.4746659975590036
weather,7/10,48,782,weather:781,lir_pptd,LIR-PPTD,reputation_gap_honest_minus_malicious,20,0.48957203762387236,0.48073538735021076,0.4969647604023952
weather,7/10,48,782,weather:781,no_eg,No-EG,mean_reputation_honest,20,0.8267695673347377,0.8135938670401149,0.8386613413657763
weather,7/10,48,782,weather:781,no_eg,No-EG,mean_reputation_malicious,20,0.8975050216285679,0.8903916676709771,0.9051630106157815
weather,7/10,48,782,weather:781,no_eg,No-EG,reputation_gap_honest_minus_malicious,20,-0.07073545429383016,-0.08877227745040342,-0.05470195896517858
weather,7/10,49,790,weather:789,lir_pptd,LIR-PPTD,mean_reputation_honest,20,0.9559514517655303,0.9448831533932678,0.9671252965510008
weather,7/10,49,790,weather:789,lir_pptd,LIR-PPTD,mean_reputation_malicious,20,0.4847301613943161,0.47675470638384765,0.4924737542546235
weather,7/10,49,790,weather:789,lir_pptd,LIR-PPTD,reputation_gap_honest_minus_malicious,20,0.47122129037121424,0.4625780634221251,0.47896096494209
weather,7/10,49,790,weather:789,no_eg,No-EG,mean_reputation_honest,20,0.8612852660627685,0.8504753240656918,0.870998130789943
weather,7/10,49,790,weather:789,no_eg,No-EG,mean_reputation_malicious,20,0.897886575250616,0.8915859842866106,0.9045619269619329
weather,7/10,49,790,weather:789,no_eg,No-EG,reputation_gap_honest_minus_malicious,20,-0.03660130918784753,-0.05280160466071049,-0.022812444833569527
weather,7/10,50,859,weather:858,lir_pptd,LIR-PPTD,mean_reputation_honest,20,0.9554398558753864,0.9438938262808036,0.9670680598398288
weather,7/10,50,859,weather:858,lir_pptd,LIR-PPTD,mean_reputation_malicious,20,0.5245922691687613,0.5180269236303232,0.5310902010534508
weather,7/10,50,859,weather:858,lir_pptd,LIR-PPTD,reputation_gap_honest_minus_malicious,20,0.43084758670662515,0.4224764697944191,0.4392061368077753
weather,7/10,50,859,weather:858,no_eg,No-EG,mean_reputation_honest,20,0.9588345539379052,0.948338927635025,0.96914579574501
weather,7/10,50,859,weather:858,no_eg,No-EG,mean_reputation_malicious,20,0.9441923792529173,0.938441845628576,0.9501553751667867
weather,7/10,50,859,weather:858,no_eg,No-EG,reputation_gap_honest_minus_malicious,20,0.014642174684987784,-0.0014005982379909194,0.0306083243117939
weather,7/10,51,869,weather:868,lir_pptd,LIR-PPTD,mean_reputation_honest,20,0.9559772404964902,0.9449200411662185,0.9672883257821198
weather,7/10,51,869,weather:868,lir_pptd,LIR-PPTD,mean_reputation_malicious,20,0.5546866246864801,0.5492095286808842,0.5603833266273028
weather,7/10,51,869,weather:868,lir_pptd,LIR-PPTD,reputation_gap_honest_minus_malicious,20,0.4012906158100102,0.39112620145097643,0.411019342075214
weather,7/10,51,869,weather:868,no_eg,No-EG,mean_reputation_honest,20,0.9438910052797301,0.9323826286173242,0.9554129112855843
weather,7/10,51,869,weather:868,no_eg,No-EG,mean_reputation_malicious,20,0.9359588702793417,0.9295185725513322,0.9427309356095027
weather,7/10,51,869,weather:868,no_eg,No-EG,reputation_gap_honest_minus_malicious,20,0.007932135000388436,-0.009636593626298172,0.02500422219990306
weather,7/10,52,879,weather:878,lir_pptd,LIR-PPTD,mean_reputation_honest,20,0.9573594471768812,0.946480943361654,0.9682205310022091
weather,7/10,52,879,weather:878,lir_pptd,LIR-PPTD,mean_reputation_malicious,20,0.5837978996986317,0.5795446915458778,0.5882482223713643
weather,7/10,52,879,weather:878,lir_pptd,LIR-PPTD,reputation_gap_honest_minus_malicious,20,0.37356154747824943,0.36315190990054924,0.3841459358121927
weather,7/10,52,879,weather:878,no_eg,No-EG,mean_reputation_honest,20,0.9288115753818291,0.9174019217889545,0.9399086621466769
weather,7/10,52,879,weather:878,no_eg,No-EG,mean_reputation_malicious,20,0.9290506568659139,0.9228303816106344,0.9355405426081426
weather,7/10,52,879,weather:878,no_eg,No-EG,reputation_gap_honest_minus_malicious,20,-0.00023908148408487427,-0.01785915744775916,0.01668933141217538
weather,7/10,53,897,weather:896,lir_pptd,LIR-PPTD,mean_reputation_honest,20,0.9576384974627331,0.946134428982327,0.9684824296775018
weather,7/10,53,897,weather:896,lir_pptd,LIR-PPTD,mean_reputation_malicious,20,0.5927282759420681,0.5887697294843692,0.5969020674292903
weather,7/10,53,897,weather:896,lir_pptd,LIR-PPTD,reputation_gap_honest_minus_malicious,20,0.364910221520665,0.3541165532330714,0.37564385066242134
weather,7/10,53,897,weather:896,no_eg,No-EG,mean_reputation_honest,20,0.8718716614783799,0.8614324457916899,0.8819088575314334
weather,7/10,53,897,weather:896,no_eg,No-EG,mean_reputation_malicious,20,0.9223119934923929,0.9161973360837989,0.9287651500320626
weather,7/10,53,897,weather:896,no_eg,No-EG,reputation_gap_honest_minus_malicious,20,-0.05044033201401295,-0.06601218573721387,-0.035481782702137005
weather,7/10,54,902,weather:901,lir_pptd,LIR-PPTD,mean_reputation_honest,20,0.9552484634931041,0.9432982044206507,0.966889237757101
weather,7/10,54,902,weather:901,lir_pptd,LIR-PPTD,mean_reputation_malicious,20,0.6019591633570719,0.5991590903857702,0.605040162777864
weather,7/10,54,902,weather:901,lir_pptd,LIR-PPTD,reputation_gap_honest_minus_malicious,20,0.35328930013603227,0.340827592248074,0.36583818394148493
weather,7/10,54,902,weather:901,no_eg,No-EG,mean_reputation_honest,20,0.8640269105775562,0.8535887070813308,0.8741929042173975
weather,7/10,54,902,weather:901,no_eg,No-EG,mean_reputation_malicious,20,0.9023963765380792,0.8957705047882422,0.9093037980853238
weather,7/10,54,902,weather:901,no_eg,No-EG,reputation_gap_honest_minus_malicious,20,-0.03836946596052296,-0.05450108228465088,-0.02237864863144494
weather,7/10,55,923,weather:922,lir_pptd,LIR-PPTD,mean_reputation_honest,20,0.9566860058002495,0.9451854812559418,0.9678460662358817
weather,7/10,55,923,weather:922,lir_pptd,LIR-PPTD,mean_reputation_malicious,20,0.6002323958432877,0.5978394476191524,0.6027932836249384
weather,7/10,55,923,weather:922,lir_pptd,LIR-PPTD,reputation_gap_honest_minus_malicious,20,0.3564536099569619,0.34442109708326457,0.3683965908347136
weather,7/10,55,923,weather:922,no_eg,No-EG,mean_reputation_honest,20,0.7852661974691564,0.7694637849870066,0.8000221448364553
weather,7/10,55,923,weather:922,no_eg,No-EG,mean_reputation_malicious,20,0.8717179985148236,0.8654054376529969,0.8785200842496045
weather,7/10,55,923,weather:922,no_eg,No-EG,reputation_gap_honest_minus_malicious,20,-0.0864518010456671,-0.10686936720896786,-0.06666977775999566
weather,7/10,56,927,weather:926,lir_pptd,LIR-PPTD,mean_reputation_honest,20,0.9570175891021706,0.9456794925943435,0.9682692642802487
weather,7/10,56,927,weather:926,lir_pptd,LIR-PPTD,mean_reputation_malicious,20,0.5970145719440043,0.5942679877821704,0.5997409610494117
weather,7/10,56,927,weather:926,lir_pptd,LIR-PPTD,reputation_gap_honest_minus_malicious,20,0.36000301715816624,0.3470642756461106,0.3729153030049898
weather,7/10,56,927,weather:926,no_eg,No-EG,mean_reputation_honest,20,0.7892398883811741,0.7752492293801685,0.802961219637727
weather,7/10,56,927,weather:926,no_eg,No-EG,mean_reputation_malicious,20,0.8606617744965156,0.8535514236111462,0.8675488619056018
weather,7/10,56,927,weather:926,no_eg,No-EG,reputation_gap_honest_minus_malicious,20,-0.0714218861153415,-0.09086411849876017,-0.05246136633915585
weather,7/10,57,928,weather:927,lir_pptd,LIR-PPTD,mean_reputation_honest,20,0.9563773017563262,0.9441151053579954,0.9679393922557201
weather,7/10,57,928,weather:927,lir_pptd,LIR-PPTD,mean_reputation_malicious,20,0.5945569206842569,0.5916470778083052,0.5976338324813126
weather,7/10,57,928,weather:927,lir_pptd,LIR-PPTD,reputation_gap_honest_minus_malicious,20,0.3618203810720692,0.34754065276497575,0.3758265565994213
weather,7/10,57,928,weather:927,no_eg,No-EG,mean_reputation_honest,20,0.8023235088762085,0.7889446894064808,0.8151796652578609
weather,7/10,57,928,weather:927,no_eg,No-EG,mean_reputation_malicious,20,0.8282513166240805,0.8210127645277097,0.8353897530553588
weather,7/10,57,928,weather:927,no_eg,No-EG,reputation_gap_honest_minus_malicious,20,-0.02592780774787195,-0.045719987453222664,-0.006923919488532216
weather,7/10,58,932,weather:931,lir_pptd,LIR-PPTD,mean_reputation_honest,20,0.957753106927274,0.9460173918822457,0.9691348929164842
weather,7/10,58,932,weather:931,lir_pptd,LIR-PPTD,mean_reputation_malicious,20,0.5913034009119067,0.587706244587165,0.595144164584155
weather,7/10,58,932,weather:931,lir_pptd,LIR-PPTD,reputation_gap_honest_minus_malicious,20,0.36644970601536725,0.35245622374834706,0.379658127606515
weather,7/10,58,932,weather:931,no_eg,No-EG,mean_reputation_honest,20,0.7936161029459692,0.7812108916001279,0.8055840054891134
weather,7/10,58,932,weather:931,no_eg,No-EG,mean_reputation_malicious,20,0.814174828367734,0.8079924913205253,0.8203560778516311
weather,7/10,58,932,weather:931,no_eg,No-EG,reputation_gap_honest_minus_malicious,20,-0.020558725421764828,-0.03842693596458761,-0.0032197042787548754
weather,7/10,59,954,weather:953,lir_pptd,LIR-PPTD,mean_reputation_honest,20,0.9560343984263415,0.9436222681490358,0.9682666891216424
weather,7/10,59,954,weather:953,lir_pptd,LIR-PPTD,mean_reputation_malicious,20,0.5764911328998762,0.5718713644790365,0.5811965695003548
weather,7/10,59,954,weather:953,lir_pptd,LIR-PPTD,reputation_gap_honest_minus_malicious,20,0.3795432655264653,0.3644747496913878,0.39427095599281525
weather,7/10,59,954,weather:953,no_eg,No-EG,mean_reputation_honest,20,0.6703058701496949,0.6580754648424795,0.6823567646128751
weather,7/10,59,954,weather:953,no_eg,No-EG,mean_reputation_malicious,20,0.8252679978507322,0.8175891091657724,0.8332221907762217
weather,7/10,59,954,weather:953,no_eg,No-EG,reputation_gap_honest_minus_malicious,20,-0.15496212770103732,-0.17270148289987364,-0.13693522175770786
weather,7/10,60,971,weather:970,lir_pptd,LIR-PPTD,mean_reputation_honest,20,0.9564531788300458,0.9441436092387324,0.9687728223771502
weather,7/10,60,971,weather:970,lir_pptd,LIR-PPTD,mean_reputation_malicious,20,0.5542608428714034,0.5493992804221475,0.5592694957918862
weather,7/10,60,971,weather:970,lir_pptd,LIR-PPTD,reputation_gap_honest_minus_malicious,20,0.40219233595864234,0.38674514910324936,0.4166375683107498
weather,7/10,60,971,weather:970,no_eg,No-EG,mean_reputation_honest,20,0.5825857877386892,0.5695140648748117,0.595086787242796
weather,7/10,60,971,weather:970,no_eg,No-EG,mean_reputation_malicious,20,0.825103231353629,0.8189368160429371,0.8316914933095293
weather,7/10,60,971,weather:970,no_eg,No-EG,reputation_gap_honest_minus_malicious,20,-0.24251744361493974,-0.25877624205650734,-0.22651452406155695
weather,7/10,61,1011,weather:1010,lir_pptd,LIR-PPTD,mean_reputation_honest,20,0.9561400880145877,0.9434221255471597,0.968434690898623
weather,7/10,61,1011,weather:1010,lir_pptd,LIR-PPTD,mean_reputation_malicious,20,0.5239259414802714,0.5188183559119187,0.529161313438785
weather,7/10,61,1011,weather:1010,lir_pptd,LIR-PPTD,reputation_gap_honest_minus_malicious,20,0.43221414653431633,0.41618946604061313,0.4476203027369874
weather,7/10,61,1011,weather:1010,no_eg,No-EG,mean_reputation_honest,20,0.45057508933767887,0.4405116979740362,0.4603255955482063
weather,7/10,61,1011,weather:1010,no_eg,No-EG,mean_reputation_malicious,20,0.839725951926049,0.831861137931675,0.8475678002051337
weather,7/10,61,1011,weather:1010,no_eg,No-EG,reputation_gap_honest_minus_malicious,20,-0.38915086258837017,-0.4030792752378711,-0.37592497035179184
weather,7/10,62,1013,weather:1012,lir_pptd,LIR-PPTD,mean_reputation_honest,20,0.9534846006171315,0.939193148014203,0.9670177864173264
weather,7/10,62,1013,weather:1012,lir_pptd,LIR-PPTD,mean_reputation_malicious,20,0.500290464878244,0.4941892668121113,0.5064941647553467
weather,7/10,62,1013,weather:1012,lir_pptd,LIR-PPTD,reputation_gap_honest_minus_malicious,20,0.4531941357388874,0.4354611997351679,0.4698641209348003
weather,7/10,62,1013,weather:1012,no_eg,No-EG,mean_reputation_honest,20,0.4748364826392125,0.4636457742008395,0.4855589620236139
weather,7/10,62,1013,weather:1012,no_eg,No-EG,mean_reputation_malicious,20,0.7831830178496043,0.7770635428120252,0.7890816423851766
weather,7/10,62,1013,weather:1012,no_eg,No-EG,reputation_gap_honest_minus_malicious,20,-0.30834653521039185,-0.3234270806714423,-0.29376756022160727
weather,7/10,63,1037,weather:1036,lir_pptd,LIR-PPTD,mean_reputation_honest,20,0.9505842083974879,0.9356276168754033,0.9651481186488744
weather,7/10,63,1037,weather:1036,lir_pptd,LIR-PPTD,mean_reputation_malicious,20,0.4740990189227884,0.468031604500056,0.4801511279582223
weather,7/10,63,1037,weather:1036,lir_pptd,LIR-PPTD,reputation_gap_honest_minus_malicious,20,0.47648518947469953,0.45754832440168863,0.4945887798039581
weather,7/10,63,1037,weather:1036,no_eg,No-EG,mean_reputation_honest,20,0.41962465372633906,0.4096667129497766,0.4295248643510927
weather,7/10,63,1037,weather:1036,no_eg,No-EG,mean_reputation_malicious,20,0.8324997530223438,0.8247638454429679,0.8399175765560868
weather,7/10,63,1037,weather:1036,no_eg,No-EG,reputation_gap_honest_minus_malicious,20,-0.4128750992960048,-0.42697829870533355,-0.39962525253758935
weather,7/10,64,1073,weather:1072,lir_pptd,LIR-PPTD,mean_reputation_honest,20,0.9470745697349437,0.9305523736429179,0.962868080838588
weather,7/10,64,1073,weather:1072,lir_pptd,LIR-PPTD,mean_reputation_malicious,20,0.4569554689040122,0.45057621224077843,0.4634506928489891
weather,7/10,64,1073,weather:1072,lir_pptd,LIR-PPTD,reputation_gap_honest_minus_malicious,20,0.4901191008309316,0.4705493304023404,0.5093539096647103
weather,7/10,64,1073,weather:1072,no_eg,No-EG,mean_reputation_honest,20,0.374919929544867,0.3639379850433282,0.3846774720246847
weather,7/10,64,1073,weather:1072,no_eg,No-EG,mean_reputation_malicious,20,0.8557870062552718,0.8487344827232908,0.8629190654688224
weather,7/10,64,1073,weather:1072,no_eg,No-EG,reputation_gap_honest_minus_malicious,20,-0.48086707671040474,-0.49580319256460487,-0.4670192795887801
weather,7/10,65,1095,weather:1094,lir_pptd,LIR-PPTD,mean_reputation_honest,20,0.9476534287429634,0.9318038056857807,0.9631251380360579
weather,7/10,65,1095,weather:1094,lir_pptd,LIR-PPTD,mean_reputation_malicious,20,0.4413689949772589,0.43447609912153806,0.4482762598354184
weather,7/10,65,1095,weather:1094,lir_pptd,LIR-PPTD,reputation_gap_honest_minus_malicious,20,0.5062844337657045,0.486226174378052,0.5256546380479471
weather,7/10,65,1095,weather:1094,no_eg,No-EG,mean_reputation_honest,20,0.39025648468545715,0.38174376262057097,0.39901950316816176
weather,7/10,65,1095,weather:1094,no_eg,No-EG,mean_reputation_malicious,20,0.85097427560179,0.8424770882092163,0.8595160815372292
weather,7/10,65,1095,weather:1094,no_eg,No-EG,reputation_gap_honest_minus_malicious,20,-0.46071779091633286,-0.473388829180499,-0.4489985011864942
weather,7/10,66,1129,weather:1128,lir_pptd,LIR-PPTD,mean_reputation_honest,20,0.9503651551618849,0.9355997309855826,0.9652153131760117
weather,7/10,66,1129,weather:1128,lir_pptd,LIR-PPTD,mean_reputation_malicious,20,0.43491668796049954,0.4276995277472933,0.44194091063625146
weather,7/10,66,1129,weather:1128,lir_pptd,LIR-PPTD,reputation_gap_honest_minus_malicious,20,0.5154484672013854,0.4958449604491301,0.5340845576582117
weather,7/10,66,1129,weather:1128,no_eg,No-EG,mean_reputation_honest,20,0.4257761175191784,0.4170345798455903,0.434617080913244
weather,7/10,66,1129,weather:1128,no_eg,No-EG,mean_reputation_malicious,20,0.8604718416389527,0.8513642070203372,0.8697217027822762
weather,7/10,66,1129,weather:1128,no_eg,No-EG,reputation_gap_honest_minus_malicious,20,-0.4346957241197744,-0.4482382343434989,-0.421676127235143
weather,7/10,67,1157,weather:1156,lir_pptd,LIR-PPTD,mean_reputation_honest,20,0.9516110653276332,0.9368623560595238,0.9659035653242594
weather,7/10,67,1157,weather:1156,lir_pptd,LIR-PPTD,mean_reputation_malicious,20,0.43355186427994047,0.42627512625278197,0.4407869087684265
weather,7/10,67,1157,weather:1156,lir_pptd,LIR-PPTD,reputation_gap_honest_minus_malicious,20,0.5180592010476927,0.49799812209720085,0.5369763000576041
weather,7/10,67,1157,weather:1156,no_eg,No-EG,mean_reputation_honest,20,0.5184734773101396,0.5056400383016536,0.5307406326610805
weather,7/10,67,1157,weather:1156,no_eg,No-EG,mean_reputation_malicious,20,0.8584900746057781,0.8497287949682251,0.8673260034311576
weather,7/10,67,1157,weather:1156,no_eg,No-EG,reputation_gap_honest_minus_malicious,20,-0.34001659729563855,-0.3588755271814771,-0.32252567089227624
weather,7/10,68,1172,weather:1171,lir_pptd,LIR-PPTD,mean_reputation_honest,20,0.9536134711381555,0.9394094818198032,0.9674775267613079
weather,7/10,68,1172,weather:1171,lir_pptd,LIR-PPTD,mean_reputation_malicious,20,0.43818951342989243,0.43116493870175104,0.44535135418859995
weather,7/10,68,1172,weather:1171,lir_pptd,LIR-PPTD,reputation_gap_honest_minus_malicious,20,0.5154239577082632,0.49604169377003854,0.5342059237396128
weather,7/10,68,1172,weather:1171,no_eg,No-EG,mean_reputation_honest,20,0.5570748921085094,0.5429809410469493,0.5705206186167513
weather,7/10,68,1172,weather:1171,no_eg,No-EG,mean_reputation_malicious,20,0.8501804870354077,0.8437744060208254,0.8569924409616819
weather,7/10,68,1172,weather:1171,no_eg,No-EG,reputation_gap_honest_minus_malicious,20,-0.2931055949268984,-0.31282785106071803,-0.275106769542217
weather,7/10,69,1213,weather:1212,lir_pptd,LIR-PPTD,mean_reputation_honest,20,0.9520930051207979,0.937259501185691,0.9663789261904124
weather,7/10,69,1213,weather:1212,lir_pptd,LIR-PPTD,mean_reputation_malicious,20,0.46054982621240875,0.45239522588010356,0.46804290703132034
weather,7/10,69,1213,weather:1212,lir_pptd,LIR-PPTD,reputation_gap_honest_minus_malicious,20,0.49154317890838917,0.4720011240671451,0.5106799403859813
weather,7/10,69,1213,weather:1212,no_eg,No-EG,mean_reputation_honest,20,0.7198925226208271,0.7057445062206852,0.7329153220739951
weather,7/10,69,1213,weather:1212,no_eg,No-EG,mean_reputation_malicious,20,0.887426160213671,0.878768569859541,0.8960850417626183
weather,7/10,69,1213,weather:1212,no_eg,No-EG,reputation_gap_honest_minus_malicious,20,-0.16753363759284398,-0.18866002145838517,-0.14736760601295273
weather,7/10,70,1263,weather:1262,lir_pptd,LIR-PPTD,mean_reputation_honest,20,0.9540920344268775,0.9399049120260745,0.9678229744878256
weather,7/10,70,1263,weather:1262,lir_pptd,LIR-PPTD,mean_reputation_malicious,20,0.5014963501553643,0.4950230854964859,0.5080250202779315
weather,7/10,70,1263,weather:1262,lir_pptd,LIR-PPTD,reputation_gap_honest_minus_malicious,20,0.4525956842715132,0.43420023241911987,0.4706205560716021
weather,7/10,70,1263,weather:1262,no_eg,No-EG,mean_reputation_honest,20,0.9230267102525299,0.9154273307085689,0.9307773309009473
weather,7/10,70,1263,weather:1262,no_eg,No-EG,mean_reputation_malicious,20,0.9434119402227193,0.9386074270975063,0.9484104036163064
weather,7/10,70,1263,weather:1262,no_eg,No-EG,reputation_gap_honest_minus_malicious,20,-0.02038522997018945,-0.03236066120191553,-0.008506843141237452
weather,7/10,71,1328,weather:1327,lir_pptd,LIR-PPTD,mean_reputation_honest,20,0.9520467029060465,0.9371033886509124,0.9666714781334278
weather,7/10,71,1328,weather:1327,lir_pptd,LIR-PPTD,mean_reputation_malicious,20,0.5281080583347473,0.5241387803673827,0.5323310511966372
weather,7/10,71,1328,weather:1327,lir_pptd,LIR-PPTD,reputation_gap_honest_minus_malicious,20,0.42393864457129926,0.4058453475128001,0.44099255388963926
weather,7/10,71,1328,weather:1327,no_eg,No-EG,mean_reputation_honest,20,0.9287858394525631,0.9172510089354224,0.9391382768773027
weather,7/10,71,1328,weather:1327,no_eg,No-EG,mean_reputation_malicious,20,0.9196104893121375,0.9137984314788835,0.9260109403657293
weather,7/10,71,1328,weather:1327,no_eg,No-EG,reputation_gap_honest_minus_malicious,20,0.009175350140425543,-0.008023464162837697,0.024789217125793746
weather,7/10,72,1360,weather:1359,lir_pptd,LIR-PPTD,mean_reputation_honest,20,0.953311571966086,0.9386641292766739,0.9677525861294374
weather,7/10,72,1360,weather:1359,lir_pptd,LIR-PPTD,mean_reputation_malicious,20,0.5416616729911493,0.5391650322030502,0.5441743892137523
weather,7/10,72,1360,weather:1359,lir_pptd,LIR-PPTD,reputation_gap_honest_minus_malicious,20,0.41164989897493665,0.39588617408137605,0.42715005093897646
weather,7/10,72,1360,weather:1359,no_eg,No-EG,mean_reputation_honest,20,0.8324079666503543,0.8205246517940199,0.8424507188734208
weather,7/10,72,1360,weather:1359,no_eg,No-EG,mean_reputation_malicious,20,0.8887142276122164,0.8840888547639106,0.8933242928256525
weather,7/10,72,1360,weather:1359,no_eg,No-EG,reputation_gap_honest_minus_malicious,20,-0.05630626096186208,-0.07143927560169468,-0.04289969063675806
weather,7/10,73,1375,weather:1374,lir_pptd,LIR-PPTD,mean_reputation_honest,20,0.9536706543425141,0.9388073958356173,0.9680167213534613
weather,7/10,73,1375,weather:1374,lir_pptd,LIR-PPTD,mean_reputation_malicious,20,0.5468934214401293,0.5449297011256359,0.5487792572295414
weather,7/10,73,1375,weather:1374,lir_pptd,LIR-PPTD,reputation_gap_honest_minus_malicious,20,0.40677723290238477,0.39141638158503456,0.4212108217738828
weather,7/10,73,1375,weather:1374,no_eg,No-EG,mean_reputation_honest,20,0.8051843411860093,0.7917335319767073,0.8165887449858464
weather,7/10,73,1375,weather:1374,no_eg,No-EG,mean_reputation_malicious,20,0.8654052196220948,0.8603196683619717,0.8705501500271894
weather,7/10,73,1375,weather:1374,no_eg,No-EG,reputation_gap_honest_minus_malicious,20,-0.06022087843608544,-0.07752834456726466,-0.045346390784906425
weather,7/10,74,1380,weather:1379,lir_pptd,LIR-PPTD,mean_reputation_honest,20,0.9528494808699911,0.9387214000257083,0.9669761126304326
weather,7/10,74,1380,weather:1379,lir_pptd,LIR-PPTD,mean_reputation_malicious,20,0.550983980543844,0.5494989219413066,0.5524227531376219
weather,7/10,74,1380,weather:1379,lir_pptd,LIR-PPTD,reputation_gap_honest_minus_malicious,20,0.4018655003261471,0.3883100059354736,0.41528429170418035
weather,7/10,74,1380,weather:1379,no_eg,No-EG,mean_reputation_honest,20,0.8044682836186879,0.7917618741198527,0.8158866113452613
weather,7/10,74,1380,weather:1379,no_eg,No-EG,mean_reputation_malicious,20,0.8434168553572693,0.8378441263369217,0.8490530345070134
weather,7/10,74,1380,weather:1379,no_eg,No-EG,reputation_gap_honest_minus_malicious,20,-0.0389485717385814,-0.05629773385314036,-0.023457544190949822
weather,7/10,75,1446,weather:1445,lir_pptd,LIR-PPTD,mean_reputation_honest,20,0.9531565901947234,0.9387236819217578,0.9674934014984197
weather,7/10,75,1446,weather:1445,lir_pptd,LIR-PPTD,mean_reputation_malicious,20,0.5392864111235061,0.5364305370619161,0.5419874492569366
weather,7/10,75,1446,weather:1445,lir_pptd,LIR-PPTD,reputation_gap_honest_minus_malicious,20,0.4138701790712173,0.40036350740627297,0.4265932762721037
weather,7/10,75,1446,weather:1445,no_eg,No-EG,mean_reputation_honest,20,0.5887828746102556,0.573637673739431,0.6033861018458145
weather,7/10,75,1446,weather:1445,no_eg,No-EG,mean_reputation_malicious,20,0.8585688840913623,0.8504603526937184,0.8667938629428991
weather,7/10,75,1446,weather:1445,no_eg,No-EG,reputation_gap_honest_minus_malicious,20,-0.2697860094811068,-0.2903998745888971,-0.2516432335604038
weather,7/10,76,1468,weather:1467,lir_pptd,LIR-PPTD,mean_reputation_honest,20,0.955047892888396,0.9411188919975575,0.9684434325558632
weather,7/10,76,1468,weather:1467,lir_pptd,LIR-PPTD,mean_reputation_malicious,20,0.5149878372091606,0.5109990710537278,0.5185818958235313
weather,7/10,76,1468,weather:1467,lir_pptd,LIR-PPTD,reputation_gap_honest_minus_malicious,20,0.44006005567923545,0.4271892349340546,0.4524457106044854
weather,7/10,76,1468,weather:1467,no_eg,No-EG,mean_reputation_honest,20,0.5338611063705659,0.5227439160223907,0.5445749923910306
weather,7/10,76,1468,weather:1467,no_eg,No-EG,mean_reputation_malicious,20,0.8334476726507504,0.8249828843801346,0.8422811929046269
weather,7/10,76,1468,weather:1467,no_eg,No-EG,reputation_gap_honest_minus_malicious,20,-0.29958656628018443,-0.3160535444483867,-0.28566279776644626
weather,7/10,77,1493,weather:1492,lir_pptd,LIR-PPTD,mean_reputation_honest,20,0.9566787678366941,0.9436759279454203,0.9693462465416542
weather,7/10,77,1493,weather:1492,lir_pptd,LIR-PPTD,mean_reputation_malicious,20,0.4901084449951377,0.48652978303646305,0.49354013118346973
weather,7/10,77,1493,weather:1492,lir_pptd,LIR-PPTD,reputation_gap_honest_minus_malicious,20,0.4665703228415564,0.4553881782913907,0.47738768946880994
weather,7/10,77,1493,weather:1492,no_eg,No-EG,mean_reputation_honest,20,0.5465879804726658,0.5333390298433824,0.5596396225803407
weather,7/10,77,1493,weather:1492,no_eg,No-EG,mean_reputation_malicious,20,0.8275089185807626,0.8208660856639003,0.8341520070090515
weather,7/10,77,1493,weather:1492,no_eg,No-EG,reputation_gap_honest_minus_malicious,20,-0.28092093810809676,-0.2965616493081705,-0.26651490178672327
weather,7/10,78,1503,weather:1502,lir_pptd,LIR-PPTD,mean_reputation_honest,20,0.95329288611268,0.9392408597149748,0.9671518757135725
weather,7/10,78,1503,weather:1502,lir_pptd,LIR-PPTD,mean_reputation_malicious,20,0.47420156882824377,0.47022862896199397,0.47808387273015757
weather,7/10,78,1503,weather:1502,lir_pptd,LIR-PPTD,reputation_gap_honest_minus_malicious,20,0.47909131728443627,0.46658340394853076,0.49105689461672775
weather,7/10,78,1503,weather:1502,no_eg,No-EG,mean_reputation_honest,20,0.5646933871947566,0.5521287534404111,0.5777415974236245
weather,7/10,78,1503,weather:1502,no_eg,No-EG,mean_reputation_malicious,20,0.806235973732559,0.7998129128236137,0.8127214850204514
weather,7/10,78,1503,weather:1502,no_eg,No-EG,reputation_gap_honest_minus_malicious,20,-0.24154258653780228,-0.25527242232203934,-0.22841511447583382
weather,7/10,79,1504,weather:1503,lir_pptd,LIR-PPTD,mean_reputation_honest,20,0.9551036132557905,0.9414051453907838,0.9681028241463624
weather,7/10,79,1504,weather:1503,lir_pptd,LIR-PPTD,mean_reputation_malicious,20,0.46047235457033786,0.45640458081242125,0.46436696494914564
weather,7/10,79,1504,weather:1503,lir_pptd,LIR-PPTD,reputation_gap_honest_minus_malicious,20,0.4946312586854527,0.4834599690898773,0.5056413558749847
weather,7/10,79,1504,weather:1503,no_eg,No-EG,mean_reputation_honest,20,0.6035470247227055,0.5919239728001946,0.6152422035635502
weather,7/10,79,1504,weather:1503,no_eg,No-EG,mean_reputation_malicious,20,0.7478332633313916,0.7429336303795249,0.7523182716638142
weather,7/10,79,1504,weather:1503,no_eg,No-EG,reputation_gap_honest_minus_malicious,20,-0.14428623860868608,-0.1574745132475872,-0.13180072073113716
weather,7/10,80,1541,weather:1540,lir_pptd,LIR-PPTD,mean_reputation_honest,20,0.9529544503245427,0.9389359730301782,0.9669340572847206
weather,7/10,80,1541,weather:1540,lir_pptd,LIR-PPTD,mean_reputation_malicious,20,0.454697465642101,0.45014909692617555,0.45915104375863464
weather,7/10,80,1541,weather:1540,lir_pptd,LIR-PPTD,reputation_gap_honest_minus_malicious,20,0.4982569846824418,0.48729667613843375,0.508979486311598
weather,7/10,80,1541,weather:1540,no_eg,No-EG,mean_reputation_honest,20,0.5427874326651936,0.5303337293768539,0.553936026558815
weather,7/10,80,1541,weather:1540,no_eg,No-EG,mean_reputation_malicious,20,0.8602183270502599,0.8548010297071272,0.8651112190269855
weather,7/10,80,1541,weather:1540,no_eg,No-EG,reputation_gap_honest_minus_malicious,20,-0.31743089438506633,-0.3310011136402779,-0.3052134583556744
weather,7/10,81,1607,weather:1606,lir_pptd,LIR-PPTD,mean_reputation_honest,20,0.9542107610393458,0.9408565217948939,0.9679962436439932
weather,7/10,81,1607,weather:1606,lir_pptd,LIR-PPTD,mean_reputation_malicious,20,0.4694190904377258,0.463793562594197,0.47479920585838487
weather,7/10,81,1607,weather:1606,lir_pptd,LIR-PPTD,reputation_gap_honest_minus_malicious,20,0.48479167060162,0.47449397324331627,0.49471297411598036
weather,7/10,81,1607,weather:1606,no_eg,No-EG,mean_reputation_honest,20,0.7471890436184434,0.7340008477308413,0.7587205695470778
weather,7/10,81,1607,weather:1606,no_eg,No-EG,mean_reputation_malicious,20,0.8723172301070936,0.86406117337519,0.88112268775529
weather,7/10,81,1607,weather:1606,no_eg,No-EG,reputation_gap_honest_minus_malicious,20,-0.12512818648865018,-0.14324583294942617,-0.11001314080242189
weather,7/10,82,1638,weather:1637,lir_pptd,LIR-PPTD,mean_reputation_honest,20,0.9543671983860663,0.94045761498678,0.9678550886560886
weather,7/10,82,1638,weather:1637,lir_pptd,LIR-PPTD,mean_reputation_malicious,20,0.4984287101735999,0.49245648326947716,0.5044202553853284
weather,7/10,82,1638,weather:1637,lir_pptd,LIR-PPTD,reputation_gap_honest_minus_malicious,20,0.45593848821246635,0.44646083454533114,0.46531948273039153
weather,7/10,82,1638,weather:1637,no_eg,No-EG,mean_reputation_honest,20,0.8492346967019687,0.838752686559476,0.8589455333944743
weather,7/10,82,1638,weather:1637,no_eg,No-EG,mean_reputation_malicious,20,0.9041363966869803,0.8982619756738919,0.9100767916114246
weather,7/10,82,1638,weather:1637,no_eg,No-EG,reputation_gap_honest_minus_malicious,20,-0.05490169998501163,-0.06949207649812353,-0.04075411770273224
weather,7/10,83,1640,weather:1639,lir_pptd,LIR-PPTD,mean_reputation_honest,20,0.9535159701760401,0.9396848610151819,0.9673578639915514
weather,7/10,83,1640,weather:1639,lir_pptd,LIR-PPTD,mean_reputation_malicious,20,0.5199245455756325,0.5134615646096713,0.5262716970423984
weather,7/10,83,1640,weather:1639,lir_pptd,LIR-PPTD,reputation_gap_honest_minus_malicious,20,0.4335914246004076,0.42348105449371737,0.44348262746785055
weather,7/10,83,1640,weather:1639,no_eg,No-EG,mean_reputation_honest,20,0.8651330957565896,0.8543251835605968,0.8748795106857258
weather,7/10,83,1640,weather:1639,no_eg,No-EG,mean_reputation_malicious,20,0.8875136056762386,0.8819545475468878,0.8935456083906411
weather,7/10,83,1640,weather:1639,no_eg,No-EG,reputation_gap_honest_minus_malicious,20,-0.022380509919649082,-0.03850452158592901,-0.008046497297504625
weather,7/10,84,1646,weather:1645,lir_pptd,LIR-PPTD,mean_reputation_honest,20,0.9511860395124536,0.9360311241018392,0.9664038663202875
weather,7/10,84,1646,weather:1645,lir_pptd,LIR-PPTD,mean_reputation_malicious,20,0.5486678918891463,0.5417436638962148,0.55547916509171
weather,7/10,84,1646,weather:1645,lir_pptd,LIR-PPTD,reputation_gap_honest_minus_malicious,20,0.40251814762330734,0.39200029121395363,0.4124523166810141
weather,7/10,84,1646,weather:1645,no_eg,No-EG,mean_reputation_honest,20,0.8793984571572259,0.869584345214639,0.8887587184227046
weather,7/10,84,1646,weather:1645,no_eg,No-EG,mean_reputation_malicious,20,0.8946968713023923,0.890325867512494,0.8995123082422328
weather,7/10,84,1646,weather:1645,no_eg,No-EG,reputation_gap_honest_minus_malicious,20,-0.015298414145166339,-0.029601165183439405,-0.0018161350910215455
weather,7/10,85,1676,weather:1675,lir_pptd,LIR-PPTD,mean_reputation_honest,20,0.9520556146752182,0.9372498314554362,0.9665119045960155
weather,7/10,85,1676,weather:1675,lir_pptd,LIR-PPTD,mean_reputation_malicious,20,0.5845576833591903,0.5768841166874908,0.5919738380709825
weather,7/10,85,1676,weather:1675,lir_pptd,LIR-PPTD,reputation_gap_honest_minus_malicious,20,0.3674979313160278,0.3579340902979998,0.37692885568401857
weather,7/10,85,1676,weather:1675,no_eg,No-EG,mean_reputation_honest,20,0.9469986444937237,0.9381977442202531,0.9550658414200052
weather,7/10,85,1676,weather:1675,no_eg,No-EG,mean_reputation_malicious,20,0.9417148356979197,0.9364856402480801,0.9472261702700161
weather,7/10,85,1676,weather:1675,no_eg,No-EG,reputation_gap_honest_minus_malicious,20,0.0052838087958039515,-0.00819485509385833,0.01851348026069626
weather,7/10,86,1683,weather:1682,lir_pptd,LIR-PPTD,mean_reputation_honest,20,0.9531392143061945,0.9384440053865182,0.9668204425040531
weather,7/10,86,1683,weather:1682,lir_pptd,LIR-PPTD,mean_reputation_malicious,20,0.6082714341742496,0.6007640519580212,0.6156657207827357
weather,7/10,86,1683,weather:1682,lir_pptd,LIR-PPTD,reputation_gap_honest_minus_malicious,20,0.3448677801319449,0.3349367299465064,0.3545453156068027
weather,7/10,86,1683,weather:1682,no_eg,No-EG,mean_reputation_honest,20,0.9602753548027603,0.9521950594689881,0.9678028075958149
weather,7/10,86,1683,weather:1682,no_eg,No-EG,mean_reputation_malicious,20,0.9466305719459877,0.9417791714808439,0.95188040258125
weather,7/10,86,1683,weather:1682,no_eg,No-EG,reputation_gap_honest_minus_malicious,20,0.013644782856772652,0.0010509454538938376,0.02543644253707132
