dataset,rho,comparator,selector_seed_index,n_malicious_subsets,mean_loss_delta_lir_minus_comparator,median_loss_delta_lir_minus_comparator,within_seed_subset_sd,paper_metric
dog,1/10,crh,1,20,-0.0054949716721675755,-0.004094806508859794,0.005990509199173,0.8203513994459967
dog,1/10,crh,2,20,-0.0032572843004236574,-0.0015036067205251857,0.005087496273040021,0.8203513994459967
dog,1/10,crh,3,20,-0.004081110405702521,-0.003918105884026968,0.005345888343631397,0.8203513994459967
dog,1/10,crh,4,20,-0.009577825272211394,-0.008980615536598346,0.007507647059108924,0.8203513994459967
dog,1/10,crh,5,20,-0.0018357930592595606,-0.0013608904667472,0.0076569169123902135,0.8203513994459967
dog,1/10,crh,6,20,-0.004763608699301425,-0.004855425684439196,0.005781403855688688,0.8203513994459967
dog,1/10,crh,7,20,-0.009891975286984272,-0.009739461268546579,0.0067221617055750315,0.8203513994459967
dog,1/10,crh,8,20,-0.00829028174804226,-0.008666778047731527,0.00594226269787109,0.8203513994459967
dog,1/10,crh,9,20,-0.005247627848350272,-0.002690988126413274,0.006925566678729831,0.8203513994459967
dog,1/10,crh,10,20,-0.009607534057840561,-0.011690272125849888,0.006933287700095977,0.8203513994459967
dog,1/10,crh,11,20,-0.006625663256697839,-0.005060850789021298,0.006267321235605283,0.8203513994459967
dog,1/10,crh,12,20,-0.007604472136032575,-0.007816899920252307,0.008806400027188849,0.8203513994459967
dog,1/10,crh,13,20,-0.008788326757305976,-0.009584361126546925,0.00701674202417195,0.8203513994459967
dog,1/10,crh,14,20,-0.00857411526579462,-0.008070641666797163,0.007651505044639064,0.8203513994459967
dog,1/10,crh,15,20,-0.0036186544457012916,-0.002296061722598386,0.006596364573725351,0.8203513994459967
dog,1/10,crh,16,20,-0.009884154110006949,-0.010069778566906995,0.0066861997329265435,0.8203513994459967
dog,1/10,crh,17,20,-0.0032328529692841833,-0.0038876746189392963,0.006856814240642721,0.8203513994459967
dog,1/10,crh,18,20,-0.007981204145876147,-0.007819107729065577,0.006021429481611564,0.8203513994459967
dog,1/10,crh,19,20,-0.0013395329141233313,3.271796421339124e-05,0.005220315317921769,0.8203513994459967
dog,1/10,crh,20,20,-0.0037571832619495704,-0.002689384246679305,0.006669599463273116,0.8203513994459967
dog,1/10,pptd_liang,1,20,-0.005554969545729477,-0.004094806508859794,0.006097665601142838,0.8203513994459967
dog,1/10,pptd_liang,2,20,-0.0033177936574460888,-0.0015036067205251857,0.005173418225948182,0.8203513994459967
dog,1/10,pptd_liang,3,20,-0.004140584000312952,-0.004116746359508594,0.005354175624679085,0.8203513994459967
dog,1/10,pptd_liang,4,20,-0.009638109942448514,-0.008980615536598346,0.007593700187135467,0.8203513994459967
dog,1/10,pptd_liang,5,20,-0.0018956679964495459,-0.0013608904667472,0.0077555500524262985,0.8203513994459967
dog,1/10,pptd_liang,6,20,-0.004822640138788392,-0.004855425684439196,0.005857689837377571,0.8203513994459967
dog,1/10,pptd_liang,7,20,-0.009952211875324985,-0.009739461268546579,0.006842216749556051,0.8203513994459967
dog,1/10,pptd_liang,8,20,-0.008349612995446353,-0.008666778047731527,0.005963649452869326,0.8203513994459967
dog,1/10,pptd_liang,9,20,-0.0053078983531533565,-0.002690988126413274,0.007031082866730959,0.8203513994459967
dog,1/10,pptd_liang,10,20,-0.0096676733722658,-0.011690272125849888,0.007023322016398492,0.8203513994459967
dog,1/10,pptd_liang,11,20,-0.006685211299043553,-0.005060850789021298,0.006384643107502884,0.8203513994459967
dog,1/10,pptd_liang,12,20,-0.007665489899703004,-0.007816899920252307,0.008892005497711184,0.8203513994459967
dog,1/10,pptd_liang,13,20,-0.008788326757305976,-0.009584361126546925,0.00701674202417195,0.8203513994459967
dog,1/10,pptd_liang,14,20,-0.008633633435046839,-0.008070641666797163,0.007753500305450812,0.8203513994459967
dog,1/10,pptd_liang,15,20,-0.003679099861386104,-0.002296061722598386,0.006696188683443461,0.8203513994459967
dog,1/10,pptd_liang,16,20,-0.009944644554110121,-0.010069778566906995,0.0067458151569490315,0.8203513994459967
dog,1/10,pptd_liang,17,20,-0.0032328529692841833,-0.0038876746189392963,0.006856814240642721,0.8203513994459967
dog,1/10,pptd_liang,18,20,-0.008041120473912982,-0.007819107729065577,0.006167319291132323,0.8203513994459967
dog,1/10,pptd_liang,19,20,-0.0014010031751050755,3.271796421339124e-05,0.0052552620729984754,0.8203513994459967
dog,1/10,pptd_liang,20,20,-0.0038174130382812145,-0.0032916820099957445,0.006646859792923405,0.8203513994459967
dog,1/10,tqpp_liu,1,20,-0.009807203603516645,-0.008012047118755694,0.006435175866559507,0.8203513994459967
dog,1/10,tqpp_liu,2,20,-0.007898575074407277,-0.008851092289342166,0.006706527391546856,0.8203513994459967
dog,1/10,tqpp_liu,3,20,-0.007902493380449604,-0.008392348580364195,0.007419003913236146,0.8203513994459967
dog,1/10,tqpp_liu,4,20,-0.013895759634091103,-0.014853801084498242,0.008456638683030464,0.8203513994459967
dog,1/10,tqpp_liu,5,20,-0.006176493504970409,-0.004507534726126861,0.006518786856070932,0.8203513994459967
dog,1/10,tqpp_liu,6,20,-0.009475552735426895,-0.0074353612561732785,0.007555538572780086,0.8203513994459967
dog,1/10,tqpp_liu,7,20,-0.014417417313691921,-0.01285998513231007,0.007292946238569417,0.8203513994459967
dog,1/10,tqpp_liu,8,20,-0.012515785782423655,-0.01275351382688883,0.0071152679161256924,0.8203513994459967
dog,1/10,tqpp_liu,9,20,-0.009211978458352555,-0.007280758698121059,0.008393650195844203,0.8203513994459967
dog,1/10,tqpp_liu,10,20,-0.014152117488942012,-0.013310474367609293,0.008089891530711725,0.8203513994459967
dog,1/10,tqpp_liu,11,20,-0.01075607038507816,-0.010675321107332603,0.0068921113202211615,0.8203513994459967
dog,1/10,tqpp_liu,12,20,-0.011047893595837882,-0.012238648548544007,0.008168162289288794,0.8203513994459967
dog,1/10,tqpp_liu,13,20,-0.01325867200716917,-0.014811018537766785,0.007319930944676217,0.8203513994459967
dog,1/10,tqpp_liu,14,20,-0.013067867929524102,-0.013542381421821847,0.006261203838100901,0.8203513994459967
dog,1/10,tqpp_liu,15,20,-0.00813504468085438,-0.007803219882974166,0.008678266152009614,0.8203513994459967
dog,1/10,tqpp_liu,16,20,-0.013590024726254485,-0.013883514637165306,0.006974002490779092,0.8203513994459967
dog,1/10,tqpp_liu,17,20,-0.007735675331229086,-0.009099463273052333,0.008969602831590397,0.8203513994459967
dog,1/10,tqpp_liu,18,20,-0.012018297658788053,-0.01093137581199588,0.007856127431662597,0.8203513994459967
dog,1/10,tqpp_liu,19,20,-0.0065362631359896116,-0.006808233162347632,0.006408954934748683,0.8203513994459967
dog,1/10,tqpp_liu,20,20,-0.00775175280702291,-0.00689000370833337,0.006865952570204773,0.8203513994459967
dog,1/2,crh,1,20,-0.11069356392051777,-0.10602793741161642,0.02347390878477038,0.6064059603242712
dog,1/2,crh,2,20,-0.09306756661498668,-0.09412854194219045,0.019302351793940756,0.6064059603242712
dog,1/2,crh,3,20,-0.10039825649241432,-0.1010836913385561,0.02249550757189308,0.6064059603242712
dog,1/2,crh,4,20,-0.14697826755636473,-0.14738615637367286,0.027243816723953748,0.6064059603242712
dog,1/2,crh,5,20,-0.11564711625159103,-0.10997979173342037,0.02466995230127405,0.6064059603242712
dog,1/2,crh,6,20,-0.08579432616176856,-0.08195375680885092,0.02117979615760677,0.6064059603242712
dog,1/2,crh,7,20,-0.10628224832745856,-0.10666004677929791,0.024563511601005485,0.6064059603242712
dog,1/2,crh,8,20,-0.13468926630450292,-0.13270339162056627,0.026335719663438353,0.6064059603242712
dog,1/2,crh,9,20,-0.13448134492633237,-0.13124611712914963,0.031419952754792785,0.6064059603242712
dog,1/2,crh,10,20,-0.10262201213022873,-0.10195483459731325,0.023899533004136664,0.6064059603242712
dog,1/2,crh,11,20,-0.09645679674355659,-0.09535518612661809,0.022072868136264728,0.6064059603242712
dog,1/2,crh,12,20,-0.14271809438915634,-0.1395513906706023,0.029550505586102695,0.6064059603242712
dog,1/2,crh,13,20,-0.09780593457929979,-0.09644445400768109,0.02439375753658089,0.6064059603242712
dog,1/2,crh,14,20,-0.10224803904756963,-0.10276881538510274,0.025767138440088894,0.6064059603242712
dog,1/2,crh,15,20,-0.1031437124448765,-0.10528602738551918,0.021615962467170714,0.6064059603242712
dog,1/2,crh,16,20,-0.1292253727668972,-0.12345109088467965,0.02976098922680527,0.6064059603242712
dog,1/2,crh,17,20,-0.07045020808672386,-0.07135469662799726,0.017219757413790084,0.6064059603242712
dog,1/2,crh,18,20,-0.11937215620386517,-0.11696353653758668,0.025856437475578656,0.6064059603242712
dog,1/2,crh,19,20,-0.10210568426851378,-0.10400516496962137,0.02604799967074768,0.6064059603242712
dog,1/2,crh,20,20,-0.0996593133863917,-0.09808974828591444,0.024232047113635555,0.6064059603242712
dog,1/2,pptd_liang,1,20,-0.11077077720528897,-0.10654020809692161,0.023539129018023852,0.6064059603242712
dog,1/2,pptd_liang,2,20,-0.0931944992615091,-0.09464679405900572,0.019392961795450456,0.6064059603242712
dog,1/2,pptd_liang,3,20,-0.1005218386465689,-0.10207917574859832,0.02254949465179449,0.6064059603242712
dog,1/2,pptd_liang,4,20,-0.1471024209855129,-0.1477637042868351,0.027306469897425197,0.6064059603242712
dog,1/2,pptd_liang,5,20,-0.11577447687027417,-0.11002251301918792,0.024687375768778632,0.6064059603242712
dog,1/2,pptd_liang,6,20,-0.08592596431678359,-0.08243870722428526,0.02116823787217111,0.6064059603242712
dog,1/2,pptd_liang,7,20,-0.10640637204893628,-0.10671040798686221,0.024593657655758504,0.6064059603242712
dog,1/2,pptd_liang,8,20,-0.13481095722352254,-0.1327534427091122,0.026402583158812096,0.6064059603242712
dog,1/2,pptd_liang,9,20,-0.13455983925776516,-0.13124611712914963,0.03149012741143685,0.6064059603242712
dog,1/2,pptd_liang,10,20,-0.10274518438874136,-0.10237600441415828,0.024013084976201447,0.6064059603242712
dog,1/2,pptd_liang,11,20,-0.09657717339256675,-0.09577559183239026,0.02200286399054236,0.6064059603242712
dog,1/2,pptd_liang,12,20,-0.1428517608680878,-0.1395513906706023,0.02962214142326036,0.6064059603242712
dog,1/2,pptd_liang,13,20,-0.09788151763167023,-0.09686569277816859,0.02442055608177394,0.6064059603242712
dog,1/2,pptd_liang,14,20,-0.10226901403956398,-0.10327254849157697,0.025873907977299423,0.6064059603242712
dog,1/2,pptd_liang,15,20,-0.10327339937190745,-0.10580753112991703,0.021675823349260142,0.6064059603242712
dog,1/2,pptd_liang,16,20,-0.12935211132507438,-0.12387570993403274,0.02981173113043875,0.6064059603242712
dog,1/2,pptd_liang,17,20,-0.07052693712184949,-0.07184534754938993,0.017258459027797976,0.6064059603242712
dog,1/2,pptd_liang,18,20,-0.11949761864058246,-0.11696353653758668,0.025948420537738496,0.6064059603242712
dog,1/2,pptd_liang,19,20,-0.10223384911707374,-0.10405644243109835,0.02612517418525184,0.6064059603242712
dog,1/2,pptd_liang,20,20,-0.099782496371379,-0.09827801526228364,0.024277726178047136,0.6064059603242712
dog,1/2,tqpp_liu,1,20,-0.09257294895136117,-0.0871867635204625,0.021264249806127764,0.6064059603242712
dog,1/2,tqpp_liu,2,20,-0.07484567966725997,-0.07459040382672721,0.018602347963658762,0.6064059603242712
dog,1/2,tqpp_liu,3,20,-0.0818999785749909,-0.0798951304681953,0.02191809057939345,0.6064059603242712
dog,1/2,tqpp_liu,4,20,-0.12880644077062592,-0.1328484968189828,0.025160180307685753,0.6064059603242712
dog,1/2,tqpp_liu,5,20,-0.09730110406613968,-0.09378342538690893,0.02285050013544325,0.6064059603242712
dog,1/2,tqpp_liu,6,20,-0.06784568482215168,-0.06393434647575313,0.018611571627002967,0.6064059603242712
dog,1/2,tqpp_liu,7,20,-0.08785793033605338,-0.08797162545872866,0.02346815697589934,0.6064059603242712
dog,1/2,tqpp_liu,8,20,-0.11600673671716691,-0.11684956706582156,0.02456491882699124,0.6064059603242712
dog,1/2,tqpp_liu,9,20,-0.11635000663050218,-0.1188521734335935,0.029266089396932385,0.6064059603242712
dog,1/2,tqpp_liu,10,20,-0.0843993078345543,-0.08091358365228335,0.022165478697128926,0.6064059603242712
dog,1/2,tqpp_liu,11,20,-0.07774355053304416,-0.0768317620440403,0.01973888014169207,0.6064059603242712
dog,1/2,tqpp_liu,12,20,-0.12434045200020427,-0.12621748285159812,0.027863881891177923,0.6064059603242712
dog,1/2,tqpp_liu,13,20,-0.07982414499010479,-0.08032589944896956,0.023027279918593428,0.6064059603242712
dog,1/2,tqpp_liu,14,20,-0.0837067091075358,-0.08303191712253,0.02440156475734703,0.6064059603242712
dog,1/2,tqpp_liu,15,20,-0.08451155198814471,-0.08427059963453093,0.019222306996956942,0.6064059603242712
dog,1/2,tqpp_liu,16,20,-0.11066552746591654,-0.10883044909001799,0.02792908036968035,0.6064059603242712
dog,1/2,tqpp_liu,17,20,-0.05232074318035631,-0.052176725643165056,0.014960311714916224,0.6064059603242712
dog,1/2,tqpp_liu,18,20,-0.10050210686517384,-0.0983687179121227,0.023914883112682774,0.6064059603242712
dog,1/2,tqpp_liu,19,20,-0.08376555562720013,-0.08855274386636314,0.024658593327700234,0.6064059603242712
dog,1/2,tqpp_liu,20,20,-0.08183673606678861,-0.08382954566307105,0.022228622388424817,0.6064059603242712
dog,3/10,crh,1,20,-0.03524578688667808,-0.03037759198402723,0.020978952613232866,0.7441859778733776
dog,3/10,crh,2,20,-0.030905867728433373,-0.028426936366999167,0.019934382076366434,0.7441859778733776
dog,3/10,crh,3,20,-0.034125952951293274,-0.030205502157886255,0.014851832641864066,0.7441859778733776
dog,3/10,crh,4,20,-0.05166329681466549,-0.045543183233952234,0.027036225752057177,0.7441859778733776
dog,3/10,crh,5,20,-0.03847303705039685,-0.035964545347285104,0.019526761236765486,0.7441859778733776
dog,3/10,crh,6,20,-0.032022497698264055,-0.026509946869352263,0.018208816546398218,0.7441859778733776
dog,3/10,crh,7,20,-0.041585570794830704,-0.03500308924042572,0.01841215795671649,0.7441859778733776
dog,3/10,crh,8,20,-0.04787031542824556,-0.0417354048959791,0.02224988027947194,0.7441859778733776
dog,3/10,crh,9,20,-0.046288612590265996,-0.035584591779991126,0.02591030939934641,0.7441859778733776
dog,3/10,crh,10,20,-0.03614707545301939,-0.03206905939820004,0.018780234682074383,0.7441859778733776
dog,3/10,crh,11,20,-0.03253566784365192,-0.030013803124042504,0.015636093759887598,0.7441859778733776
dog,3/10,crh,12,20,-0.04961982185771818,-0.04642748083715548,0.023555846507507937,0.7441859778733776
dog,3/10,crh,13,20,-0.037522414998528625,-0.030027215268779606,0.018549538772628403,0.7441859778733776
dog,3/10,crh,14,20,-0.037584179798633585,-0.032857295894937466,0.019036398849055742,0.7441859778733776
dog,3/10,crh,15,20,-0.03617384418705074,-0.030231211642357092,0.020510095243552018,0.7441859778733776
dog,3/10,crh,16,20,-0.048412556615556324,-0.04351268806430719,0.022312980020011475,0.7441859778733776
dog,3/10,crh,17,20,-0.023910094764796802,-0.021576881526660985,0.014138498766129364,0.7441859778733776
dog,3/10,crh,18,20,-0.042574440971899344,-0.03836200454839245,0.022039936981178208,0.7441859778733776
dog,3/10,crh,19,20,-0.034078121241558526,-0.028242679279758542,0.019996505809326562,0.7441859778733776
dog,3/10,crh,20,20,-0.031567092115826555,-0.028324393325898367,0.017707285190678358,0.7441859778733776
dog,3/10,pptd_liang,1,20,-0.035366207865626,-0.03069980589637067,0.021111289795239768,0.7441859778733776
dog,3/10,pptd_liang,2,20,-0.031027993220171236,-0.029011933309007254,0.0200515143105938,0.7441859778733776
dog,3/10,pptd_liang,3,20,-0.034245120618088154,-0.030205502157886255,0.014928441211924711,0.7441859778733776
dog,3/10,pptd_liang,4,20,-0.05178480435100109,-0.045543183233952234,0.02720331937165883,0.7441859778733776
dog,3/10,pptd_liang,5,20,-0.03859359438657009,-0.035964545347285104,0.01961091083769147,0.7441859778733776
dog,3/10,pptd_liang,6,20,-0.032142303624486536,-0.026509946869352263,0.018268306574876228,0.7441859778733776
dog,3/10,pptd_liang,7,20,-0.04170501634995268,-0.03540187575253567,0.01849173352635934,0.7441859778733776
dog,3/10,pptd_liang,8,20,-0.04798864556404805,-0.0417354048959791,0.02236793994934881,0.7441859778733776
dog,3/10,pptd_liang,9,20,-0.04640987753059951,-0.035584591779991126,0.026018727788617017,0.7441859778733776
dog,3/10,pptd_liang,10,20,-0.036268266714531136,-0.03206905939820004,0.018870146177762476,0.7441859778733776
dog,3/10,pptd_liang,11,20,-0.03265636244908794,-0.03053715716118144,0.015785290650883986,0.7441859778733776
dog,3/10,pptd_liang,12,20,-0.04974095210819998,-0.04642748083715548,0.023686356217231693,0.7441859778733776
dog,3/10,pptd_liang,13,20,-0.037585112187484074,-0.030027215268779606,0.01867888531617647,0.7441859778733776
dog,3/10,pptd_liang,14,20,-0.03764170965673207,-0.03343259447592223,0.0190217222540431,0.7441859778733776
dog,3/10,pptd_liang,15,20,-0.03629532458004047,-0.030231211642357092,0.020624773026188745,0.7441859778733776
dog,3/10,pptd_liang,16,20,-0.04853397160274879,-0.04351268806430719,0.022439280007910057,0.7441859778733776
dog,3/10,pptd_liang,17,20,-0.023971358200501298,-0.021576881526660985,0.01425512577885332,0.7441859778733776
dog,3/10,pptd_liang,18,20,-0.042695519380980235,-0.03836200454839245,0.022207185152318835,0.7441859778733776
dog,3/10,pptd_liang,19,20,-0.03420034214606783,-0.028242679279758542,0.02006686846495357,0.7441859778733776
dog,3/10,pptd_liang,20,20,-0.03168788643118522,-0.028324393325898367,0.017838623928808726,0.7441859778733776
dog,3/10,tqpp_liu,1,20,-0.0322774867902112,-0.0309700499756268,0.016674886475548916,0.7441859778733776
dog,3/10,tqpp_liu,2,20,-0.027792345552385266,-0.02630205010027903,0.015813602604414816,0.7441859778733776
dog,3/10,tqpp_liu,3,20,-0.0299655760460042,-0.026050655809716494,0.010717419150663167,0.7441859778733776
dog,3/10,tqpp_liu,4,20,-0.048026985057877954,-0.04378751141086723,0.02170818376299134,0.7441859778733776
dog,3/10,tqpp_liu,5,20,-0.03487966287318724,-0.029766009790712034,0.016360464357824712,0.7441859778733776
dog,3/10,tqpp_liu,6,20,-0.02831558276901151,-0.026404011293042984,0.013535467452697871,0.7441859778733776
dog,3/10,tqpp_liu,7,20,-0.03765664942558373,-0.03566033450380707,0.01541451125371332,0.7441859778733776
dog,3/10,tqpp_liu,8,20,-0.04362699237811466,-0.03546709174538565,0.019546836763745277,0.7441859778733776
dog,3/10,tqpp_liu,9,20,-0.04293324312236143,-0.03711197073394873,0.02141934376417219,0.7441859778733776
dog,3/10,tqpp_liu,10,20,-0.032832031489053295,-0.03155938826547261,0.01352620258290142,0.7441859778733776
dog,3/10,tqpp_liu,11,20,-0.02799166050526126,-0.027979992389495723,0.01226062974346461,0.7441859778733776
dog,3/10,tqpp_liu,12,20,-0.045728744884785594,-0.041455495286934985,0.019989608545713997,0.7441859778733776
dog,3/10,tqpp_liu,13,20,-0.0334771913544218,-0.03012879948974506,0.014664620897429493,0.7441859778733776
dog,3/10,tqpp_liu,14,20,-0.034105725195914746,-0.032098732376514116,0.015949095722408525,0.7441859778733776
dog,3/10,tqpp_liu,15,20,-0.03311761973172801,-0.02875236226099448,0.015488330251051513,0.7441859778733776
dog,3/10,tqpp_liu,16,20,-0.0440999037347616,-0.04136470777420109,0.017073368089256077,0.7441859778733776
dog,3/10,tqpp_liu,17,20,-0.020270421623767416,-0.021638979922572465,0.010685506304751386,0.7441859778733776
dog,3/10,tqpp_liu,18,20,-0.03882709009061393,-0.033647500177135026,0.019249777394244234,0.7441859778733776
dog,3/10,tqpp_liu,19,20,-0.030909965066013435,-0.029654854164233357,0.015067287237154243,0.7441859778733776
dog,3/10,tqpp_liu,20,20,-0.028533601281482336,-0.02643926900854182,0.013831206924975487,0.7441859778733776
dog,7/10,crh,1,20,-0.11077694035329118,-0.11241268724488379,0.01928735484354814,0.2847614225524373
dog,7/10,crh,2,20,-0.08471436547238921,-0.08275938144425737,0.017825097685698996,0.2847614225524373
dog,7/10,crh,3,20,-0.09194064510713965,-0.09147824942619642,0.01927707678028244,0.2847614225524373
dog,7/10,crh,4,20,-0.1432517806625552,-0.15100058636846064,0.02631544201251822,0.2847614225524373
dog,7/10,crh,5,20,-0.10980313193853544,-0.11127982312039686,0.02192027336780315,0.2847614225524373
dog,7/10,crh,6,20,-0.0773228337289602,-0.0732751130481652,0.020547709966610945,0.2847614225524373
dog,7/10,crh,7,20,-0.10031892519695633,-0.09764743240446194,0.021233016569820632,0.2847614225524373
dog,7/10,crh,8,20,-0.13021328469729332,-0.1321254384274726,0.026093098894124648,0.2847614225524373
dog,7/10,crh,9,20,-0.1232777330931881,-0.12585564245936198,0.023323822944634188,0.2847614225524373
dog,7/10,crh,10,20,-0.09377897054797764,-0.0952561709522054,0.01914094108597073,0.2847614225524373
dog,7/10,crh,11,20,-0.08528709247868935,-0.08533321892812357,0.018994499952043244,0.2847614225524373
dog,7/10,crh,12,20,-0.14190430056682263,-0.14208475714265872,0.02474405246515235,0.2847614225524373
dog,7/10,crh,13,20,-0.08803803311562428,-0.09083797498641955,0.016735362005623408,0.2847614225524373
dog,7/10,crh,14,20,-0.09880112358286852,-0.10094921079099839,0.019606999193333027,0.2847614225524373
dog,7/10,crh,15,20,-0.08919616376894586,-0.0924420910744092,0.021175480258740796,0.2847614225524373
dog,7/10,crh,16,20,-0.1184056223420666,-0.11673463312566285,0.02338023846297167,0.2847614225524373
dog,7/10,crh,17,20,-0.06015527228626895,-0.06039867609690541,0.01503340848404548,0.2847614225524373
dog,7/10,crh,18,20,-0.11375328538220211,-0.11864235910039556,0.020219434337198066,0.2847614225524373
dog,7/10,crh,19,20,-0.09754316017890023,-0.09526393379098763,0.02133807224362101,0.2847614225524373
dog,7/10,crh,20,20,-0.09937797762214713,-0.09911355377628661,0.020188832255927623,0.2847614225524373
dog,7/10,pptd_liang,1,20,-0.11078758422347232,-0.11241268724488379,0.019484080968036922,0.2847614225524373
dog,7/10,pptd_liang,2,20,-0.08478035891739144,-0.08275938144425737,0.017830126693671722,0.2847614225524373
dog,7/10,pptd_liang,3,20,-0.09200206928964098,-0.09146301476046986,0.019182506746371987,0.2847614225524373
dog,7/10,pptd_liang,4,20,-0.1433188391762284,-0.15088484638494454,0.0262236803250966,0.2847614225524373
dog,7/10,pptd_liang,5,20,-0.10986751791463015,-0.11127982312039686,0.021979001496078406,0.2847614225524373
dog,7/10,pptd_liang,6,20,-0.07738664025185196,-0.0732751130481652,0.0205759763559769,0.2847614225524373
dog,7/10,pptd_liang,7,20,-0.10037826178272669,-0.09746164006564284,0.021152587215200972,0.2847614225524373
dog,7/10,pptd_liang,8,20,-0.1302751707390995,-0.1321254384274726,0.02615739077919441,0.2847614225524373
dog,7/10,pptd_liang,9,20,-0.1232877773954348,-0.12591536899553463,0.02357626102700002,0.2847614225524373
dog,7/10,pptd_liang,10,20,-0.09384378175356081,-0.0952561709522054,0.019124281445908102,0.2847614225524373
dog,7/10,pptd_liang,11,20,-0.08535694330267282,-0.08533321892812357,0.018952111981162444,0.2847614225524373
dog,7/10,pptd_liang,12,20,-0.14196571075999817,-0.14208475714265872,0.024817168126177697,0.2847614225524373
dog,7/10,pptd_liang,13,20,-0.08793860089148352,-0.09066668014101109,0.01674642826206997,0.2847614225524373
dog,7/10,pptd_liang,14,20,-0.09895166679662003,-0.10094921079099839,0.01952887429375379,0.2847614225524373
dog,7/10,pptd_liang,15,20,-0.08926438651134146,-0.09276426459943055,0.021118167974298607,0.2847614225524373
dog,7/10,pptd_liang,16,20,-0.11861215521921994,-0.11673463312566285,0.023205443529526706,0.2847614225524373
dog,7/10,pptd_liang,17,20,-0.0600037487555382,-0.06007481459354552,0.014922796228851128,0.2847614225524373
dog,7/10,pptd_liang,18,20,-0.11382066941204075,-0.11864235910039556,0.020267448410664853,0.2847614225524373
dog,7/10,pptd_liang,19,20,-0.09760363558737106,-0.09526393379098763,0.021409226691444218,0.2847614225524373
dog,7/10,pptd_liang,20,20,-0.099438532750907,-0.09840593518610624,0.020116158055097824,0.2847614225524373
dog,7/10,tqpp_liu,1,20,-0.09121277442794862,-0.09066709139851414,0.01657167889329523,0.2847614225524373
dog,7/10,tqpp_liu,2,20,-0.06502825823389607,-0.06427825738210108,0.014865273542535742,0.2847614225524373
dog,7/10,tqpp_liu,3,20,-0.0727580406896724,-0.06872539707232783,0.017128454894178337,0.2847614225524373
dog,7/10,tqpp_liu,4,20,-0.12433660085309009,-0.12623118285053597,0.023171577713886612,0.2847614225524373
dog,7/10,tqpp_liu,5,20,-0.0906095959877667,-0.08580474341020838,0.019331415942346466,0.2847614225524373
dog,7/10,tqpp_liu,6,20,-0.058205243047170854,-0.05870089737608686,0.018409393951188745,0.2847614225524373
dog,7/10,tqpp_liu,7,20,-0.0819236474738652,-0.07936093451366216,0.019698904550612253,0.2847614225524373
dog,7/10,tqpp_liu,8,20,-0.11095075971996748,-0.10930350183777582,0.023028870725427312,0.2847614225524373
dog,7/10,tqpp_liu,9,20,-0.10437272101508535,-0.1067979882756413,0.02058311091203516,0.2847614225524373
dog,7/10,tqpp_liu,10,20,-0.07458256057604468,-0.07233483267657398,0.016658210914642674,0.2847614225524373
dog,7/10,tqpp_liu,11,20,-0.06583755505671542,-0.06733703655340989,0.01666308096711334,0.2847614225524373
dog,7/10,tqpp_liu,12,20,-0.12260824159091258,-0.12363852079005494,0.021604578078153636,0.2847614225524373
dog,7/10,tqpp_liu,13,20,-0.06908813341362827,-0.0689122291894399,0.013504963284630564,0.2847614225524373
dog,7/10,tqpp_liu,14,20,-0.07953130368182855,-0.07982049712533734,0.016216136358667296,0.2847614225524373
dog,7/10,tqpp_liu,15,20,-0.07024652573181903,-0.06491582164299814,0.017994582807541713,0.2847614225524373
dog,7/10,tqpp_liu,16,20,-0.09916635024207285,-0.097927339654441,0.020776696129796504,0.2847614225524373
dog,7/10,tqpp_liu,17,20,-0.0412468018228133,-0.03827780086386817,0.013466780341029952,0.2847614225524373
dog,7/10,tqpp_liu,18,20,-0.09433289517855357,-0.09463800336777167,0.01782021822523393,0.2847614225524373
dog,7/10,tqpp_liu,19,20,-0.07794736115755903,-0.0763686766428851,0.018109587251035737,0.2847614225524373
dog,7/10,tqpp_liu,20,20,-0.08048063671371564,-0.07811523954802341,0.018229227696431625,0.2847614225524373
dog,9/10,crh,1,20,-0.029394623286243364,-0.025305073473572415,0.012242448887765187,0.11378623153913037
dog,9/10,crh,2,20,-0.023196787976799242,-0.02198241478040447,0.012293546397738338,0.11378623153913037
dog,9/10,crh,3,20,-0.022241224523101157,-0.017850283530496225,0.01291940617568988,0.11378623153913037
dog,9/10,crh,4,20,-0.039591123129128415,-0.03636947639070243,0.016745176462581373,0.11378623153913037
dog,9/10,crh,5,20,-0.026337191297171537,-0.025190792082945557,0.012906816931890485,0.11378623153913037
dog,9/10,crh,6,20,-0.021686026295633105,-0.01973907623307264,0.00966493136348297,0.11378623153913037
dog,9/10,crh,7,20,-0.02429699257546728,-0.02056499012745877,0.01195464873174484,0.11378623153913037
dog,9/10,crh,8,20,-0.03481928243127476,-0.031322843109596654,0.014346079957755876,0.11378623153913037
dog,9/10,crh,9,20,-0.034876330205848176,-0.03341999134447193,0.012269147275075066,0.11378623153913037
dog,9/10,crh,10,20,-0.028011013287857756,-0.02397333262951573,0.011467700221806492,0.11378623153913037
dog,9/10,crh,11,20,-0.023914540470877165,-0.02172877113399535,0.01052472889381438,0.11378623153913037
dog,9/10,crh,12,20,-0.04156131108966226,-0.03530307755916667,0.017981921157280475,0.11378623153913037
dog,9/10,crh,13,20,-0.025093013182570928,-0.02445922053314742,0.009229169031035218,0.11378623153913037
dog,9/10,crh,14,20,-0.026628458879659332,-0.022064276409337502,0.012909204751066985,0.11378623153913037
dog,9/10,crh,15,20,-0.022453596676904303,-0.021741231407506556,0.010067290628066322,0.11378623153913037
dog,9/10,crh,16,20,-0.03769128648725827,-0.035653646855315024,0.013275327922152674,0.11378623153913037
dog,9/10,crh,17,20,-0.01572458070361919,-0.013959263418640844,0.009190342747812339,0.11378623153913037
dog,9/10,crh,18,20,-0.028272715910602503,-0.023004223664696344,0.01541334698771933,0.11378623153913037
dog,9/10,crh,19,20,-0.024617510811236837,-0.026193131986267437,0.010284212358408843,0.11378623153913037
dog,9/10,crh,20,20,-0.027494731288108486,-0.02275473415278545,0.015248708776945627,0.11378623153913037
dog,9/10,pptd_liang,1,20,-0.029444781285658334,-0.025305073473572415,0.01220199541122293,0.11378623153913037
dog,9/10,pptd_liang,2,20,-0.023309750367119575,-0.022065663369281674,0.012219961951323821,0.11378623153913037
dog,9/10,pptd_liang,3,20,-0.02235044576673138,-0.017850283530496225,0.012848984263122656,0.11378623153913037
dog,9/10,pptd_liang,4,20,-0.03970224385380492,-0.03684258661131995,0.01667785102190469,0.11378623153913037
dog,9/10,pptd_liang,5,20,-0.026446397970276987,-0.02576507407690176,0.01283770403216887,0.11378623153913037
dog,9/10,pptd_liang,6,20,-0.02179582296205722,-0.02091206915506938,0.009645984237739344,0.11378623153913037
dog,9/10,pptd_liang,7,20,-0.024405061698923182,-0.02056499012745877,0.011856910458535309,0.11378623153913037
dog,9/10,pptd_liang,8,20,-0.03492793142985992,-0.0317161226210641,0.014315081212193718,0.11378623153913037
dog,9/10,pptd_liang,9,20,-0.034926551210757786,-0.03341999134447193,0.012257123057155556,0.11378623153913037
dog,9/10,pptd_liang,10,20,-0.02812097412055122,-0.02436593192595221,0.011387995366368971,0.11378623153913037
dog,9/10,pptd_liang,11,20,-0.024032072958943978,-0.02172877113399535,0.01046584730091099,0.11378623153913037
dog,9/10,pptd_liang,12,20,-0.04167044053300242,-0.035341845106129255,0.017921470510487654,0.11378623153913037
dog,9/10,pptd_liang,13,20,-0.025145523811262716,-0.02445922053314742,0.009174783886994567,0.11378623153913037
dog,9/10,pptd_liang,14,20,-0.026736502480807573,-0.022433493331521226,0.012811947881864998,0.11378623153913037
dog,9/10,pptd_liang,15,20,-0.022564515059444974,-0.022015870323030984,0.009999383865785179,0.11378623153913037
dog,9/10,pptd_liang,16,20,-0.037801402974513204,-0.03623211362371742,0.013209631936698255,0.11378623153913037
dog,9/10,pptd_liang,17,20,-0.015716891135163107,-0.013923307716066424,0.009189832204914587,0.11378623153913037
dog,9/10,pptd_liang,18,20,-0.028383550874329873,-0.023004223664696344,0.015337070330294945,0.11378623153913037
dog,9/10,pptd_liang,19,20,-0.024726658240295553,-0.026193131986267437,0.010251529562957568,0.11378623153913037
dog,9/10,pptd_liang,20,20,-0.027603759818068757,-0.0232790760696871,0.015204225500601938,0.11378623153913037
dog,9/10,tqpp_liu,1,20,-0.017961967492962045,-0.017351852015777602,0.008468149648327608,0.11378623153913037
dog,9/10,tqpp_liu,2,20,-0.011916594100365796,-0.011869629302331264,0.009586475422990714,0.11378623153913037
dog,9/10,tqpp_liu,3,20,-0.01082999417436466,-0.009131242541469797,0.011171969314932606,0.11378623153913037
dog,9/10,tqpp_liu,4,20,-0.028518660983369044,-0.023186464390934636,0.013848780517800556,0.11378623153913037
dog,9/10,tqpp_liu,5,20,-0.015113014107652516,-0.013177444224476198,0.01020491035731574,0.11378623153913037
dog,9/10,tqpp_liu,6,20,-0.009793066072278301,-0.009588113839101298,0.007076526453464012,0.11378623153913037
dog,9/10,tqpp_liu,7,20,-0.012898883686751994,-0.013383662753255532,0.008761190460131438,0.11378623153913037
dog,9/10,tqpp_liu,8,20,-0.023519766922803987,-0.02241593039231332,0.011865502847480489,0.11378623153913037
dog,9/10,tqpp_liu,9,20,-0.023112553153372135,-0.021466085346734998,0.011218522738526998,0.11378623153913037
dog,9/10,tqpp_liu,10,20,-0.01708799745949926,-0.017162013553472744,0.007535962969888014,0.11378623153913037
dog,9/10,tqpp_liu,11,20,-0.012149284076435073,-0.011561163896628812,0.007206954887293021,0.11378623153913037
dog,9/10,tqpp_liu,12,20,-0.03002437419748898,-0.027731224211782535,0.015023407691844768,0.11378623153913037
dog,9/10,tqpp_liu,13,20,-0.014006339915437028,-0.012964646018909065,0.006146092380491574,0.11378623153913037
dog,9/10,tqpp_liu,14,20,-0.01586075866128857,-0.013813270132514877,0.009297926473363027,0.11378623153913037
dog,9/10,tqpp_liu,15,20,-0.01063144538506428,-0.011582863137630017,0.007314277040362747,0.11378623153913037
dog,9/10,tqpp_liu,16,20,-0.026513465461907047,-0.0250882099866222,0.011087877979254056,0.11378623153913037
dog,9/10,tqpp_liu,17,20,-0.004496078625100241,-0.003827616584834659,0.0058210553561048135,0.11378623153913037
dog,9/10,tqpp_liu,18,20,-0.017330214465352756,-0.016058618353552823,0.012072190122394556,0.11378623153913037
dog,9/10,tqpp_liu,19,20,-0.013488413095460162,-0.012342461660621473,0.00825446411259156,0.11378623153913037
dog,9/10,tqpp_liu,20,20,-0.01573153900219263,-0.013993850894311821,0.011280197234584637,0.11378623153913037
duck,1/10,crh,1,20,-0.008490566037735852,-0.009433962264150941,0.008040015341762179,0.7884615384615384
duck,1/10,crh,2,20,0.014423076923076933,0.009615384615384692,0.009095243297374201,0.7884615384615384
duck,1/10,crh,3,20,0.003365384615384609,0.0,0.011786718636637005,0.7884615384615384
duck,1/10,crh,4,20,0.005288461538461536,0.004807692307692291,0.015114982842266759,0.7884615384615384
duck,1/10,crh,5,20,0.023557692307692314,0.024038461538461564,0.009602724458985138,0.7884615384615384
duck,1/10,crh,6,20,-0.004411764705882354,-0.009803921568627416,0.011234617809508471,0.7884615384615384
duck,1/10,crh,7,20,-0.00809523809523811,-0.00952380952380949,0.008334228380146868,0.7884615384615384
duck,1/10,crh,8,20,-0.02425742574257427,-0.02475247524752472,0.012636655688729358,0.7884615384615384
duck,1/10,crh,9,20,-0.03155339805825241,-0.03883495145631066,0.012550407859800848,0.7884615384615384
duck,1/10,crh,10,20,0.008571428571428568,0.00952380952380949,0.00972224353398173,0.7884615384615384
duck,1/10,crh,11,20,0.019711538461538464,0.019230769230769273,0.012272136774631386,0.7884615384615384
duck,1/10,crh,12,20,-0.0030612244897959217,0.0,0.013283883546178649,0.7884615384615384
duck,1/10,crh,13,20,0.0,0.0,0.016997922282751543,0.7884615384615384
duck,1/10,crh,14,20,-0.0030000000000000083,0.0,0.011285761872936699,0.7884615384615384
duck,1/10,crh,15,20,-0.013861386138613868,-0.00990099009900991,0.008738415348099882,0.7884615384615384
duck,1/10,crh,16,20,-0.007000000000000011,-0.0050000000000000044,0.011285761872936697,0.7884615384615384
duck,1/10,crh,17,20,-0.008571428571428574,-0.00952380952380949,0.008116586916445625,0.7884615384615384
duck,1/10,crh,18,20,-0.0067010309278350555,-0.010309278350515427,0.009621670149347748,0.7884615384615384
duck,1/10,crh,19,20,-0.013106796116504848,-0.009708737864077666,0.011036000793869233,0.7884615384615384
duck,1/10,crh,20,20,0.0004807692307692402,0.0,0.007299563985733168,0.7884615384615384
duck,1/10,pptd_liang,1,20,-0.008490566037735852,-0.009433962264150941,0.008040015341762179,0.7884615384615384
duck,1/10,pptd_liang,2,20,0.014423076923076933,0.009615384615384692,0.009095243297374201,0.7884615384615384
duck,1/10,pptd_liang,3,20,0.003365384615384609,0.0,0.011786718636637005,0.7884615384615384
duck,1/10,pptd_liang,4,20,0.005288461538461536,0.004807692307692291,0.015114982842266759,0.7884615384615384
duck,1/10,pptd_liang,5,20,0.023557692307692314,0.024038461538461564,0.009602724458985138,0.7884615384615384
duck,1/10,pptd_liang,6,20,-0.004411764705882354,-0.009803921568627416,0.011234617809508471,0.7884615384615384
duck,1/10,pptd_liang,7,20,-0.00809523809523811,-0.00952380952380949,0.008334228380146868,0.7884615384615384
duck,1/10,pptd_liang,8,20,-0.02425742574257427,-0.02475247524752472,0.012636655688729358,0.7884615384615384
duck,1/10,pptd_liang,9,20,-0.03155339805825241,-0.03883495145631066,0.012550407859800848,0.7884615384615384
duck,1/10,pptd_liang,10,20,0.008571428571428568,0.00952380952380949,0.00972224353398173,0.7884615384615384
duck,1/10,pptd_liang,11,20,0.019711538461538464,0.019230769230769273,0.012272136774631386,0.7884615384615384
duck,1/10,pptd_liang,12,20,-0.0030612244897959217,0.0,0.013283883546178649,0.7884615384615384
duck,1/10,pptd_liang,13,20,0.0,0.0,0.016997922282751543,0.7884615384615384
duck,1/10,pptd_liang,14,20,-0.0030000000000000083,0.0,0.011285761872936699,0.7884615384615384
duck,1/10,pptd_liang,15,20,-0.013861386138613868,-0.00990099009900991,0.008738415348099882,0.7884615384615384
duck,1/10,pptd_liang,16,20,-0.007000000000000011,-0.0050000000000000044,0.011285761872936697,0.7884615384615384
duck,1/10,pptd_liang,17,20,-0.008571428571428574,-0.00952380952380949,0.008116586916445625,0.7884615384615384
duck,1/10,pptd_liang,18,20,-0.0067010309278350555,-0.010309278350515427,0.009621670149347748,0.7884615384615384
duck,1/10,pptd_liang,19,20,-0.013106796116504848,-0.009708737864077666,0.011036000793869233,0.7884615384615384
duck,1/10,pptd_liang,20,20,0.0004807692307692402,0.0,0.007299563985733168,0.7884615384615384
duck,1/10,tqpp_liu,1,20,0.021226415094339625,0.009433962264150941,0.04338057228127778,0.7884615384615384
duck,1/10,tqpp_liu,2,20,0.04086538461538463,0.038461538461538436,0.04195600515697939,0.7884615384615384
duck,1/10,tqpp_liu,3,20,0.034134615384615374,0.028846153846153855,0.03964217776388672,0.7884615384615384
duck,1/10,tqpp_liu,4,20,0.03557692307692308,0.028846153846153855,0.04080654850018912,0.7884615384615384
duck,1/10,tqpp_liu,5,20,0.05528846153846154,0.04807692307692313,0.04366106879913332,0.7884615384615384
duck,1/10,tqpp_liu,6,20,0.0284313725490196,0.02450980392156854,0.038943846254990755,0.7884615384615384
duck,1/10,tqpp_liu,7,20,0.023809523809523798,0.014285714285714346,0.04231063412564944,0.7884615384615384
duck,1/10,tqpp_liu,8,20,0.013366336633663356,0.004950495049504955,0.042040106898328,0.7884615384615384
duck,1/10,tqpp_liu,9,20,0.0,-0.004854368932038833,0.046721019726775496,0.7884615384615384
duck,1/10,tqpp_liu,10,20,0.0338095238095238,0.023809523809523836,0.033060104681351975,0.7884615384615384
duck,1/10,tqpp_liu,11,20,0.05096153846153846,0.04326923076923078,0.04278576050247498,0.7884615384615384
duck,1/10,tqpp_liu,12,20,0.030612244897959183,0.02551020408163268,0.044045217086600814,0.7884615384615384
duck,1/10,tqpp_liu,13,20,0.03267326732673268,0.024752475247524774,0.04102454793468095,0.7884615384615384
duck,1/10,tqpp_liu,14,20,0.022499999999999992,0.015000000000000013,0.03640054944640259,0.7884615384615384
duck,1/10,tqpp_liu,15,20,0.01683168316831683,0.014851485148514865,0.044638332257622,0.7884615384615384
duck,1/10,tqpp_liu,16,20,0.024999999999999994,0.015000000000000013,0.04186444289546164,0.7884615384615384
duck,1/10,tqpp_liu,17,20,0.01809523809523809,0.01428571428571429,0.04235574142430772,0.7884615384615384
duck,1/10,tqpp_liu,18,20,0.019072164948453606,0.015463917525773196,0.03832282152249987,0.7884615384615384
duck,1/10,tqpp_liu,19,20,0.021844660194174748,0.01941747572815533,0.04282921023653473,0.7884615384615384
duck,1/10,tqpp_liu,20,20,0.020673076923076933,0.009615384615384692,0.042919186878418114,0.7884615384615384
duck,1/2,crh,1,20,-0.04858490566037736,-0.04716981132075476,0.026378716616572703,0.5769230769230769
duck,1/2,crh,2,20,-0.09278846153846154,-0.09134615384615385,0.043594146697517155,0.5769230769230769
duck,1/2,crh,3,20,-0.08701923076923077,-0.08653846153846145,0.03080005414621101,0.5769230769230769
duck,1/2,crh,4,20,-0.10769230769230771,-0.10576923076923078,0.03903918449301659,0.5769230769230769
duck,1/2,crh,5,20,-0.0875,-0.08173076923076927,0.04678424074606998,0.5769230769230769
duck,1/2,crh,6,20,-0.16274509803921572,-0.15196078431372556,0.05162331755668941,0.5769230769230769
duck,1/2,crh,7,20,-0.12095238095238096,-0.12380952380952376,0.04992893864234996,0.5769230769230769
duck,1/2,crh,8,20,-0.04356435643564358,-0.034653465346534684,0.05001302592180494,0.5769230769230769
duck,1/2,crh,9,20,-0.14368932038834947,-0.13592233009708737,0.04667852674870088,0.5769230769230769
duck,1/2,crh,10,20,-0.11428571428571428,-0.11428571428571427,0.04075900020101476,0.5769230769230769
duck,1/2,crh,11,20,-0.09423076923076923,-0.09134615384615385,0.0480870434692206,0.5769230769230769
duck,1/2,crh,12,20,-0.22193877551020408,-0.22448979591836726,0.040933639146060415,0.5769230769230769
duck,1/2,crh,13,20,-0.16831683168316838,-0.1683168316831683,0.061789927494660266,0.5769230769230769
duck,1/2,crh,14,20,-0.23600000000000004,-0.24000000000000005,0.06064564895227113,0.5769230769230769
duck,1/2,crh,15,20,-0.1995049504950496,-0.19801980198019797,0.05811299243892748,0.5769230769230769
duck,1/2,crh,16,20,-0.21150000000000002,-0.21500000000000002,0.05537194805656513,0.5769230769230769
duck,1/2,crh,17,20,-0.08523809523809525,-0.09523809523809523,0.03188399428831121,0.5769230769230769
duck,1/2,crh,18,20,-0.2252577319587629,-0.22680412371134018,0.0550898194672817,0.5769230769230769
duck,1/2,crh,19,20,-0.1485436893203883,-0.15048543689320382,0.0468376766367771,0.5769230769230769
duck,1/2,crh,20,20,-0.11009615384615383,-0.10576923076923078,0.041442548399124354,0.5769230769230769
duck,1/2,pptd_liang,1,20,-0.04858490566037736,-0.04716981132075476,0.026378716616572703,0.5769230769230769
duck,1/2,pptd_liang,2,20,-0.09278846153846154,-0.09134615384615385,0.043594146697517155,0.5769230769230769
duck,1/2,pptd_liang,3,20,-0.08701923076923077,-0.08653846153846145,0.03080005414621101,0.5769230769230769
duck,1/2,pptd_liang,4,20,-0.10769230769230771,-0.10576923076923078,0.03903918449301659,0.5769230769230769
duck,1/2,pptd_liang,5,20,-0.0875,-0.08173076923076927,0.04678424074606998,0.5769230769230769
duck,1/2,pptd_liang,6,20,-0.16274509803921572,-0.15196078431372556,0.05162331755668941,0.5769230769230769
duck,1/2,pptd_liang,7,20,-0.12095238095238096,-0.12380952380952376,0.04992893864234996,0.5769230769230769
duck,1/2,pptd_liang,8,20,-0.04356435643564358,-0.034653465346534684,0.05001302592180494,0.5769230769230769
duck,1/2,pptd_liang,9,20,-0.14368932038834947,-0.13592233009708737,0.04667852674870088,0.5769230769230769
duck,1/2,pptd_liang,10,20,-0.11428571428571428,-0.11428571428571427,0.04075900020101476,0.5769230769230769
duck,1/2,pptd_liang,11,20,-0.09423076923076923,-0.09134615384615385,0.0480870434692206,0.5769230769230769
duck,1/2,pptd_liang,12,20,-0.22193877551020408,-0.22448979591836726,0.040933639146060415,0.5769230769230769
duck,1/2,pptd_liang,13,20,-0.16831683168316838,-0.1683168316831683,0.061789927494660266,0.5769230769230769
duck,1/2,pptd_liang,14,20,-0.23600000000000004,-0.24000000000000005,0.06064564895227113,0.5769230769230769
duck,1/2,pptd_liang,15,20,-0.1995049504950496,-0.19801980198019797,0.05811299243892748,0.5769230769230769
duck,1/2,pptd_liang,16,20,-0.21150000000000002,-0.21500000000000002,0.05537194805656513,0.5769230769230769
duck,1/2,pptd_liang,17,20,-0.08523809523809525,-0.09523809523809523,0.03188399428831121,0.5769230769230769
duck,1/2,pptd_liang,18,20,-0.2252577319587629,-0.22680412371134018,0.0550898194672817,0.5769230769230769
duck,1/2,pptd_liang,19,20,-0.1485436893203883,-0.15048543689320382,0.0468376766367771,0.5769230769230769
duck,1/2,pptd_liang,20,20,-0.11009615384615383,-0.10576923076923078,0.041442548399124354,0.5769230769230769
duck,1/2,tqpp_liu,1,20,0.0759433962264151,0.06603773584905659,0.20638101107605863,0.5769230769230769
duck,1/2,tqpp_liu,2,20,0.028846153846153817,0.038461538461538436,0.1991202231880693,0.5769230769230769
duck,1/2,tqpp_liu,3,20,0.03701923076923076,0.009615384615384637,0.1997369367342519,0.5769230769230769
duck,1/2,tqpp_liu,4,20,0.015865384615384587,-0.004807692307692346,0.19755677843836408,0.5769230769230769
duck,1/2,tqpp_liu,5,20,0.030288461538461542,0.04326923076923078,0.1829524836075614,0.5769230769230769
duck,1/2,tqpp_liu,6,20,-0.038235294117647076,0.0,0.18612236467557794,0.5769230769230769
duck,1/2,tqpp_liu,7,20,0.006190476190476202,0.004761904761904745,0.19282449675730415,0.5769230769230769
duck,1/2,tqpp_liu,8,20,0.08910891089108912,0.09900990099009904,0.20603877885536814,0.5769230769230769
duck,1/2,tqpp_liu,9,20,-0.014077669902912615,-0.029126213592232997,0.20589259992520464,0.5769230769230769
duck,1/2,tqpp_liu,10,20,0.01428571428571428,0.00952380952380949,0.2027028252742168,0.5769230769230769
duck,1/2,tqpp_liu,11,20,0.02692307692307691,0.04807692307692302,0.1834392359490761,0.5769230769230769
duck,1/2,tqpp_liu,12,20,-0.0923469387755102,-0.061224489795918324,0.20366431553641373,0.5769230769230769
duck,1/2,tqpp_liu,13,20,-0.0504950495049505,-0.024752475247524774,0.18464190428290123,0.5769230769230769
duck,1/2,tqpp_liu,14,20,-0.11199999999999999,-0.06499999999999995,0.1987487173080092,0.5769230769230769
duck,1/2,tqpp_liu,15,20,-0.07524752475247523,-0.0643564356435643,0.20174709904079255,0.5769230769230769
duck,1/2,tqpp_liu,16,20,-0.08999999999999997,-0.04999999999999993,0.19133877368633226,0.5769230769230769
duck,1/2,tqpp_liu,17,20,0.04238095238095239,0.038095238095238015,0.21225099140224346,0.5769230769230769
duck,1/2,tqpp_liu,18,20,-0.0958762886597938,-0.0515463917525773,0.2054817069105098,0.5769230769230769
duck,1/2,tqpp_liu,19,20,-0.022330097087378632,-0.03883495145631066,0.2034840479563336,0.5769230769230769
duck,1/2,tqpp_liu,20,20,0.013942307692307693,0.019230769230769218,0.20017984264669467,0.5769230769230769
duck,3/10,crh,1,20,-0.020754716981132088,-0.018867924528301883,0.015786038236492,0.7596153846153846
duck,3/10,crh,2,20,-0.0009615384615384692,0.0,0.02373800078792779,0.7596153846153846
duck,3/10,crh,3,20,-0.0168269230769231,-0.019230769230769273,0.022898050014961948,0.7596153846153846
duck,3/10,crh,4,20,-0.013461538461538459,-0.019230769230769162,0.021703388217185943,0.7596153846153846
duck,3/10,crh,5,20,0.007211538461538464,0.009615384615384581,0.02493275759159314,0.7596153846153846
duck,3/10,crh,6,20,-0.021078431372549028,-0.02941176470588236,0.025101223675685527,0.7596153846153846
duck,3/10,crh,7,20,-0.032857142857142876,-0.038095238095238126,0.024226917867313714,0.7596153846153846
duck,3/10,crh,8,20,-0.023267326732673267,-0.01980198019801982,0.042040106898328024,0.7596153846153846
duck,3/10,crh,9,20,-0.06553398058252426,-0.07281553398058249,0.03147961185220708,0.7596153846153846
duck,3/10,crh,10,20,-0.022857142857142874,-0.02857142857142858,0.021496689281784172,0.7596153846153846
duck,3/10,crh,11,20,0.015865384615384604,0.019230769230769218,0.020522175456228902,0.7596153846153846
duck,3/10,crh,12,20,-0.0433673469387755,-0.04591836734693877,0.02384466232222377,0.7596153846153846
duck,3/10,crh,13,20,-0.0108910891089109,-0.01980198019801982,0.031293196685998656,0.7596153846153846
duck,3/10,crh,14,20,-0.03600000000000001,-0.040000000000000036,0.031187041843486352,0.7596153846153846
duck,3/10,crh,15,20,-0.05891089108910892,-0.05940594059405946,0.032038619707891264,0.7596153846153846
duck,3/10,crh,16,20,-0.0355,-0.030000000000000027,0.02981963323576917,0.7596153846153846
duck,3/10,crh,17,20,-0.03952380952380951,-0.04761904761904756,0.017824113145633144,0.7596153846153846
duck,3/10,crh,18,20,-0.0443298969072165,-0.05154639175257725,0.025930070591811783,0.7596153846153846
duck,3/10,crh,19,20,-0.04708737864077668,-0.04854368932038833,0.025449216298285154,0.7596153846153846
duck,3/10,crh,20,20,-0.023557692307692314,-0.024038461538461564,0.019600444814736554,0.7596153846153846
duck,3/10,pptd_liang,1,20,-0.020754716981132088,-0.018867924528301883,0.015786038236492,0.7596153846153846
duck,3/10,pptd_liang,2,20,-0.0009615384615384692,0.0,0.02373800078792779,0.7596153846153846
duck,3/10,pptd_liang,3,20,-0.0168269230769231,-0.019230769230769273,0.022898050014961948,0.7596153846153846
duck,3/10,pptd_liang,4,20,-0.013461538461538459,-0.019230769230769162,0.021703388217185943,0.7596153846153846
duck,3/10,pptd_liang,5,20,0.007211538461538464,0.009615384615384581,0.02493275759159314,0.7596153846153846
duck,3/10,pptd_liang,6,20,-0.021078431372549028,-0.02941176470588236,0.025101223675685527,0.7596153846153846
duck,3/10,pptd_liang,7,20,-0.032857142857142876,-0.038095238095238126,0.024226917867313714,0.7596153846153846
duck,3/10,pptd_liang,8,20,-0.023267326732673267,-0.01980198019801982,0.042040106898328024,0.7596153846153846
duck,3/10,pptd_liang,9,20,-0.06553398058252426,-0.07281553398058249,0.03147961185220708,0.7596153846153846
duck,3/10,pptd_liang,10,20,-0.022857142857142874,-0.02857142857142858,0.021496689281784172,0.7596153846153846
duck,3/10,pptd_liang,11,20,0.015865384615384604,0.019230769230769218,0.020522175456228902,0.7596153846153846
duck,3/10,pptd_liang,12,20,-0.0433673469387755,-0.04591836734693877,0.02384466232222377,0.7596153846153846
duck,3/10,pptd_liang,13,20,-0.0108910891089109,-0.01980198019801982,0.031293196685998656,0.7596153846153846
duck,3/10,pptd_liang,14,20,-0.03600000000000001,-0.040000000000000036,0.031187041843486352,0.7596153846153846
duck,3/10,pptd_liang,15,20,-0.05891089108910892,-0.05940594059405946,0.032038619707891264,0.7596153846153846
duck,3/10,pptd_liang,16,20,-0.0355,-0.030000000000000027,0.02981963323576917,0.7596153846153846
duck,3/10,pptd_liang,17,20,-0.03952380952380951,-0.04761904761904756,0.017824113145633144,0.7596153846153846
duck,3/10,pptd_liang,18,20,-0.0443298969072165,-0.05154639175257725,0.025930070591811783,0.7596153846153846
duck,3/10,pptd_liang,19,20,-0.04708737864077668,-0.04854368932038833,0.025449216298285154,0.7596153846153846
duck,3/10,pptd_liang,20,20,-0.023557692307692314,-0.024038461538461564,0.019600444814736554,0.7596153846153846
duck,3/10,tqpp_liu,1,20,-0.029716981132075465,-0.004716981132075471,0.11744290925345569,0.7596153846153846
duck,3/10,tqpp_liu,2,20,-0.007692307692307698,0.009615384615384637,0.1161663799978024,0.7596153846153846
duck,3/10,tqpp_liu,3,20,-0.02211538461538461,0.0,0.1169803623251743,0.7596153846153846
duck,3/10,tqpp_liu,4,20,-0.022115384615384613,-0.004807692307692291,0.1194908681874606,0.7596153846153846
duck,3/10,tqpp_liu,5,20,0.0014423076923076872,0.014423076923076983,0.1163202199489909,0.7596153846153846
duck,3/10,tqpp_liu,6,20,-0.026470588235294117,-0.004901960784313708,0.11178642991305178,0.7596153846153846
duck,3/10,tqpp_liu,7,20,-0.036666666666666674,-0.014285714285714346,0.1173879295561938,0.7596153846153846
duck,3/10,tqpp_liu,8,20,-0.02227722772277228,0.009900990099009799,0.1195424386841413,0.7596153846153846
duck,3/10,tqpp_liu,9,20,-0.06844660194174756,-0.03883495145631066,0.10772002456828325,0.7596153846153846
duck,3/10,tqpp_liu,10,20,-0.027619047619047626,-0.01428571428571429,0.12093836873426095,0.7596153846153846
duck,3/10,tqpp_liu,11,20,0.012980769230769212,0.024038461538461564,0.11644565290714662,0.7596153846153846
duck,3/10,tqpp_liu,12,20,-0.05102040816326529,-0.030612244897959162,0.12356278258373062,0.7596153846153846
duck,3/10,tqpp_liu,13,20,-0.016336633663366334,0.004950495049504955,0.11547668150334296,0.7596153846153846
duck,3/10,tqpp_liu,14,20,-0.041999999999999996,-0.015000000000000013,0.11491873558943157,0.7596153846153846
duck,3/10,tqpp_liu,15,20,-0.06237623762376239,-0.03960396039603964,0.11506601587985642,0.7596153846153846
duck,3/10,tqpp_liu,16,20,-0.040499999999999994,-0.019999999999999962,0.11527883815477924,0.7596153846153846
duck,3/10,tqpp_liu,17,20,-0.04857142857142857,-0.03333333333333327,0.11765704134055881,0.7596153846153846
duck,3/10,tqpp_liu,18,20,-0.04536082474226803,-0.02061855670103091,0.11921659281621572,0.7596153846153846
duck,3/10,tqpp_liu,19,20,-0.04757281553398058,-0.029126213592232997,0.11439496421362667,0.7596153846153846
duck,3/10,tqpp_liu,20,20,-0.0331730769230769,-0.009615384615384581,0.11603540325465708,0.7596153846153846
duck,7/10,crh,1,20,-0.020754716981132078,-0.018867924528301883,0.014869225012309688,0.47115384615384615
duck,7/10,crh,2,20,-0.10769230769230767,-0.10096153846153849,0.04418453841636188,0.47115384615384615
duck,7/10,crh,3,20,-0.06874999999999999,-0.05769230769230771,0.03519463057310308,0.47115384615384615
duck,7/10,crh,4,20,-0.09855769230769229,-0.10576923076923073,0.051249093238516584,0.47115384615384615
duck,7/10,crh,5,20,-0.06298076923076922,-0.05769230769230771,0.04237147841556303,0.47115384615384615
duck,7/10,crh,6,20,-0.15588235294117647,-0.15686274509803932,0.04843824504286375,0.47115384615384615
duck,7/10,crh,7,20,-0.07999999999999999,-0.06666666666666665,0.04274840005339328,0.47115384615384615
duck,7/10,crh,8,20,-0.05000000000000001,-0.04950495049504955,0.03780093224158471,0.47115384615384615
duck,7/10,crh,9,20,-0.10194174757281552,-0.09708737864077671,0.04088847613860461,0.47115384615384615
duck,7/10,crh,10,20,-0.054761904761904755,-0.03809523809523807,0.04097801843656509,0.47115384615384615
duck,7/10,crh,11,20,-0.11538461538461538,-0.12019230769230771,0.04873037699275597,0.47115384615384615
duck,7/10,crh,12,20,-0.1576530612244898,-0.163265306122449,0.05112502700223761,0.47115384615384615
duck,7/10,crh,13,20,-0.1811881188118812,-0.17821782178217827,0.0526955173261198,0.47115384615384615
duck,7/10,crh,14,20,-0.2165,-0.22999999999999998,0.07693298519182988,0.47115384615384615
duck,7/10,crh,15,20,-0.16831683168316836,-0.1683168316831683,0.07311082817007018,0.47115384615384615
duck,7/10,crh,16,20,-0.17400000000000004,-0.17500000000000004,0.058615607765203706,0.47115384615384615
duck,7/10,crh,17,20,-0.07142857142857142,-0.06190476190476191,0.027550688889546447,0.47115384615384615
duck,7/10,crh,18,20,-0.2036082474226804,-0.2164948453608247,0.07258038702638327,0.47115384615384615
duck,7/10,crh,19,20,-0.10533980582524269,-0.10194174757281549,0.053943422139477885,0.47115384615384615
duck,7/10,crh,20,20,-0.10769230769230767,-0.12019230769230771,0.04788422922303359,0.47115384615384615
duck,7/10,pptd_liang,1,20,-0.020754716981132078,-0.018867924528301883,0.014869225012309688,0.47115384615384615
duck,7/10,pptd_liang,2,20,-0.10769230769230767,-0.10096153846153849,0.04418453841636188,0.47115384615384615
duck,7/10,pptd_liang,3,20,-0.06874999999999999,-0.05769230769230771,0.03519463057310308,0.47115384615384615
duck,7/10,pptd_liang,4,20,-0.09855769230769229,-0.10576923076923073,0.051249093238516584,0.47115384615384615
duck,7/10,pptd_liang,5,20,-0.06298076923076922,-0.05769230769230771,0.04237147841556303,0.47115384615384615
duck,7/10,pptd_liang,6,20,-0.15588235294117647,-0.15686274509803932,0.04843824504286375,0.47115384615384615
duck,7/10,pptd_liang,7,20,-0.07999999999999999,-0.06666666666666665,0.04274840005339328,0.47115384615384615
duck,7/10,pptd_liang,8,20,-0.05000000000000001,-0.04950495049504955,0.03780093224158471,0.47115384615384615
duck,7/10,pptd_liang,9,20,-0.10194174757281552,-0.09708737864077671,0.04088847613860461,0.47115384615384615
duck,7/10,pptd_liang,10,20,-0.054761904761904755,-0.03809523809523807,0.04097801843656509,0.47115384615384615
duck,7/10,pptd_liang,11,20,-0.11538461538461538,-0.12019230769230771,0.04873037699275597,0.47115384615384615
duck,7/10,pptd_liang,12,20,-0.1576530612244898,-0.163265306122449,0.05112502700223761,0.47115384615384615
duck,7/10,pptd_liang,13,20,-0.1811881188118812,-0.17821782178217827,0.0526955173261198,0.47115384615384615
duck,7/10,pptd_liang,14,20,-0.2165,-0.22999999999999998,0.07693298519182988,0.47115384615384615
duck,7/10,pptd_liang,15,20,-0.16831683168316836,-0.1683168316831683,0.07311082817007018,0.47115384615384615
duck,7/10,pptd_liang,16,20,-0.17400000000000004,-0.17500000000000004,0.058615607765203706,0.47115384615384615
duck,7/10,pptd_liang,17,20,-0.07142857142857142,-0.06190476190476191,0.027550688889546447,0.47115384615384615
duck,7/10,pptd_liang,18,20,-0.2036082474226804,-0.2164948453608247,0.07258038702638327,0.47115384615384615
duck,7/10,pptd_liang,19,20,-0.10533980582524269,-0.10194174757281549,0.053943422139477885,0.47115384615384615
duck,7/10,pptd_liang,20,20,-0.10769230769230767,-0.12019230769230771,0.04788422922303359,0.47115384615384615
duck,7/10,tqpp_liu,1,20,0.11556603773584903,0.061320754716981174,0.16725077673732056,0.47115384615384615
duck,7/10,tqpp_liu,2,20,0.031249999999999983,0.014423076923076872,0.1525717395371362,0.47115384615384615
duck,7/10,tqpp_liu,3,20,0.06682692307692308,0.0336538461538462,0.16106165775527972,0.47115384615384615
duck,7/10,tqpp_liu,4,20,0.034134615384615395,-0.004807692307692291,0.15382954743369748,0.47115384615384615
duck,7/10,tqpp_liu,5,20,0.07163461538461538,0.04326923076923078,0.15297307297608254,0.47115384615384615
duck,7/10,tqpp_liu,6,20,-0.024509803921568644,-0.03921568627450989,0.14719635811502896,0.47115384615384615
duck,7/10,tqpp_liu,7,20,0.05380952380952382,0.009523809523809545,0.15125760749870484,0.47115384615384615
duck,7/10,tqpp_liu,8,20,0.08316831683168316,0.034653465346534684,0.16965717135371508,0.47115384615384615
duck,7/10,tqpp_liu,9,20,0.03398058252427186,0.0,0.1536216942558856,0.47115384615384615
duck,7/10,tqpp_liu,10,20,0.08238095238095236,0.03809523809523807,0.1585010041784463,0.47115384615384615
duck,7/10,tqpp_liu,11,20,0.015865384615384604,-0.014423076923076872,0.1451312980111818,0.47115384615384615
duck,7/10,tqpp_liu,12,20,-0.018877551020408185,-0.035714285714285754,0.1646449162365328,0.47115384615384615
duck,7/10,tqpp_liu,13,20,-0.055445544554455425,-0.08415841584158407,0.15061567804798567,0.47115384615384615
duck,7/10,tqpp_liu,14,20,-0.07499999999999998,-0.09000000000000002,0.14795091646965397,0.47115384615384615
duck,7/10,tqpp_liu,15,20,-0.03762376237623761,-0.06435643564356436,0.14574806841038687,0.47115384615384615
duck,7/10,tqpp_liu,16,20,-0.04349999999999999,-0.05499999999999999,0.14872351599705513,0.47115384615384615
duck,7/10,tqpp_liu,17,20,0.06714285714285714,0.014285714285714346,0.1579942002830154,0.47115384615384615
duck,7/10,tqpp_liu,18,20,-0.0654639175257732,-0.0824742268041237,0.14492069609163905,0.47115384615384615
duck,7/10,tqpp_liu,19,20,0.031067961165048556,0.004854368932038833,0.14900203482459698,0.47115384615384615
duck,7/10,tqpp_liu,20,20,0.03221153846153847,0.0,0.1511747765484239,0.47115384615384615
duck,9/10,crh,1,20,-0.00801886792452829,-0.00943396226415083,0.010277573879779291,0.20192307692307687
duck,9/10,crh,2,20,-0.0019230769230769052,0.0,0.014159191914261961,0.20192307692307687
duck,9/10,crh,3,20,-0.013942307692307698,-0.009615384615384692,0.011451681085699621,0.20192307692307687
duck,9/10,crh,4,20,-0.003846153846153849,0.0,0.011419767374549273,0.20192307692307687
duck,9/10,crh,5,20,0.009615384615384632,0.009615384615384581,0.012862616424229596,0.20192307692307687
duck,9/10,crh,6,20,-0.0230392156862745,-0.024509803921568596,0.01941989384778998,0.20192307692307687
duck,9/10,crh,7,20,-0.019047619047619056,-0.01904761904761909,0.011140907654582873,0.20192307692307687
duck,9/10,crh,8,20,-0.040099009900990135,-0.03960396039603964,0.01417606045868947,0.20192307692307687
duck,9/10,crh,9,20,-0.04223300970873785,-0.03883495145631066,0.01645066097588183,0.20192307692307687
duck,9/10,crh,10,20,0.0019047619047619035,0.0,0.007938178604442774,0.20192307692307687
duck,9/10,crh,11,20,0.0168269230769231,0.019230769230769273,0.014920569825714141,0.20192307692307687
duck,9/10,crh,12,20,-0.02755102040816327,-0.030612244897959218,0.017549521580644496,0.20192307692307687
duck,9/10,crh,13,20,-0.001980198019801982,0.0,0.025618009442840727,0.20192307692307687
duck,9/10,crh,14,20,-0.015000000000000008,-0.019999999999999962,0.01638356043818252,0.20192307692307687
duck,9/10,crh,15,20,-0.054455445544554504,-0.04950495049504955,0.019407216726978718,0.20192307692307687
duck,9/10,crh,16,20,-0.027000000000000024,-0.030000000000000027,0.018381913307436357,0.20192307692307687
duck,9/10,crh,17,20,-0.028095238095238097,-0.02857142857142858,0.01328131636409921,0.20192307692307687
duck,9/10,crh,18,20,-0.02680412371134021,-0.030927835051546393,0.016179846302492695,0.20192307692307687
duck,9/10,crh,19,20,-0.03009708737864077,-0.029126213592232997,0.016337180699798646,0.20192307692307687
duck,9/10,crh,20,20,-0.01778846153846154,-0.019230769230769273,0.010929885401620503,0.20192307692307687
duck,9/10,pptd_liang,1,20,-0.00801886792452829,-0.00943396226415083,0.010277573879779291,0.20192307692307687
duck,9/10,pptd_liang,2,20,-0.0019230769230769052,0.0,0.014159191914261961,0.20192307692307687
duck,9/10,pptd_liang,3,20,-0.013942307692307698,-0.009615384615384692,0.011451681085699621,0.20192307692307687
duck,9/10,pptd_liang,4,20,-0.003846153846153849,0.0,0.011419767374549273,0.20192307692307687
duck,9/10,pptd_liang,5,20,0.009615384615384632,0.009615384615384581,0.012862616424229596,0.20192307692307687
duck,9/10,pptd_liang,6,20,-0.0230392156862745,-0.024509803921568596,0.01941989384778998,0.20192307692307687
duck,9/10,pptd_liang,7,20,-0.019047619047619056,-0.01904761904761909,0.011140907654582873,0.20192307692307687
duck,9/10,pptd_liang,8,20,-0.040099009900990135,-0.03960396039603964,0.01417606045868947,0.20192307692307687
duck,9/10,pptd_liang,9,20,-0.04223300970873785,-0.03883495145631066,0.01645066097588183,0.20192307692307687
duck,9/10,pptd_liang,10,20,0.0019047619047619035,0.0,0.007938178604442774,0.20192307692307687
duck,9/10,pptd_liang,11,20,0.0168269230769231,0.019230769230769273,0.014920569825714141,0.20192307692307687
duck,9/10,pptd_liang,12,20,-0.02755102040816327,-0.030612244897959218,0.017549521580644496,0.20192307692307687
duck,9/10,pptd_liang,13,20,-0.001980198019801982,0.0,0.025618009442840727,0.20192307692307687
duck,9/10,pptd_liang,14,20,-0.015000000000000008,-0.019999999999999962,0.01638356043818252,0.20192307692307687
duck,9/10,pptd_liang,15,20,-0.054455445544554504,-0.04950495049504955,0.019407216726978718,0.20192307692307687
duck,9/10,pptd_liang,16,20,-0.027000000000000024,-0.030000000000000027,0.018381913307436357,0.20192307692307687
duck,9/10,pptd_liang,17,20,-0.028095238095238097,-0.02857142857142858,0.01328131636409921,0.20192307692307687
duck,9/10,pptd_liang,18,20,-0.02680412371134021,-0.030927835051546393,0.016179846302492695,0.20192307692307687
duck,9/10,pptd_liang,19,20,-0.03009708737864077,-0.029126213592232997,0.016337180699798646,0.20192307692307687
duck,9/10,pptd_liang,20,20,-0.01778846153846154,-0.019230769230769273,0.010929885401620503,0.20192307692307687
duck,9/10,tqpp_liu,1,20,0.05377358490566038,0.037735849056603765,0.07535368131213532,0.20192307692307687
duck,9/10,tqpp_liu,2,20,0.06682692307692309,0.04807692307692313,0.07365759866129304,0.20192307692307687
duck,9/10,tqpp_liu,3,20,0.05144230769230769,0.038461538461538436,0.07462893518177531,0.20192307692307687
duck,9/10,tqpp_liu,4,20,0.05624999999999998,0.04807692307692307,0.0707461099134901,0.20192307692307687
duck,9/10,tqpp_liu,5,20,0.07403846153846154,0.05769230769230771,0.06756745709418865,0.20192307692307687
duck,9/10,tqpp_liu,6,20,0.037254901960784306,0.029411764705882304,0.07081148048322954,0.20192307692307687
duck,9/10,tqpp_liu,7,20,0.044285714285714275,0.03809523809523807,0.07254927006321193,0.20192307692307687
duck,9/10,tqpp_liu,8,20,0.01683168316831683,0.00990099009900991,0.08089016106515438,0.20192307692307687
duck,9/10,tqpp_liu,9,20,0.023786407766990324,0.004854368932038833,0.07680115837135522,0.20192307692307687
duck,9/10,tqpp_liu,10,20,0.06904761904761905,0.05714285714285716,0.07065580309528371,0.20192307692307687
duck,9/10,tqpp_liu,11,20,0.0798076923076923,0.0625,0.07196171211113411,0.20192307692307687
duck,9/10,tqpp_liu,12,20,0.040816326530612235,0.030612244897959162,0.07520331284302598,0.20192307692307687
duck,9/10,tqpp_liu,13,20,0.051980198019802006,0.02970297029702973,0.07338377855918533,0.20192307692307687
duck,9/10,tqpp_liu,14,20,0.05650000000000003,0.040000000000000036,0.07589986478040797,0.20192307692307687
duck,9/10,tqpp_liu,15,20,0.001980198019801954,-0.00990099009900991,0.07753576277634878,0.20192307692307687
duck,9/10,tqpp_liu,16,20,0.033999999999999996,0.025000000000000022,0.0763234115975874,0.20192307692307687
duck,9/10,tqpp_liu,17,20,0.03428571428571427,0.014285714285714235,0.07149704320470293,0.20192307692307687
duck,9/10,tqpp_liu,18,20,0.04742268041237114,0.02577319587628868,0.07988334122484997,0.20192307692307687
duck,9/10,tqpp_liu,19,20,0.02621359223300973,0.019417475728155442,0.07716365418423952,0.20192307692307687
duck,9/10,tqpp_liu,20,20,0.05625,0.04807692307692307,0.07331326314589144,0.20192307692307687
product,1/10,crh,1,20,-0.04854051779265521,-0.046232056430842494,0.01789159355580265,0.7491256318079604
product,1/10,crh,2,20,-0.054678938231035534,-0.05124449117819618,0.020901846349955823,0.7491256318079604
product,1/10,crh,3,20,-0.049120157042858145,-0.0485535123188221,0.019877193469595746,0.7491256318079604
product,1/10,crh,4,20,-0.03811922293779134,-0.03547977641248912,0.015422620396916407,0.7491256318079604
product,1/10,crh,5,20,-0.05458869962374724,-0.05245758782050475,0.019610855182506177,0.7491256318079604
product,1/10,crh,6,20,-0.04582259495145613,-0.045599969495048964,0.01790689185801119,0.7491256318079604
product,1/10,crh,7,20,-0.0459680242405064,-0.04384316423770812,0.01780291696273625,0.7491256318079604
product,1/10,crh,8,20,-0.04842177982745826,-0.044582664806842975,0.018679745058044248,0.7491256318079604
product,1/10,crh,9,20,-0.045164283379123316,-0.04330519523046211,0.017656918405946166,0.7491256318079604
product,1/10,crh,10,20,-0.0434875718235784,-0.041018207962778275,0.01877729785279147,0.7491256318079604
product,1/10,crh,11,20,-0.045905091512668604,-0.043055701968056304,0.01866818386956035,0.7491256318079604
product,1/10,crh,12,20,-0.042527389756713684,-0.041044751720700934,0.017369975706376887,0.7491256318079604
product,1/10,crh,13,20,-0.037039541444310944,-0.03223288403185376,0.01660744005834926,0.7491256318079604
product,1/10,crh,14,20,-0.04340003592907444,-0.04097206793185326,0.017878409368804724,0.7491256318079604
product,1/10,crh,15,20,-0.0538376062998311,-0.05090808841624922,0.021452799309477005,0.7491256318079604
product,1/10,crh,16,20,-0.04763286266771917,-0.04449621116216984,0.01872105883252803,0.7491256318079604
product,1/10,crh,17,20,-0.04614125137256221,-0.046377493922156676,0.01660346324228919,0.7491256318079604
product,1/10,crh,18,20,-0.04949890445317481,-0.04819679594397813,0.019078104392525715,0.7491256318079604
product,1/10,crh,19,20,-0.054694265121111064,-0.054990239753957226,0.01969211070145841,0.7491256318079604
product,1/10,crh,20,20,-0.047263417531941805,-0.04624314640191496,0.01889509203372481,0.7491256318079604
product,1/10,pptd_liang,1,20,-0.04854051779265521,-0.046232056430842494,0.01789159355580265,0.7491256318079604
product,1/10,pptd_liang,2,20,-0.054678938231035534,-0.05124449117819618,0.020901846349955823,0.7491256318079604
product,1/10,pptd_liang,3,20,-0.049120157042858145,-0.0485535123188221,0.019877193469595746,0.7491256318079604
product,1/10,pptd_liang,4,20,-0.03811922293779134,-0.03547977641248912,0.015422620396916407,0.7491256318079604
product,1/10,pptd_liang,5,20,-0.05458869962374724,-0.05245758782050475,0.019610855182506177,0.7491256318079604
product,1/10,pptd_liang,6,20,-0.04582259495145613,-0.045599969495048964,0.01790689185801119,0.7491256318079604
product,1/10,pptd_liang,7,20,-0.0459680242405064,-0.04384316423770812,0.01780291696273625,0.7491256318079604
product,1/10,pptd_liang,8,20,-0.04842177982745826,-0.044582664806842975,0.018679745058044248,0.7491256318079604
product,1/10,pptd_liang,9,20,-0.045164283379123316,-0.04330519523046211,0.017656918405946166,0.7491256318079604
product,1/10,pptd_liang,10,20,-0.0434875718235784,-0.041018207962778275,0.01877729785279147,0.7491256318079604
product,1/10,pptd_liang,11,20,-0.045905091512668604,-0.043055701968056304,0.01866818386956035,0.7491256318079604
product,1/10,pptd_liang,12,20,-0.042527389756713684,-0.041044751720700934,0.017369975706376887,0.7491256318079604
product,1/10,pptd_liang,13,20,-0.037039541444310944,-0.03223288403185376,0.01660744005834926,0.7491256318079604
product,1/10,pptd_liang,14,20,-0.04340003592907444,-0.04097206793185326,0.017878409368804724,0.7491256318079604
product,1/10,pptd_liang,15,20,-0.0538376062998311,-0.05090808841624922,0.021452799309477005,0.7491256318079604
product,1/10,pptd_liang,16,20,-0.04763286266771917,-0.04449621116216984,0.01872105883252803,0.7491256318079604
product,1/10,pptd_liang,17,20,-0.04614125137256221,-0.046377493922156676,0.01660346324228919,0.7491256318079604
product,1/10,pptd_liang,18,20,-0.04949890445317481,-0.04819679594397813,0.019078104392525715,0.7491256318079604
product,1/10,pptd_liang,19,20,-0.054694265121111064,-0.054990239753957226,0.01969211070145841,0.7491256318079604
product,1/10,pptd_liang,20,20,-0.047263417531941805,-0.04624314640191496,0.01889509203372481,0.7491256318079604
product,1/10,tqpp_liu,1,20,-0.04848057939216461,-0.04630815221319179,0.018015511821758808,0.7491256318079604
product,1/10,tqpp_liu,2,20,-0.05454258230378341,-0.05124449117819618,0.02109157170841677,0.7491256318079604
product,1/10,tqpp_liu,3,20,-0.04901995024574305,-0.0484833043894079,0.02007642803736295,0.7491256318079604
product,1/10,tqpp_liu,4,20,-0.0380427061910107,-0.035261745734053274,0.01554888786345378,0.7491256318079604
product,1/10,tqpp_liu,5,20,-0.05449676859754467,-0.052387816185888114,0.01980134318527092,0.7491256318079604
product,1/10,tqpp_liu,6,20,-0.04572282735238242,-0.045530422334279785,0.018093602174091193,0.7491256318079604
product,1/10,tqpp_liu,7,20,-0.045851740054138654,-0.044103081381612674,0.017980949011453348,0.7491256318079604
product,1/10,tqpp_liu,8,20,-0.04832696557262285,-0.04479475353487661,0.018874666142706904,0.7491256318079604
product,1/10,tqpp_liu,9,20,-0.045056815859876934,-0.04349435402181839,0.017841975532329902,0.7491256318079604
product,1/10,tqpp_liu,10,20,-0.04339573513845246,-0.041018207962778275,0.018976143631284654,0.7491256318079604
product,1/10,tqpp_liu,11,20,-0.045798639480631086,-0.0431204131359621,0.018854574343504123,0.7491256318079604
product,1/10,tqpp_liu,12,20,-0.04243610650291627,-0.04130734895616367,0.017544438148741428,0.7491256318079604
product,1/10,tqpp_liu,13,20,-0.0369479463421764,-0.03223288403185376,0.01674841419705292,0.7491256318079604
product,1/10,tqpp_liu,14,20,-0.04327213133683073,-0.04090228787396377,0.01805857838488447,0.7491256318079604
product,1/10,tqpp_liu,15,20,-0.05377069605923261,-0.05090808841624922,0.021643451737479672,0.7491256318079604
product,1/10,tqpp_liu,16,20,-0.04754812339433131,-0.04449621116216984,0.01887890348212591,0.7491256318079604
product,1/10,tqpp_liu,17,20,-0.04604100153551467,-0.04663645383725179,0.016823901911536144,0.7491256318079604
product,1/10,tqpp_liu,18,20,-0.04942590319587133,-0.048307205823378274,0.019267574689892042,0.7491256318079604
product,1/10,tqpp_liu,19,20,-0.05459716613348361,-0.05524982190354638,0.019882089103197307,0.7491256318079604
product,1/10,tqpp_liu,20,20,-0.04717661690332646,-0.04617332124402346,0.019103159682057416,0.7491256318079604
product,1/2,crh,1,20,-0.13993397817537162,-0.1441820137709529,0.016968103130329922,0.5359420664721672
product,1/2,crh,2,20,-0.1486090909268119,-0.15416221208690412,0.018412813545285785,0.5359420664721672
product,1/2,crh,3,20,-0.14399595968258766,-0.1481987595714656,0.01781668351086115,0.5359420664721672
product,1/2,crh,4,20,-0.1324557345619501,-0.13687936440825854,0.01817622138538183,0.5359420664721672
product,1/2,crh,5,20,-0.1423679302553154,-0.14596451026013474,0.018348603294494833,0.5359420664721672
product,1/2,crh,6,20,-0.13806138867793655,-0.14090075571166571,0.016891686766183925,0.5359420664721672
product,1/2,crh,7,20,-0.1395318900702709,-0.1445127604723846,0.018663141038354154,0.5359420664721672
product,1/2,crh,8,20,-0.14895682833393856,-0.1532475657605326,0.017586716704764884,0.5359420664721672
product,1/2,crh,9,20,-0.1337380878834753,-0.136520281270183,0.01661302022707512,0.5359420664721672
product,1/2,crh,10,20,-0.13438244087937712,-0.13736536291338491,0.01786856989773148,0.5359420664721672
product,1/2,crh,11,20,-0.141075257383321,-0.145117301112405,0.01696248489217799,0.5359420664721672
product,1/2,crh,12,20,-0.13214864894999206,-0.13775952566830313,0.016914951563615086,0.5359420664721672
product,1/2,crh,13,20,-0.13260721865650532,-0.1348273791736272,0.016630357984323337,0.5359420664721672
product,1/2,crh,14,20,-0.14308089908931157,-0.14819518858552055,0.01812898238547669,0.5359420664721672
product,1/2,crh,15,20,-0.13753976109267416,-0.14228185908762953,0.018058315921900363,0.5359420664721672
product,1/2,crh,16,20,-0.13205309411848826,-0.13533474149316493,0.016535589695676374,0.5359420664721672
product,1/2,crh,17,20,-0.12670599921568299,-0.13107012258597522,0.01718381059914373,0.5359420664721672
product,1/2,crh,18,20,-0.13372487618465068,-0.13916394566075613,0.017897772824216115,0.5359420664721672
product,1/2,crh,19,20,-0.14508515395796073,-0.1477961956539191,0.016980634712917227,0.5359420664721672
product,1/2,crh,20,20,-0.13945961906762427,-0.14526376723958845,0.016939777636491907,0.5359420664721672
product,1/2,pptd_liang,1,20,-0.13993397817537162,-0.1441820137709529,0.016968103130329922,0.5359420664721672
product,1/2,pptd_liang,2,20,-0.1486090909268119,-0.15416221208690412,0.018412813545285785,0.5359420664721672
product,1/2,pptd_liang,3,20,-0.14399595968258766,-0.1481987595714656,0.01781668351086115,0.5359420664721672
product,1/2,pptd_liang,4,20,-0.1324557345619501,-0.13687936440825854,0.01817622138538183,0.5359420664721672
product,1/2,pptd_liang,5,20,-0.1423679302553154,-0.14596451026013474,0.018348603294494833,0.5359420664721672
product,1/2,pptd_liang,6,20,-0.13806138867793655,-0.14090075571166571,0.016891686766183925,0.5359420664721672
product,1/2,pptd_liang,7,20,-0.1395318900702709,-0.1445127604723846,0.018663141038354154,0.5359420664721672
product,1/2,pptd_liang,8,20,-0.14895682833393856,-0.1532475657605326,0.017586716704764884,0.5359420664721672
product,1/2,pptd_liang,9,20,-0.1337380878834753,-0.136520281270183,0.01661302022707512,0.5359420664721672
product,1/2,pptd_liang,10,20,-0.13438244087937712,-0.13736536291338491,0.01786856989773148,0.5359420664721672
product,1/2,pptd_liang,11,20,-0.141075257383321,-0.145117301112405,0.01696248489217799,0.5359420664721672
product,1/2,pptd_liang,12,20,-0.13214864894999206,-0.13775952566830313,0.016914951563615086,0.5359420664721672
product,1/2,pptd_liang,13,20,-0.13260721865650532,-0.1348273791736272,0.016630357984323337,0.5359420664721672
product,1/2,pptd_liang,14,20,-0.14308089908931157,-0.14819518858552055,0.01812898238547669,0.5359420664721672
product,1/2,pptd_liang,15,20,-0.13753976109267416,-0.14228185908762953,0.018058315921900363,0.5359420664721672
product,1/2,pptd_liang,16,20,-0.13205309411848826,-0.13533474149316493,0.016535589695676374,0.5359420664721672
product,1/2,pptd_liang,17,20,-0.12670599921568299,-0.13107012258597522,0.01718381059914373,0.5359420664721672
product,1/2,pptd_liang,18,20,-0.13372487618465068,-0.13916394566075613,0.017897772824216115,0.5359420664721672
product,1/2,pptd_liang,19,20,-0.14508515395796073,-0.1477961956539191,0.016980634712917227,0.5359420664721672
product,1/2,pptd_liang,20,20,-0.13945961906762427,-0.14526376723958845,0.016939777636491907,0.5359420664721672
product,1/2,tqpp_liu,1,20,-0.1397664510226972,-0.1441390368210806,0.01702182768635231,0.5359420664721672
product,1/2,tqpp_liu,2,20,-0.14842978500117654,-0.1540626218019282,0.018497477562064116,0.5359420664721672
product,1/2,tqpp_liu,3,20,-0.14382136654545166,-0.14815592343868483,0.017904028155046537,0.5359420664721672
product,1/2,tqpp_liu,4,20,-0.13228180117719424,-0.13679397629442963,0.018272141954153834,0.5359420664721672
product,1/2,tqpp_liu,5,20,-0.14218536864333026,-0.1459213892559859,0.018432122810615383,0.5359420664721672
product,1/2,tqpp_liu,6,20,-0.1378735852698428,-0.1408579394363424,0.016967930712244922,0.5359420664721672
product,1/2,tqpp_liu,7,20,-0.13935533121323945,-0.1444269756066916,0.01875443514901413,0.5359420664721672
product,1/2,tqpp_liu,8,20,-0.14878127274233785,-0.15316177295857797,0.01765652485751367,0.5359420664721672
product,1/2,tqpp_liu,9,20,-0.13355631403257828,-0.13643517106685255,0.01669933285308892,0.5359420664721672
product,1/2,tqpp_liu,10,20,-0.1342103454553266,-0.13715533187827428,0.01796409843939805,0.5359420664721672
product,1/2,tqpp_liu,11,20,-0.14089312040028443,-0.14484789998099895,0.01704817610256415,0.5359420664721672
product,1/2,tqpp_liu,12,20,-0.13197936272271266,-0.13767574657400977,0.017011937972152967,0.5359420664721672
product,1/2,tqpp_liu,13,20,-0.13243501836086302,-0.13466404387196323,0.016732086505823227,0.5359420664721672
product,1/2,tqpp_liu,14,20,-0.1429042749706477,-0.14815226344686627,0.01822380860357115,0.5359420664721672
product,1/2,tqpp_liu,15,20,-0.1373836619121641,-0.14209507721425452,0.01816133961509095,0.5359420664721672
product,1/2,tqpp_liu,16,20,-0.1318754833951685,-0.13521078609571352,0.01661702388808121,0.5359420664721672
product,1/2,tqpp_liu,17,20,-0.1265202809476556,-0.1309041437894501,0.017263206266728313,0.5359420664721672
product,1/2,tqpp_liu,18,20,-0.13355466860251036,-0.13907854845327305,0.017989204504549987,0.5359420664721672
product,1/2,tqpp_liu,19,20,-0.14492939982351913,-0.14764958642478243,0.01706923959197943,0.5359420664721672
product,1/2,tqpp_liu,20,20,-0.139287376907651,-0.14513384578320876,0.017035179781879503,0.5359420664721672
product,3/10,crh,1,20,-0.10839560619553461,-0.10663558558410147,0.026103525057756236,0.6159377521978007
product,3/10,crh,2,20,-0.11968446104014352,-0.11985302173358253,0.026385651959483333,0.6159377521978007
product,3/10,crh,3,20,-0.11289026371519192,-0.11214541061496713,0.027231826461165846,0.6159377521978007
product,3/10,crh,4,20,-0.09587691347727698,-0.09735957979043014,0.02682725257014059,0.6159377521978007
product,3/10,crh,5,20,-0.1158742727744351,-0.11485807119217362,0.02627058785165544,0.6159377521978007
product,3/10,crh,6,20,-0.10700598229268896,-0.10692102429493822,0.027394331671123012,0.6159377521978007
product,3/10,crh,7,20,-0.1105776719977654,-0.11185666743697309,0.026577589263621422,0.6159377521978007
product,3/10,crh,8,20,-0.11544401473796218,-0.11578419550899416,0.0283838864964908,0.6159377521978007
product,3/10,crh,9,20,-0.10485091951839776,-0.10284032072611687,0.02557589568281848,0.6159377521978007
product,3/10,crh,10,20,-0.10397122420392191,-0.10548932015585011,0.025832804794623382,0.6159377521978007
product,3/10,crh,11,20,-0.10906569432738267,-0.11021604577363814,0.02743164127488202,0.6159377521978007
product,3/10,crh,12,20,-0.10039082478546482,-0.10154791158698578,0.026186146945564828,0.6159377521978007
product,3/10,crh,13,20,-0.09714695005810804,-0.09679526393396426,0.02788397971132314,0.6159377521978007
product,3/10,crh,14,20,-0.10839675765608678,-0.10988320370587396,0.026620801961136406,0.6159377521978007
product,3/10,crh,15,20,-0.11369582714385915,-0.11220417210844341,0.024784942800683423,0.6159377521978007
product,3/10,crh,16,20,-0.10530750094928043,-0.10820474875643304,0.024310073815559496,0.6159377521978007
product,3/10,crh,17,20,-0.10136995633060901,-0.10106390091281009,0.024577019157726105,0.6159377521978007
product,3/10,crh,18,20,-0.1074488921529518,-0.10602479710364471,0.02501150798115776,0.6159377521978007
product,3/10,crh,19,20,-0.11833386652623801,-0.12075212616992098,0.02522353766219637,0.6159377521978007
product,3/10,crh,20,20,-0.10933914363023958,-0.10981189257944118,0.026123459805772874,0.6159377521978007
product,3/10,pptd_liang,1,20,-0.10839560619553461,-0.10663558558410147,0.026103525057756236,0.6159377521978007
product,3/10,pptd_liang,2,20,-0.11968446104014352,-0.11985302173358253,0.026385651959483333,0.6159377521978007
product,3/10,pptd_liang,3,20,-0.11289026371519192,-0.11214541061496713,0.027231826461165846,0.6159377521978007
product,3/10,pptd_liang,4,20,-0.09587691347727698,-0.09735957979043014,0.02682725257014059,0.6159377521978007
product,3/10,pptd_liang,5,20,-0.1158742727744351,-0.11485807119217362,0.02627058785165544,0.6159377521978007
product,3/10,pptd_liang,6,20,-0.10700598229268896,-0.10692102429493822,0.027394331671123012,0.6159377521978007
product,3/10,pptd_liang,7,20,-0.1105776719977654,-0.11185666743697309,0.026577589263621422,0.6159377521978007
product,3/10,pptd_liang,8,20,-0.11544401473796218,-0.11578419550899416,0.0283838864964908,0.6159377521978007
product,3/10,pptd_liang,9,20,-0.10485091951839776,-0.10284032072611687,0.02557589568281848,0.6159377521978007
product,3/10,pptd_liang,10,20,-0.10397122420392191,-0.10548932015585011,0.025832804794623382,0.6159377521978007
product,3/10,pptd_liang,11,20,-0.10906569432738267,-0.11021604577363814,0.02743164127488202,0.6159377521978007
product,3/10,pptd_liang,12,20,-0.10039082478546482,-0.10154791158698578,0.026186146945564828,0.6159377521978007
product,3/10,pptd_liang,13,20,-0.09714695005810804,-0.09679526393396426,0.02788397971132314,0.6159377521978007
product,3/10,pptd_liang,14,20,-0.10839675765608678,-0.10988320370587396,0.026620801961136406,0.6159377521978007
product,3/10,pptd_liang,15,20,-0.11369582714385915,-0.11220417210844341,0.024784942800683423,0.6159377521978007
product,3/10,pptd_liang,16,20,-0.10530750094928043,-0.10820474875643304,0.024310073815559496,0.6159377521978007
product,3/10,pptd_liang,17,20,-0.10136995633060901,-0.10106390091281009,0.024577019157726105,0.6159377521978007
product,3/10,pptd_liang,18,20,-0.1074488921529518,-0.10602479710364471,0.02501150798115776,0.6159377521978007
product,3/10,pptd_liang,19,20,-0.11833386652623801,-0.12075212616992098,0.02522353766219637,0.6159377521978007
product,3/10,pptd_liang,20,20,-0.10933914363023958,-0.10981189257944118,0.026123459805772874,0.6159377521978007
product,3/10,tqpp_liu,1,20,-0.10826000855291248,-0.1065518241919789,0.026116029577096123,0.6159377521978007
product,3/10,tqpp_liu,2,20,-0.11954914856225889,-0.11985302173358253,0.02639819563746189,0.6159377521978007
product,3/10,tqpp_liu,3,20,-0.1127304774986663,-0.1119657834287433,0.027272295778834957,0.6159377521978007
product,3/10,tqpp_liu,4,20,-0.09572827078212257,-0.09735957979043014,0.026844006561511896,0.6159377521978007
product,3/10,tqpp_liu,5,20,-0.11571054870310907,-0.1147215694606315,0.02629598872099848,0.6159377521978007
product,3/10,tqpp_liu,6,20,-0.10686365611783546,-0.1068787341887169,0.027386502953782928,0.6159377521978007
product,3/10,tqpp_liu,7,20,-0.11042801125743681,-0.11181414746414375,0.026600643701378116,0.6159377521978007
product,3/10,tqpp_liu,8,20,-0.11531297048549342,-0.11570058383035275,0.02836963945216435,0.6159377521978007
product,3/10,tqpp_liu,9,20,-0.10472111500506356,-0.10279822440292152,0.025598035531075945,0.6159377521978007
product,3/10,tqpp_liu,10,20,-0.10382176501101022,-0.10535207222312826,0.02584637654898714,0.6159377521978007
product,3/10,tqpp_liu,11,20,-0.10889641738085229,-0.1100904971941063,0.027464664574576247,0.6159377521978007
product,3/10,tqpp_liu,12,20,-0.10024721206709244,-0.10146446779364465,0.026196825480057036,0.6159377521978007
product,3/10,tqpp_liu,13,20,-0.09701361849845169,-0.09665926553189291,0.027891578619918114,0.6159377521978007
product,3/10,tqpp_liu,14,20,-0.10825286466846813,-0.10966239119918225,0.026644312610952434,0.6159377521978007
product,3/10,tqpp_liu,15,20,-0.11356695280591818,-0.11206763809877579,0.024831009031621606,0.6159377521978007
product,3/10,tqpp_liu,16,20,-0.10516483065882928,-0.10806779574774866,0.024321977320050602,0.6159377521978007
product,3/10,tqpp_liu,17,20,-0.10122117200086042,-0.10092725256877128,0.024593307067971137,0.6159377521978007
product,3/10,tqpp_liu,18,20,-0.10730618891532968,-0.10617162045956113,0.02505137105312604,0.6159377521978007
product,3/10,tqpp_liu,19,20,-0.11819395361735907,-0.12061539104272928,0.02524230445276711,0.6159377521978007
product,3/10,tqpp_liu,20,20,-0.10919911751774251,-0.10972855561613726,0.02614763478775258,0.6159377521978007
product,7/10,crh,1,20,-0.16330063928186184,-0.16854036941352407,0.016227920636652123,0.4485141519871647
product,7/10,crh,2,20,-0.17194526622896447,-0.17620575854528575,0.016056083068866748,0.4485141519871647
product,7/10,crh,3,20,-0.16728289239319924,-0.17088791601251951,0.01564406583779042,0.4485141519871647
product,7/10,crh,4,20,-0.15461418231399895,-0.15698177589774442,0.016416041811169534,0.4485141519871647
product,7/10,crh,5,20,-0.16628206964026981,-0.16934121211417907,0.016375545028919664,0.4485141519871647
product,7/10,crh,6,20,-0.16146353090020674,-0.1655805613619729,0.01696666450061174,0.4485141519871647
product,7/10,crh,7,20,-0.16412104610540754,-0.16877239397931348,0.01591929971800657,0.4485141519871647
product,7/10,crh,8,20,-0.1724062645698931,-0.1759189617562073,0.016249800592738974,0.4485141519871647
product,7/10,crh,9,20,-0.15611701104341755,-0.15860376988173136,0.01595517911506447,0.4485141519871647
product,7/10,crh,10,20,-0.15746180011035293,-0.16014221868304668,0.015727799601090133,0.4485141519871647
product,7/10,crh,11,20,-0.16290062613204515,-0.16636670585490237,0.015868760807385217,0.4485141519871647
product,7/10,crh,12,20,-0.1548985038916393,-0.15753836082751915,0.01613548265286672,0.4485141519871647
product,7/10,crh,13,20,-0.1546314358310766,-0.15872996995997657,0.016208144020866375,0.4485141519871647
product,7/10,crh,14,20,-0.1666684968824544,-0.1709752015651425,0.015718799423532,0.4485141519871647
product,7/10,crh,15,20,-0.16082702668103815,-0.1646299459340993,0.016041552717076274,0.4485141519871647
product,7/10,crh,16,20,-0.1554131894137567,-0.16053324938071417,0.015811825101920245,0.4485141519871647
product,7/10,crh,17,20,-0.14735828331276934,-0.15192174454973334,0.01404371299392643,0.4485141519871647
product,7/10,crh,18,20,-0.1568589278933863,-0.1609899917796136,0.016111152122561,0.4485141519871647
product,7/10,crh,19,20,-0.16796701929096997,-0.17292321347901712,0.015986449226339957,0.4485141519871647
product,7/10,crh,20,20,-0.16211113331364735,-0.16676957143916715,0.01575224086798795,0.4485141519871647
product,7/10,pptd_liang,1,20,-0.16330063928186184,-0.16854036941352407,0.016227920636652123,0.4485141519871647
product,7/10,pptd_liang,2,20,-0.17194526622896447,-0.17620575854528575,0.016056083068866748,0.4485141519871647
product,7/10,pptd_liang,3,20,-0.16728289239319924,-0.17088791601251951,0.01564406583779042,0.4485141519871647
product,7/10,pptd_liang,4,20,-0.15461418231399895,-0.15698177589774442,0.016416041811169534,0.4485141519871647
product,7/10,pptd_liang,5,20,-0.16628206964026981,-0.16934121211417907,0.016375545028919664,0.4485141519871647
product,7/10,pptd_liang,6,20,-0.16146353090020674,-0.1655805613619729,0.01696666450061174,0.4485141519871647
product,7/10,pptd_liang,7,20,-0.16412104610540754,-0.16877239397931348,0.01591929971800657,0.4485141519871647
product,7/10,pptd_liang,8,20,-0.1724062645698931,-0.1759189617562073,0.016249800592738974,0.4485141519871647
product,7/10,pptd_liang,9,20,-0.15611701104341755,-0.15860376988173136,0.01595517911506447,0.4485141519871647
product,7/10,pptd_liang,10,20,-0.15746180011035293,-0.16014221868304668,0.015727799601090133,0.4485141519871647
product,7/10,pptd_liang,11,20,-0.16290062613204515,-0.16636670585490237,0.015868760807385217,0.4485141519871647
product,7/10,pptd_liang,12,20,-0.1548985038916393,-0.15753836082751915,0.01613548265286672,0.4485141519871647
product,7/10,pptd_liang,13,20,-0.1546314358310766,-0.15872996995997657,0.016208144020866375,0.4485141519871647
product,7/10,pptd_liang,14,20,-0.1666684968824544,-0.1709752015651425,0.015718799423532,0.4485141519871647
product,7/10,pptd_liang,15,20,-0.16082702668103815,-0.1646299459340993,0.016041552717076274,0.4485141519871647
product,7/10,pptd_liang,16,20,-0.1554131894137567,-0.16053324938071417,0.015811825101920245,0.4485141519871647
product,7/10,pptd_liang,17,20,-0.14735828331276934,-0.15192174454973334,0.01404371299392643,0.4485141519871647
product,7/10,pptd_liang,18,20,-0.1568589278933863,-0.1609899917796136,0.016111152122561,0.4485141519871647
product,7/10,pptd_liang,19,20,-0.16796701929096997,-0.17292321347901712,0.015986449226339957,0.4485141519871647
product,7/10,pptd_liang,20,20,-0.16211113331364735,-0.16676957143916715,0.01575224086798795,0.4485141519871647
product,7/10,tqpp_liu,1,20,-0.16315487169531923,-0.16827208018750217,0.016238316792814216,0.4485141519871647
product,7/10,tqpp_liu,2,20,-0.17179545231859966,-0.17607144421929288,0.016093411309305142,0.4485141519871647
product,7/10,tqpp_liu,3,20,-0.16711848359944442,-0.17075018513302376,0.01571183542413888,0.4485141519871647
product,7/10,tqpp_liu,4,20,-0.15444946523763764,-0.15684507791468538,0.016466952254425012,0.4485141519871647
product,7/10,tqpp_liu,5,20,-0.1661155496395365,-0.16893797682981287,0.016406107174832398,0.4485141519871647
product,7/10,tqpp_liu,6,20,-0.16129185143551414,-0.16544349859765595,0.01700398665265267,0.4485141519871647
product,7/10,tqpp_liu,7,20,-0.16395390298966214,-0.1685931529455612,0.015957966812002098,0.4485141519871647
product,7/10,tqpp_liu,8,20,-0.1722342087360973,-0.17564693703168277,0.016286227079548302,0.4485141519871647
product,7/10,tqpp_liu,9,20,-0.15595275415386822,-0.15833734401926308,0.01600605568320467,0.4485141519871647
product,7/10,tqpp_liu,10,20,-0.1572953133609955,-0.1598221487226723,0.015769042232823893,0.4485141519871647
product,7/10,tqpp_liu,11,20,-0.16275853824000192,-0.16618685898709495,0.015913603937802615,0.4485141519871647
product,7/10,tqpp_liu,12,20,-0.15473507025573782,-0.15721393248410787,0.01617636264090811,0.4485141519871647
product,7/10,tqpp_liu,13,20,-0.15447319042959812,-0.1585072884067189,0.016247532109463027,0.4485141519871647
product,7/10,tqpp_liu,14,20,-0.1665043979475484,-0.170837742152829,0.015737455193316086,0.4485141519871647
product,7/10,tqpp_liu,15,20,-0.160661069756776,-0.16444188952697952,0.016074211951663555,0.4485141519871647
product,7/10,tqpp_liu,16,20,-0.15525950586337683,-0.1603873038275785,0.015820098527971532,0.4485141519871647
product,7/10,tqpp_liu,17,20,-0.14719179738033633,-0.15187845952903767,0.014069552800677025,0.4485141519871647
product,7/10,tqpp_liu,18,20,-0.1566989100156909,-0.16074610423429958,0.01613009248595654,0.4485141519871647
product,7/10,tqpp_liu,19,20,-0.16780799674254027,-0.17287449703578917,0.016004278401111904,0.4485141519871647
product,7/10,tqpp_liu,20,20,-0.1619434466811814,-0.1665814766402937,0.015775092320390753,0.4485141519871647
product,9/10,crh,1,20,-0.1486553479379042,-0.14663715047697257,0.014461853916380383,0.3657112371121134
product,9/10,crh,2,20,-0.1584097350009715,-0.15803432158240893,0.012681300573276728,0.3657112371121134
product,9/10,crh,3,20,-0.1499992173300444,-0.14784620937370258,0.01493302228478236,0.3657112371121134
product,9/10,crh,4,20,-0.13101391647389463,-0.1273987898331289,0.016430157067487027,0.3657112371121134
product,9/10,crh,5,20,-0.15299368870062077,-0.15371593280517182,0.012138375254458126,0.3657112371121134
product,9/10,crh,6,20,-0.14675350592444644,-0.14659968350195057,0.013740668243639436,0.3657112371121134
product,9/10,crh,7,20,-0.14836162395832975,-0.14735127198634718,0.012681603457169696,0.3657112371121134
product,9/10,crh,8,20,-0.14929592157303176,-0.14689437763658253,0.0157922345135959,0.3657112371121134
product,9/10,crh,9,20,-0.14000525392334406,-0.13863302553753543,0.014657288349083279,0.3657112371121134
product,9/10,crh,10,20,-0.1429874069090196,-0.14096027128511796,0.013848233448540638,0.3657112371121134
product,9/10,crh,11,20,-0.14520171983521718,-0.14438682896760457,0.013795780584127334,0.3657112371121134
product,9/10,crh,12,20,-0.1393970679775583,-0.137827708577189,0.014442974524643583,0.3657112371121134
product,9/10,crh,13,20,-0.13292824266768036,-0.13017393434246205,0.016178368034865723,0.3657112371121134
product,9/10,crh,14,20,-0.1449652159969252,-0.14323690670778144,0.015480309190857354,0.3657112371121134
product,9/10,crh,15,20,-0.1518385339857624,-0.1529445033693193,0.012513216980527129,0.3657112371121134
product,9/10,crh,16,20,-0.1440524066640311,-0.14289048930450032,0.01198207215319747,0.3657112371121134
product,9/10,crh,17,20,-0.13384914424336025,-0.132897748403407,0.012867541438978707,0.3657112371121134
product,9/10,crh,18,20,-0.14740467350979256,-0.14638216447068503,0.012551679149874928,0.3657112371121134
product,9/10,crh,19,20,-0.1555964015335472,-0.15459116829732128,0.013518675946132914,0.3657112371121134
product,9/10,crh,20,20,-0.14481424561959072,-0.14306430386942037,0.014903209655485018,0.3657112371121134
product,9/10,pptd_liang,1,20,-0.1486553479379042,-0.14663715047697257,0.014461853916380383,0.3657112371121134
product,9/10,pptd_liang,2,20,-0.1584097350009715,-0.15803432158240893,0.012681300573276728,0.3657112371121134
product,9/10,pptd_liang,3,20,-0.1499992173300444,-0.14784620937370258,0.01493302228478236,0.3657112371121134
product,9/10,pptd_liang,4,20,-0.13101391647389463,-0.1273987898331289,0.016430157067487027,0.3657112371121134
product,9/10,pptd_liang,5,20,-0.15299368870062077,-0.15371593280517182,0.012138375254458126,0.3657112371121134
product,9/10,pptd_liang,6,20,-0.14675350592444644,-0.14659968350195057,0.013740668243639436,0.3657112371121134
product,9/10,pptd_liang,7,20,-0.14836162395832975,-0.14735127198634718,0.012681603457169696,0.3657112371121134
product,9/10,pptd_liang,8,20,-0.14929592157303176,-0.14689437763658253,0.0157922345135959,0.3657112371121134
product,9/10,pptd_liang,9,20,-0.14000525392334406,-0.13863302553753543,0.014657288349083279,0.3657112371121134
product,9/10,pptd_liang,10,20,-0.1429874069090196,-0.14096027128511796,0.013848233448540638,0.3657112371121134
product,9/10,pptd_liang,11,20,-0.14520171983521718,-0.14438682896760457,0.013795780584127334,0.3657112371121134
product,9/10,pptd_liang,12,20,-0.1393970679775583,-0.137827708577189,0.014442974524643583,0.3657112371121134
product,9/10,pptd_liang,13,20,-0.13292824266768036,-0.13017393434246205,0.016178368034865723,0.3657112371121134
product,9/10,pptd_liang,14,20,-0.1449652159969252,-0.14323690670778144,0.015480309190857354,0.3657112371121134
product,9/10,pptd_liang,15,20,-0.1518385339857624,-0.1529445033693193,0.012513216980527129,0.3657112371121134
product,9/10,pptd_liang,16,20,-0.1440524066640311,-0.14289048930450032,0.01198207215319747,0.3657112371121134
product,9/10,pptd_liang,17,20,-0.13384914424336025,-0.132897748403407,0.012867541438978707,0.3657112371121134
product,9/10,pptd_liang,18,20,-0.14740467350979256,-0.14638216447068503,0.012551679149874928,0.3657112371121134
product,9/10,pptd_liang,19,20,-0.1555964015335472,-0.15459116829732128,0.013518675946132914,0.3657112371121134
product,9/10,pptd_liang,20,20,-0.14481424561959072,-0.14306430386942037,0.014903209655485018,0.3657112371121134
product,9/10,tqpp_liu,1,20,-0.1485672470811958,-0.14657878403836072,0.014455698640446582,0.3657112371121134
product,9/10,tqpp_liu,2,20,-0.15833322820294152,-0.15803432158240893,0.012692969554348586,0.3657112371121134
product,9/10,tqpp_liu,3,20,-0.14991803860046157,-0.14772705405587122,0.014917849238044737,0.3657112371121134
product,9/10,tqpp_liu,4,20,-0.13092144475639095,-0.12734089402999382,0.016418931174068205,0.3657112371121134
product,9/10,tqpp_liu,5,20,-0.1529130075808829,-0.15365802473151496,0.01213615178771021,0.3657112371121134
product,9/10,tqpp_liu,6,20,-0.14666109185320111,-0.14648202669070964,0.013730184113371255,0.3657112371121134
product,9/10,tqpp_liu,7,20,-0.14828163222561658,-0.14729309694772574,0.012646624714110578,0.3657112371121134
product,9/10,tqpp_liu,8,20,-0.1492147694947453,-0.1468362303012412,0.015789215816739817,0.3657112371121134
product,9/10,tqpp_liu,9,20,-0.13991850021597357,-0.13863302553753543,0.014649844049410695,0.3657112371121134
product,9/10,tqpp_liu,10,20,-0.1428950524937276,-0.14078247404822486,0.01383737130225319,0.3657112371121134
product,9/10,tqpp_liu,11,20,-0.14512110049496532,-0.14426975425840483,0.013797355707222264,0.3657112371121134
product,9/10,tqpp_liu,12,20,-0.13930986599052383,-0.13770805404319458,0.014428117008381328,0.3657112371121134
product,9/10,tqpp_liu,13,20,-0.13283590341288498,-0.12999674050599802,0.016163126661720064,0.3657112371121134
product,9/10,tqpp_liu,14,20,-0.14487255382077266,-0.1431783834833446,0.015467359104223696,0.3657112371121134
product,9/10,tqpp_liu,15,20,-0.15174621360858875,-0.15281247958008037,0.012509216995832502,0.3657112371121134
product,9/10,tqpp_liu,16,20,-0.1439603947479942,-0.1427622947630381,0.011973984975883098,0.3657112371121134
product,9/10,tqpp_liu,17,20,-0.133757275980357,-0.13277063516580634,0.012854174490167665,0.3657112371121134
product,9/10,tqpp_liu,18,20,-0.14731202173845115,-0.14632295630840808,0.012543633059388683,0.3657112371121134
product,9/10,tqpp_liu,19,20,-0.15550970241469905,-0.15447223430158574,0.013508708457990936,0.3657112371121134
product,9/10,tqpp_liu,20,20,-0.14472175472585344,-0.14294520447120201,0.014890347723674164,0.3657112371121134
weather,1/10,crh,1,9,0.005013051177772047,0.004965916941405954,0.0023938491121860183,0.024227832435606864
weather,1/10,crh,2,9,0.005473722413253267,0.005527511399335803,0.0023880929665787837,0.024227832435606864
weather,1/10,crh,3,9,0.005195515801990876,0.0058069528922684455,0.0025395033126866663,0.024227832435606864
weather,1/10,crh,4,9,0.005562878074018359,0.005420636311103184,0.0024649477160818894,0.024227832435606864
weather,1/10,crh,5,9,0.004637437268494779,0.004890073984078133,0.002698558706013262,0.024227832435606864
weather,1/10,crh,6,9,0.005780796057638602,0.005640772362854544,0.0025000008006458917,0.024227832435606864
weather,1/10,crh,7,9,0.005539187483897138,0.0048578804159528,0.002640762848374473,0.024227832435606864
weather,1/10,crh,8,9,0.004941670745638017,0.004851781961446748,0.002609968836471307,0.024227832435606864
weather,1/10,crh,9,9,0.0052823688070216335,0.005164383736996032,0.0024828926557935514,0.024227832435606864
weather,1/10,crh,10,9,0.005266299636038679,0.004848773050092311,0.002505572949200185,0.024227832435606864
weather,1/10,crh,11,9,0.004873634201688055,0.004534120000239665,0.0025050381012881205,0.024227832435606864
weather,1/10,crh,12,9,0.00573920889122621,0.005364583377650509,0.00242806703094861,0.024227832435606864
weather,1/10,crh,13,9,0.005251125122428289,0.005049620970955309,0.0026446000779663022,0.024227832435606864
weather,1/10,crh,14,9,0.0058092221710180645,0.005165986791220937,0.002502899084140687,0.024227832435606864
weather,1/10,crh,15,9,0.005268906936978015,0.00468247117929616,0.0024841840431933156,0.024227832435606864
weather,1/10,crh,16,9,0.005026576741041189,0.005831526916752719,0.002355559208865436,0.024227832435606864
weather,1/10,crh,17,9,0.005252370187343157,0.0055021128504663935,0.002452068086517201,0.024227832435606864
weather,1/10,crh,18,9,0.005179922588435591,0.005157348802472509,0.0025653399239952655,0.024227832435606864
weather,1/10,crh,19,9,0.005317360857332729,0.005443960892333649,0.0023808299012820183,0.024227832435606864
weather,1/10,crh,20,9,0.004724481627741518,0.005431965387152713,0.002523122895787519,0.024227832435606864
weather,1/10,pptd_liang,1,9,0.0007043919321618934,0.0004088016617376511,0.0017633669990736863,0.024227832435606864
weather,1/10,pptd_liang,2,9,0.0011352426838475177,0.0007466935232102283,0.0018006130502288278,0.024227832435606864
weather,1/10,pptd_liang,3,9,0.0008753871102044978,0.0006743624707120366,0.0020757767004572826,0.024227832435606864
weather,1/10,pptd_liang,4,9,0.001242532652825134,0.0008738011814365225,0.001839948911539321,0.024227832435606864
weather,1/10,pptd_liang,5,9,0.0002999607326341356,0.0002370592094303181,0.002127370615425059,0.024227832435606864
weather,1/10,pptd_liang,6,9,0.0014320711493814588,0.0013177657912639973,0.0018672115395724582,0.024227832435606864
weather,1/10,pptd_liang,7,9,0.001179013241818513,0.0008523692836745131,0.0019882075220042828,0.024227832435606864
weather,1/10,pptd_liang,8,9,0.000617860109016221,0.00046767342826673636,0.0019991899960376505,0.024227832435606864
weather,1/10,pptd_liang,9,9,0.0009275493080217288,0.0007965261079733235,0.0018227820601898301,0.024227832435606864
weather,1/10,pptd_liang,10,9,0.0009248396918921956,0.0004422308664542296,0.0018477622806243874,0.024227832435606864
weather,1/10,pptd_liang,11,9,0.0005381660716793032,0.00012409451111653272,0.0018626962158127549,0.024227832435606864
weather,1/10,pptd_liang,12,9,0.001408179706544386,0.0010797406871073945,0.0017911577392077595,0.024227832435606864
weather,1/10,pptd_liang,13,9,0.000955892562678151,0.00013635894136790686,0.002060609658497896,0.024227832435606864
weather,1/10,pptd_liang,14,9,0.0014718882566079467,0.0013889815548991137,0.0018051811306402101,0.024227832435606864
weather,1/10,pptd_liang,15,9,0.0009809330329338872,0.0003968887720114597,0.001812102335689549,0.024227832435606864
weather,1/10,pptd_liang,16,9,0.0007242011672393988,0.00035237221748979017,0.0019231693505485207,0.024227832435606864
weather,1/10,pptd_liang,17,9,0.0009415817877110933,0.0006297317213745032,0.0018614233650570081,0.024227832435606864
weather,1/10,pptd_liang,18,9,0.000864175581446802,0.0007728408284004423,0.0019549911281690016,0.024227832435606864
weather,1/10,pptd_liang,19,9,0.0009837389401898867,0.0007780733012070981,0.0017689118586665003,0.024227832435606864
weather,1/10,pptd_liang,20,9,0.0004196912540535118,0.0005233181275179077,0.0020420049302633135,0.024227832435606864
weather,1/10,tqpp_liu,1,9,-0.05027804268045171,-0.058447673897906297,0.022961684249333442,0.024227832435606864
weather,1/10,tqpp_liu,2,9,-0.04999897370864775,-0.05826376914091187,0.0231015354267529,0.024227832435606864
weather,1/10,tqpp_liu,3,9,-0.05010340130230744,-0.05821917267890945,0.02321159796175812,0.024227832435606864
weather,1/10,tqpp_liu,4,9,-0.04973170126764115,-0.05774698266847518,0.023027583154820067,0.024227832435606864
weather,1/10,tqpp_liu,5,9,-0.05083783949872637,-0.059202309363534156,0.023081177487977094,0.024227832435606864
weather,1/10,tqpp_liu,6,9,-0.04969768676446143,-0.057947091813583054,0.023026920566730308,0.024227832435606864
weather,1/10,tqpp_liu,7,9,-0.05004027274299326,-0.05790197706810503,0.023203875122882113,0.024227832435606864
weather,1/10,tqpp_liu,8,9,-0.05072621446074391,-0.05896317282189084,0.023299321007492955,0.024227832435606864
weather,1/10,tqpp_liu,9,9,-0.049999620115081855,-0.05815146855351007,0.02291206786074849,0.024227832435606864
weather,1/10,tqpp_liu,10,9,-0.05026818445024044,-0.0584131226130518,0.02302675872651843,0.024227832435606864
weather,1/10,tqpp_liu,11,9,-0.05045067979493772,-0.05872457209379875,0.023118936006314605,0.024227832435606864
weather,1/10,tqpp_liu,12,9,-0.0497444992615104,-0.05758435333137573,0.0230735471293083,0.024227832435606864
weather,1/10,tqpp_liu,13,9,-0.05008668387157494,-0.0582827023031115,0.023227080994954973,0.024227832435606864
weather,1/10,tqpp_liu,14,9,-0.049650681443110994,-0.05744513811095798,0.02298020902716533,0.024227832435606864
weather,1/10,tqpp_liu,15,9,-0.050259207781978635,-0.05806325614966085,0.023109711390266758,0.024227832435606864
weather,1/10,tqpp_liu,16,9,-0.05029121663959277,-0.05820619188431317,0.023108259974978212,0.024227832435606864
weather,1/10,tqpp_liu,17,9,-0.05026887324021914,-0.05855353447918492,0.023095350013741345,0.024227832435606864
weather,1/10,tqpp_liu,18,9,-0.05010906680327035,-0.058420714573311404,0.02303652698445166,0.024227832435606864
weather,1/10,tqpp_liu,19,9,-0.05039483355123742,-0.05858173008281922,0.023045743866652202,0.024227832435606864
weather,1/10,tqpp_liu,20,9,-0.05057089464910432,-0.05865104769072947,0.023189692197257413,0.024227832435606864
weather,1/2,crh,1,20,-0.07229812754941585,-0.07406925050263384,0.010050063826267705,0.12322462124973992
weather,1/2,crh,2,20,-0.06817161660626819,-0.06992175292559058,0.009798762654331565,0.12322462124973992
weather,1/2,crh,3,20,-0.06507421263676542,-0.0668261573566506,0.009644421314574454,0.12322462124973992
weather,1/2,crh,4,20,-0.06821104707185782,-0.0705747810595296,0.010046432678561678,0.12322462124973992
weather,1/2,crh,5,20,-0.07200886112685495,-0.07308679198613786,0.010377512848586387,0.12322462124973992
weather,1/2,crh,6,20,-0.0636611930131902,-0.06509979452099682,0.009834495140161865,0.12322462124973992
weather,1/2,crh,7,20,-0.06786141667814777,-0.06988264520164858,0.010319867112373841,0.12322462124973992
weather,1/2,crh,8,20,-0.07393761420213621,-0.0759970081581233,0.010164502337520778,0.12322462124973992
weather,1/2,crh,9,20,-0.07018055782557653,-0.07265370192392133,0.009793194616669533,0.12322462124973992
weather,1/2,crh,10,20,-0.07326250335114969,-0.07527030712629466,0.010032083504128809,0.12322462124973992
weather,1/2,crh,11,20,-0.07281083573510097,-0.07444331906656401,0.010036638707387205,0.12322462124973992
weather,1/2,crh,12,20,-0.07226338085120865,-0.07480324631107864,0.010198697280286675,0.12322462124973992
weather,1/2,crh,13,20,-0.0692518046344387,-0.071437969392061,0.010365122900042387,0.12322462124973992
weather,1/2,crh,14,20,-0.06902086701222812,-0.07075277028873177,0.009754317709381727,0.12322462124973992
weather,1/2,crh,15,20,-0.06783802984855561,-0.07013597188592663,0.010238698988254621,0.12322462124973992
weather,1/2,crh,16,20,-0.06725715116917715,-0.06950000379362754,0.009242335833566056,0.12322462124973992
weather,1/2,crh,17,20,-0.06697093088324704,-0.06879586626070643,0.009329904371749437,0.12322462124973992
weather,1/2,crh,18,20,-0.07101506270531208,-0.0731086299001496,0.010121358765187325,0.12322462124973992
weather,1/2,crh,19,20,-0.07029554587665958,-0.07211789791034823,0.009575314544490777,0.12322462124973992
weather,1/2,crh,20,20,-0.06663275497023198,-0.06867180841224904,0.009642103450655666,0.12322462124973992
weather,1/2,pptd_liang,1,20,-0.061392918905195784,-0.06156672821583959,0.0062618917939871645,0.12322462124973992
weather,1/2,pptd_liang,2,20,-0.05729821083686439,-0.05816071368618329,0.005929417445088304,0.12322462124973992
weather,1/2,pptd_liang,3,20,-0.0540205743382695,-0.05422786384891075,0.005693662839063154,0.12322462124973992
weather,1/2,pptd_liang,4,20,-0.05717800223842686,-0.05826272570227807,0.006207092448476161,0.12322462124973992
weather,1/2,pptd_liang,5,20,-0.061143003442640134,-0.06090469157023849,0.0065392094904470075,0.12322462124973992
weather,1/2,pptd_liang,6,20,-0.052772220696739036,-0.053288444750610786,0.005963058408925427,0.12322462124973992
weather,1/2,pptd_liang,7,20,-0.056886192814909906,-0.0576073611048567,0.006435410830669696,0.12322462124973992
weather,1/2,pptd_liang,8,20,-0.06287058660481831,-0.06327264411042507,0.006258675891296895,0.12322462124973992
weather,1/2,pptd_liang,9,20,-0.05927675614027086,-0.05963594909154247,0.00610400834510963,0.12322462124973992
weather,1/2,pptd_liang,10,20,-0.06238772617414229,-0.06261040471947445,0.0062474046923383705,0.12322462124973992
weather,1/2,pptd_liang,11,20,-0.061972157568397836,-0.06111841586004512,0.006340314825642977,0.12322462124973992
weather,1/2,pptd_liang,12,20,-0.0612808530496579,-0.06226870188114679,0.006455558293850065,0.12322462124973992
weather,1/2,pptd_liang,13,20,-0.05842673553394654,-0.05936008932960483,0.006511800134986115,0.12322462124973992
weather,1/2,pptd_liang,14,20,-0.058049039964470896,-0.05884582798108277,0.005846426305914407,0.12322462124973992
weather,1/2,pptd_liang,15,20,-0.05682870930019017,-0.05707006824031808,0.006553202663146431,0.12322462124973992
weather,1/2,pptd_liang,16,20,-0.056227518560602284,-0.05712266777842958,0.005320965133370514,0.12322462124973992
weather,1/2,pptd_liang,17,20,-0.05598035269037838,-0.05657889684080939,0.005474899282578454,0.12322462124973992
weather,1/2,pptd_liang,18,20,-0.060032597080882655,-0.06010201122470382,0.006389680891026506,0.12322462124973992
weather,1/2,pptd_liang,19,20,-0.05951486416934709,-0.061152553806930264,0.005624381063537026,0.12322462124973992
weather,1/2,pptd_liang,20,20,-0.05558626697452377,-0.05636350251972643,0.005825892471806574,0.12322462124973992
weather,1/2,tqpp_liu,1,20,0.06674374956784651,0.08522826749938839,0.0287438049461947,0.12322462124973992
weather,1/2,tqpp_liu,2,20,0.07144321095158516,0.08998563439977406,0.029332618231922684,0.12322462124973992
weather,1/2,tqpp_liu,3,20,0.07435128004919277,0.09406169218244317,0.029801970016627894,0.12322462124973992
weather,1/2,tqpp_liu,4,20,0.07137515605347051,0.09014792320168269,0.029368478734195815,0.12322462124973992
weather,1/2,tqpp_liu,5,20,0.06576692754963727,0.08447432599571988,0.02910592716077093,0.12322462124973992
weather,1/2,tqpp_liu,6,20,0.07591101540563376,0.09419718882482764,0.029116579147518962,0.12322462124973992
weather,1/2,tqpp_liu,7,20,0.07159438493763923,0.09098191493311064,0.029770977857385462,0.12322462124973992
weather,1/2,tqpp_liu,8,20,0.06547243252556233,0.08500864893851486,0.030099169314657146,0.12322462124973992
weather,1/2,tqpp_liu,9,20,0.06881724155714619,0.08691434223878099,0.02863006207902878,0.12322462124973992
weather,1/2,tqpp_liu,10,20,0.0651883376241819,0.0836336821978324,0.029377856329932728,0.12322462124973992
weather,1/2,tqpp_liu,11,20,0.06578685951347525,0.08393716601780063,0.029185370912312283,0.12322462124973992
weather,1/2,tqpp_liu,12,20,0.06664314540612992,0.08522952380733875,0.029293439841940355,0.12322462124973992
weather,1/2,tqpp_liu,13,20,0.06951215611946399,0.08763222447827747,0.02910464000005687,0.12322462124973992
weather,1/2,tqpp_liu,14,20,0.07029947927547328,0.0890678235869046,0.029762474589835594,0.12322462124973992
weather,1/2,tqpp_liu,15,20,0.071758864000716,0.090209758358261,0.028840218534018528,0.12322462124973992
weather,1/2,tqpp_liu,16,20,0.07215734563257856,0.09087140445457655,0.029137427256572684,0.12322462124973992
weather,1/2,tqpp_liu,17,20,0.07283625420942816,0.09173520161039811,0.029738414925127125,0.12322462124973992
weather,1/2,tqpp_liu,18,20,0.06827920799525534,0.08645923227653023,0.0287331314446862,0.12322462124973992
weather,1/2,tqpp_liu,19,20,0.06809235896786327,0.08672019146271422,0.0294460176836727,0.12322462124973992
weather,1/2,tqpp_liu,20,20,0.07283329805111907,0.09125053969798072,0.028981164140426015,0.12322462124973992
weather,3/10,crh,1,20,-0.002598050071853977,-0.0005715853786444451,0.006978093349981192,0.05286282906501787
weather,3/10,crh,2,20,-0.0003358233343208481,0.001870105842790664,0.006733556445901044,0.05286282906501787
weather,3/10,crh,3,20,0.0012555708128586872,0.0026752737083293524,0.00676657647697761,0.05286282906501787
weather,3/10,crh,4,20,-0.000833101644563412,0.0008284772507637581,0.007210712436460545,0.05286282906501787
weather,3/10,crh,5,20,-0.0028487848378105835,-0.0012309286736072664,0.007078570853553819,0.05286282906501787
weather,3/10,crh,6,20,0.001809092402543442,0.00399263970168591,0.006823023822820197,0.05286282906501787
weather,3/10,crh,7,20,-0.0009457931714014354,0.0011633202153845633,0.007261526633441901,0.05286282906501787
weather,3/10,crh,8,20,-0.0032849146250937392,-0.0009758111636515195,0.007009073200521272,0.05286282906501787
weather,3/10,crh,9,20,-0.001787957893875038,-4.396185278099721e-05,0.006888444724372694,0.05286282906501787
weather,3/10,crh,10,20,-0.0031380180988894216,-0.001330465095929715,0.0070518879922287486,0.05286282906501787
weather,3/10,crh,11,20,-0.0028186601343800663,-0.001120145547687048,0.006699343250861577,0.05286282906501787
weather,3/10,crh,12,20,-0.0024573375893643798,-0.0007151929257629523,0.007294995219027327,0.05286282906501787
weather,3/10,crh,13,20,-0.0008828799220631098,0.0009174111692848291,0.006818086666838502,0.05286282906501787
weather,3/10,crh,14,20,-0.00092414940162442,0.0010909328888339814,0.0067031191397117764,0.05286282906501787
weather,3/10,crh,15,20,-0.0006237457917533593,0.0009532706865085262,0.006882362786516911,0.05286282906501787
weather,3/10,crh,16,20,-5.16043629553084e-05,0.0017675871680392294,0.006583845833034971,0.05286282906501787
weather,3/10,crh,17,20,-0.00012654750936726133,0.001677781060515117,0.006690386902484642,0.05286282906501787
weather,3/10,crh,18,20,-0.002148769530518749,-0.0004955312132657493,0.007082273802570711,0.05286282906501787
weather,3/10,crh,19,20,-0.0020349997237130543,0.00029170932118450024,0.0068719515455307745,0.05286282906501787
weather,3/10,crh,20,20,0.00023588212147853012,0.002628267397722015,0.0067840157873053485,0.05286282906501787
weather,3/10,pptd_liang,1,20,-0.01887131749576188,-0.018533857642289254,0.006367381926208488,0.05286282906501787
weather,3/10,pptd_liang,2,20,-0.016564758544187656,-0.01608531897782287,0.006029468854257863,0.05286282906501787
weather,3/10,pptd_liang,3,20,-0.01508644258251629,-0.015393835240107519,0.0058692988343233745,0.05286282906501787
weather,3/10,pptd_liang,4,20,-0.017076165608553625,-0.016662141854920036,0.006452405568903523,0.05286282906501787
weather,3/10,pptd_liang,5,20,-0.018929056211417116,-0.018910936954669867,0.006426491546035827,0.05286282906501787
weather,3/10,pptd_liang,6,20,-0.01447593580779145,-0.014132301653752361,0.006058790659501968,0.05286282906501787
weather,3/10,pptd_liang,7,20,-0.017239238457479093,-0.01694180063330266,0.0065027569189745746,0.05286282906501787
weather,3/10,pptd_liang,8,20,-0.019578259194998483,-0.01939281611593833,0.006263356894855122,0.05286282906501787
weather,3/10,pptd_liang,9,20,-0.01807914230670132,-0.017882026127167217,0.006306189749545639,0.05286282906501787
weather,3/10,pptd_liang,10,20,-0.01925370353920742,-0.018965837448134012,0.006441008234398451,0.05286282906501787
weather,3/10,pptd_liang,11,20,-0.01898752659068826,-0.01891509455863759,0.006110870148558014,0.05286282906501787
weather,3/10,pptd_liang,12,20,-0.01867106767671236,-0.018400901580661284,0.006649302307522762,0.05286282906501787
weather,3/10,pptd_liang,13,20,-0.017053964046545377,-0.016496052519783512,0.00618180626085522,0.05286282906501787
weather,3/10,pptd_liang,14,20,-0.017184982620080388,-0.01661768929205439,0.0060210730686758645,0.05286282906501787
weather,3/10,pptd_liang,15,20,-0.016935191626736415,-0.016852990345688306,0.006317500995358561,0.05286282906501787
weather,3/10,pptd_liang,16,20,-0.01633745771684205,-0.01557575639569386,0.005689045170483218,0.05286282906501787
weather,3/10,pptd_liang,17,20,-0.016391284094771363,-0.015906501632007828,0.005893961052215994,0.05286282906501787
weather,3/10,pptd_liang,18,20,-0.01838202414332138,-0.01819216843252073,0.0064591867412630505,0.05286282906501787
weather,3/10,pptd_liang,19,20,-0.018182090671715938,-0.01741130945495592,0.0060630041704458695,0.05286282906501787
weather,3/10,pptd_liang,20,20,-0.01610442205397919,-0.015114343681209442,0.005922175770696326,0.05286282906501787
weather,3/10,tqpp_liu,1,20,-0.0023904731770885987,-0.021811674767844378,0.030727266297258048,0.05286282906501787
weather,3/10,tqpp_liu,2,20,0.00015663744665200992,-0.019305862628329732,0.031060050278978527,0.05286282906501787
weather,3/10,tqpp_liu,3,20,0.0014299516726374354,-0.017278886059883935,0.031137671930099614,0.05286282906501787
weather,3/10,tqpp_liu,4,20,-0.00038263556765380237,-0.019439619072405528,0.03079877599632236,0.05286282906501787
weather,3/10,tqpp_liu,5,20,-0.0028817139432028758,-0.022645469263097052,0.030844068001964084,0.05286282906501787
weather,3/10,tqpp_liu,6,20,0.0022444640242022707,-0.01676576912682784,0.030927978197317848,0.05286282906501787
weather,3/10,tqpp_liu,7,20,-0.0006629154936953544,-0.020376959154320737,0.031301031149478936,0.05286282906501787
weather,3/10,tqpp_liu,8,20,-0.0031457632552060284,-0.02315094588256912,0.03144745570611922,0.05286282906501787
weather,3/10,tqpp_liu,9,20,-0.001559595811071066,-0.020383344659720273,0.030597256422884026,0.05286282906501787
weather,3/10,tqpp_liu,10,20,-0.0028607703164617304,-0.022015157132409476,0.03078871053697735,0.05286282906501787
weather,3/10,tqpp_liu,11,20,-0.0026575192761188375,-0.021604158139475128,0.030939335626358203,0.05286282906501787
weather,3/10,tqpp_liu,12,20,-0.002161960984632975,-0.02177420064459253,0.030834353607874287,0.05286282906501787
weather,3/10,tqpp_liu,13,20,-0.0005281723869294142,-0.020007327655781084,0.031000828650428747,0.05286282906501787
weather,3/10,tqpp_liu,14,20,-0.0006154781424126624,-0.01958845616847055,0.031172641267083377,0.05286282906501787
weather,3/10,tqpp_liu,15,20,-0.0002681773427125861,-0.019924475993580926,0.031061846819915605,0.05286282906501787
weather,3/10,tqpp_liu,16,20,0.00010396437757983455,-0.018608998089037886,0.030944917396393264,0.05286282906501787
weather,3/10,tqpp_liu,17,20,0.0003201689931149394,-0.018424903268105978,0.030905964355520527,0.05286282906501787
weather,3/10,tqpp_liu,18,20,-0.0017199568623090292,-0.02055729106936765,0.030537931248617787,0.05286282906501787
weather,3/10,tqpp_liu,19,20,-0.0021160531998528735,-0.020701144211049943,0.030915388719481667,0.05286282906501787
weather,3/10,tqpp_liu,20,20,0.00040060487657677876,-0.01795835418048505,0.030947881365951252,0.05286282906501787
weather,7/10,crh,1,20,-0.08630741420758124,-0.08617550807213492,0.0028131100892472794,0.1595154677307384
weather,7/10,crh,2,20,-0.08229967384466816,-0.0824069848486653,0.0031690270827408494,0.1595154677307384
weather,7/10,crh,3,20,-0.07884697743031731,-0.07923912119580077,0.003340808450666207,0.1595154677307384
weather,7/10,crh,4,20,-0.08099815446427963,-0.0819742293107168,0.003299566993182873,0.1595154677307384
weather,7/10,crh,5,20,-0.08580101849946697,-0.08601066433579779,0.0033790919699841038,0.1595154677307384
weather,7/10,crh,6,20,-0.0769119400681468,-0.07739245406960941,0.0032137570499273407,0.1595154677307384
weather,7/10,crh,7,20,-0.08057975053176226,-0.08113412947071755,0.0037622433455243407,0.1595154677307384
weather,7/10,crh,8,20,-0.0878597422671615,-0.08818699570268397,0.0034491179989860473,0.1595154677307384
weather,7/10,crh,9,20,-0.08333683024049232,-0.08354659020928308,0.002672792613709536,0.1595154677307384
weather,7/10,crh,10,20,-0.0872157416368906,-0.08755599718077568,0.003263460185377232,0.1595154677307384
weather,7/10,crh,11,20,-0.08672592219039141,-0.08633118161929702,0.0030762643501927407,0.1595154677307384
weather,7/10,crh,12,20,-0.08607066196071393,-0.08673096107618358,0.0033782915404354944,0.1595154677307384
weather,7/10,crh,13,20,-0.08284581101374078,-0.08324583923920237,0.003346276309634403,0.1595154677307384
weather,7/10,crh,14,20,-0.0822530582508385,-0.08237646004356024,0.0033753742975882518,0.1595154677307384
weather,7/10,crh,15,20,-0.08080346408044978,-0.08066317574717424,0.003193108126069911,0.1595154677307384
weather,7/10,crh,16,20,-0.0805822050247029,-0.08142178197191939,0.0026721636753191994,0.1595154677307384
weather,7/10,crh,17,20,-0.07995012165212903,-0.08105567527632257,0.003180367827823323,0.1595154677307384
weather,7/10,crh,18,20,-0.08423554793340732,-0.084731200033897,0.0029851028827947218,0.1595154677307384
weather,7/10,crh,19,20,-0.0842380896474045,-0.08491210250266559,0.0030349105866104118,0.1595154677307384
weather,7/10,crh,20,20,-0.08035900967239437,-0.08049347218691671,0.0028158896088115947,0.1595154677307384
weather,7/10,pptd_liang,1,20,-0.06931077285564935,-0.06944381599777191,0.002459963172267585,0.1595154677307384
weather,7/10,pptd_liang,2,20,-0.0652261404540681,-0.06497343979383349,0.0024001582036221798,0.1595154677307384
weather,7/10,pptd_liang,3,20,-0.06172916459190188,-0.061141551219686716,0.002406431268692387,0.1595154677307384
weather,7/10,pptd_liang,4,20,-0.06399605292266314,-0.06360606471394228,0.002378423267494354,0.1595154677307384
weather,7/10,pptd_liang,5,20,-0.06892322790765597,-0.0684957107832572,0.002791541826812288,0.1595154677307384
weather,7/10,pptd_liang,6,20,-0.05985404156750327,-0.059474714897561134,0.0024321778666208304,0.1595154677307384
weather,7/10,pptd_liang,7,20,-0.06352771624915371,-0.06293308401931522,0.0028283717272396987,0.1595154677307384
weather,7/10,pptd_liang,8,20,-0.07078543528691558,-0.07006388371672839,0.0025307302828392214,0.1595154677307384
weather,7/10,pptd_liang,9,20,-0.06628135427492837,-0.06621443831025285,0.0022835771525244386,0.1595154677307384
weather,7/10,pptd_liang,10,20,-0.07035873097881704,-0.06988551230143578,0.002473398027057715,0.1595154677307384
weather,7/10,pptd_liang,11,20,-0.06976897934350992,-0.06960636341162456,0.002668411437899848,0.1595154677307384
weather,7/10,pptd_liang,12,20,-0.06909517297416494,-0.06858134049201126,0.002516604390733827,0.1595154677307384
weather,7/10,pptd_liang,13,20,-0.06588605772892822,-0.06553567158206408,0.0027683308505037276,0.1595154677307384
weather,7/10,pptd_liang,14,20,-0.0651914252920549,-0.06476706547660982,0.0023223650672032775,0.1595154677307384
weather,7/10,pptd_liang,15,20,-0.06368791605782698,-0.0634071488047404,0.002936095294602704,0.1595154677307384
weather,7/10,pptd_liang,16,20,-0.06350543884150557,-0.0635625739957877,0.0018834293467425874,0.1595154677307384
weather,7/10,pptd_liang,17,20,-0.06289245786816475,-0.06259091197314387,0.0020972527361893508,0.1595154677307384
weather,7/10,pptd_liang,18,20,-0.06721709413181813,-0.06711934589763649,0.0025066225895092713,0.1595154677307384
weather,7/10,pptd_liang,19,20,-0.06730273080530966,-0.0671779689569297,0.0020551864854653785,0.1595154677307384
weather,7/10,pptd_liang,20,20,-0.0632605889663274,-0.06349583476243922,0.002454386429258348,0.1595154677307384
weather,7/10,tqpp_liu,1,20,0.09788364431494197,0.09890620718081386,0.02430781944676571,0.1595154677307384
weather,7/10,tqpp_liu,2,20,0.1026453928376712,0.10264337220567948,0.02503259907922378,0.1595154677307384
weather,7/10,tqpp_liu,3,20,0.10576294129278314,0.10388038844368896,0.025180844018082245,0.1595154677307384
weather,7/10,tqpp_liu,4,20,0.1037565788317238,0.1029935955460642,0.02499470238888561,0.1595154677307384
weather,7/10,tqpp_liu,5,20,0.0967167453294711,0.09651674841406786,0.02452091438330874,0.1595154677307384
weather,7/10,tqpp_liu,6,20,0.1080702711381087,0.10819002268004974,0.024797361673352454,0.1595154677307384
weather,7/10,tqpp_liu,7,20,0.1039770072672899,0.10376886629096191,0.025577468346500612,0.1595154677307384
weather,7/10,tqpp_liu,8,20,0.09661892883748376,0.09608541873188253,0.025571180576737736,0.1595154677307384
weather,7/10,tqpp_liu,9,20,0.10090627869378281,0.10140934833304538,0.024300932113906184,0.1595154677307384
weather,7/10,tqpp_liu,10,20,0.09599890007088843,0.09605308267703916,0.025083690511447796,0.1595154677307384
weather,7/10,tqpp_liu,11,20,0.0969841330143179,0.09747299144765828,0.02478087172934161,0.1595154677307384
weather,7/10,tqpp_liu,12,20,0.09786767959512813,0.09807936707000287,0.024988590483074006,0.1595154677307384
weather,7/10,tqpp_liu,13,20,0.10098332957580025,0.10138903399778247,0.02482918221192505,0.1595154677307384
weather,7/10,tqpp_liu,14,20,0.10228295915257697,0.1023756471715806,0.025458756345957085,0.1595154677307384
weather,7/10,tqpp_liu,15,20,0.1040520076718224,0.10612640309014326,0.024438617481713887,0.1595154677307384
weather,7/10,tqpp_liu,16,20,0.10393568242772855,0.10197189373153709,0.024616395666895753,0.1595154677307384
weather,7/10,tqpp_liu,17,20,0.10506940626288148,0.10322494302523443,0.02524995404441178,0.1595154677307384
weather,7/10,tqpp_liu,18,20,0.10021283624365314,0.09983222126844603,0.024472727954281747,0.1595154677307384
weather,7/10,tqpp_liu,19,20,0.09942970213895294,0.0984276342707017,0.025074384747339494,0.1595154677307384
weather,7/10,tqpp_liu,20,20,0.10430519620908525,0.10326324719973909,0.02422521448111399,0.1595154677307384
weather,9/10,crh,1,9,-0.04012572661420366,-0.04051427621749054,0.0046567295555279406,0.24923881960971245
weather,9/10,crh,2,9,-0.039093573301817015,-0.03928738523812819,0.0042126066130466116,0.24923881960971245
weather,9/10,crh,3,9,-0.03770750579808659,-0.038394378546101005,0.004113105970427661,0.24923881960971245
weather,9/10,crh,4,9,-0.03726347030292923,-0.03751238859974726,0.003820724517820164,0.24923881960971245
weather,9/10,crh,5,9,-0.04040018247954831,-0.040162830040922415,0.004421643705723948,0.24923881960971245
weather,9/10,crh,6,9,-0.03630665847311804,-0.03611612838691641,0.00378572756530736,0.24923881960971245
weather,9/10,crh,7,9,-0.03668955126258338,-0.03677480052600457,0.003603962948935544,0.24923881960971245
weather,9/10,crh,8,9,-0.04121449805660038,-0.041567062447816744,0.004412960613368461,0.24923881960971245
weather,9/10,crh,9,9,-0.038679465728099535,-0.03904400958458831,0.004314018304239042,0.24923881960971245
weather,9/10,crh,10,9,-0.04066250946841334,-0.04063892283140316,0.004604489466742443,0.24923881960971245
weather,9/10,crh,11,9,-0.040565994414975465,-0.040766983226769915,0.004559225385107658,0.24923881960971245
weather,9/10,crh,12,9,-0.03988171148637565,-0.04009936348897389,0.004286040526334258,0.24923881960971245
weather,9/10,crh,13,9,-0.03829353473488014,-0.038047765177952525,0.0039235487904957355,0.24923881960971245
weather,9/10,crh,14,9,-0.037321203170776716,-0.03778920417511039,0.004011556502295234,0.24923881960971245
weather,9/10,crh,15,9,-0.0368459643981543,-0.0369075085798225,0.003987353332944284,0.24923881960971245
weather,9/10,crh,16,9,-0.03865142018954651,-0.039096703896325635,0.004248753476178479,0.24923881960971245
weather,9/10,crh,17,9,-0.037394291229537864,-0.03780760313094045,0.004087760570113585,0.24923881960971245
weather,9/10,crh,18,9,-0.039527680703722055,-0.03957914284638259,0.0041833429309110865,0.24923881960971245
weather,9/10,crh,19,9,-0.03958958032518177,-0.03979528069151089,0.004457996516700542,0.24923881960971245
weather,9/10,crh,20,9,-0.03831365432550738,-0.03873240964633684,0.0042487736985803186,0.24923881960971245
weather,9/10,pptd_liang,1,9,-0.03989306096600028,-0.04012637239000605,0.00458277177291186,0.24923881960971245
weather,9/10,pptd_liang,2,9,-0.038781485366488885,-0.03895151441231004,0.004110888221895445,0.24923881960971245
weather,9/10,pptd_liang,3,9,-0.037420322379085436,-0.03792551275941458,0.004022695237140654,0.24923881960971245
weather,9/10,pptd_liang,4,9,-0.036963658533337426,-0.03720182867734473,0.003716012378302993,0.24923881960971245
weather,9/10,pptd_liang,5,9,-0.040090034698754384,-0.03961241297351237,0.004369371543084085,0.24923881960971245
weather,9/10,pptd_liang,6,9,-0.03598607167723521,-0.035801430104621224,0.0036957905745618764,0.24923881960971245
weather,9/10,pptd_liang,7,9,-0.0364194211535095,-0.03633899327230039,0.0035150384945572253,0.24923881960971245
weather,9/10,pptd_liang,8,9,-0.04092783483791776,-0.041252287129575155,0.004332907589957394,0.24923881960971245
weather,9/10,pptd_liang,9,9,-0.03839163382455827,-0.0387233125603364,0.004230513352798163,0.24923881960971245
weather,9/10,pptd_liang,10,9,-0.04031601730973342,-0.04027553449394869,0.00449880785636228,0.24923881960971245
weather,9/10,pptd_liang,11,9,-0.04026676529753966,-0.0404481815986954,0.0044812739657705,0.24923881960971245
weather,9/10,pptd_liang,12,9,-0.0395913267974742,-0.03980277683484876,0.004174766974841378,0.24923881960971245
weather,9/10,pptd_liang,13,9,-0.03797863600180315,-0.037733179576336456,0.0038618933255826124,0.24923881960971245
weather,9/10,pptd_liang,14,9,-0.03702087953510327,-0.03745802074207355,0.0038915004144058902,0.24923881960971245
weather,9/10,pptd_liang,15,9,-0.03654811457865623,-0.03659467322862375,0.003922531253273616,0.24923881960971245
weather,9/10,pptd_liang,16,9,-0.038400829116579174,-0.03882878275533447,0.004157097723911135,0.24923881960971245
weather,9/10,pptd_liang,17,9,-0.03708248860200583,-0.037488584830108196,0.003991568446500943,0.24923881960971245
weather,9/10,pptd_liang,18,9,-0.03922480651719899,-0.039239878677408524,0.004129093241874207,0.24923881960971245
weather,9/10,pptd_liang,19,9,-0.03930747693022225,-0.03951779655234433,0.004357497036296179,0.24923881960971245
weather,9/10,pptd_liang,20,9,-0.038102803667251745,-0.038472343728562286,0.004199658228290686,0.24923881960971245
weather,9/10,tqpp_liu,1,9,0.11009758785348821,0.11087488913020524,0.0066574609104202,0.24923881960971245
weather,9/10,tqpp_liu,2,9,0.11192150535109474,0.11260209225128029,0.0068433154477124,0.24923881960971245
weather,9/10,tqpp_liu,3,9,0.1130087881143144,0.11340117118667753,0.0067812936751198245,0.24923881960971245
weather,9/10,tqpp_liu,4,9,0.11321479982864092,0.11214864406209299,0.0069714217123232804,0.24923881960971245
weather,9/10,tqpp_liu,5,9,0.10880173393204756,0.10956891424437354,0.006664833537429239,0.24923881960971245
weather,9/10,tqpp_liu,6,9,0.11457512977491208,0.11406171566835419,0.00663563929014498,0.24923881960971245
weather,9/10,tqpp_liu,7,9,0.11402580250024738,0.11277947487660214,0.007006463881821086,0.24923881960971245
weather,9/10,tqpp_liu,8,9,0.10973877332133078,0.11048703177198368,0.006803395841193293,0.24923881960971245
weather,9/10,tqpp_liu,9,9,0.11148257347202994,0.11144336389995127,0.006457931900961309,0.24923881960971245
weather,9/10,tqpp_liu,10,9,0.10925423023736931,0.10969821746374875,0.006440384667443622,0.24923881960971245
weather,9/10,tqpp_liu,11,9,0.10957280334725411,0.11143521556171804,0.006682164754976295,0.24923881960971245
weather,9/10,tqpp_liu,12,9,0.11006485826540136,0.10989740102882595,0.006636718627600415,0.24923881960971245
weather,9/10,tqpp_liu,13,9,0.1116567087169264,0.11095285966466967,0.006910772042364948,0.24923881960971245
weather,9/10,tqpp_liu,14,9,0.11326196079657719,0.11269803899387548,0.006744541288772391,0.24923881960971245
weather,9/10,tqpp_liu,15,9,0.11393618738717172,0.11403715145511237,0.006894581429223307,0.24923881960971245
weather,9/10,tqpp_liu,16,9,0.11210761805463683,0.11288789327719898,0.007103876273620363,0.24923881960971245
weather,9/10,tqpp_liu,17,9,0.11362206840630179,0.11453593486654254,0.006689258144266036,0.24923881960971245
weather,9/10,tqpp_liu,18,9,0.11081620641965183,0.11063067233792287,0.006416421373775339,0.24923881960971245
weather,9/10,tqpp_liu,19,9,0.11049448617975094,0.11076053666146632,0.006513317658597698,0.24923881960971245
weather,9/10,tqpp_liu,20,9,0.11221772924227652,0.11333751122755592,0.00705720572784611,0.24923881960971245
