capability,worker_id,first_task_end_ms,last_task_end_ms,active_span_days,task_count,hidden_calibration_exposures,reentry30_count,final_reputation
50,3,1665986198874,1666317528123,3.834829270833333,4,0,0,0.5
50,54,1665795331546,1673417155692,88.21555724537038,2627,130,1,0.5537773373735484
50,56,1665887339442,1666389336343,5.810149317129629,361,14,0,0.4333505303918711
50,63,1665817751567,1665969845646,1.760348136574074,69,2,0,0.3637500000000001
50,64,1666164443790,1668145960627,22.934222650462964,61,2,0,0.5950000000000001
50,74,1665828950285,1666226582257,4.602221898148148,14,1,0,0.55
50,80,1665789972717,1670403677451,53.39936034722222,3413,179,0,0.6675109922959446
50,81,1665874083358,1665874221407,0.0015977893518518518,2,0,0,0.5
50,91,1666159066560,1670315188849,48.103267233796295,93,5,0,0.4068664583333334
50,99,1665976698876,1666395379725,4.8458431597222225,185,10,0,0.40557094035364605
50,114,1666318204698,1673419088660,82.1861569675926,125,8,1,0.7847663950000001
50,116,1668170466062,1668170902656,0.005053171296296296,9,0,0,0.5
50,126,1665885368898,1673414903612,87.14739252314814,113,1,1,0.55
50,128,1665910222408,1673417131795,86.8855253125,529,29,1,0.7445401161300524
50,164,1667963384419,1670394051225,28.132717662037038,116,4,0,0.67195
50,252,1666353445603,1666353445603,0.0,1,0,0,0.5
50,263,1666158159988,1673419191810,84.03972016203704,2769,123,1,0.6418808676163539
50,272,1665791028528,1666387272240,6.9009688888888885,1016,53,0,0.3893030180583225
50,283,1666310334463,1666310334463,0.0,1,0,0,0.5
50,294,1666171327483,1666313910966,1.6502717939814815,9,0,0,0.5
50,314,1665795955728,1673419435266,88.234716875,7675,435,1,0.7079273283696018
50,315,1665837017799,1673419337586,87.75833086805555,11395,563,1,0.32727951989483756
50,325,1666151649800,1666389115369,2.7484440856481482,221,7,0,0.6479949250000001
50,331,1666593905951,1666593905951,0.0,1,0,0,0.5
50,337,1665836191403,1666353345026,5.985574340277778,111,8,0,0.6546954325000001
50,355,1665789972717,1670406138013,53.42783907407407,22180,1100,0,0.34031245209622085
50,368,1665803799527,1673416635255,88.11152462962963,4167,195,1,0.5039128072726093
50,369,1665982996419,1666380174644,4.596970196759259,287,16,0,0.1818001908229865
50,379,1665821958160,1666239154696,4.828663611111111,28,0,0,0.5
50,382,1665797953692,1666233164355,5.037160451388889,17,0,0,0.5
50,408,1665806466380,1668003820009,25.43233366898148,351,18,0,0.7819015080596952
50,422,1665819967033,1670381346092,52.793739108796295,640,27,0,0.5344282903816843
50,424,1666164596784,1666320102874,1.7998390046296295,48,2,0,0.5950000000000001
50,425,1666229603442,1666323838502,1.0906835648148148,29,2,0,0.48250000000000004
50,429,1666236310827,1666394564791,1.8316431018518518,53,3,0,0.5342500000000001
50,439,1666158048192,1668128907972,22.810877083333335,1092,45,0,0.41108869012567617
50,440,1665834835835,1670404050986,52.88443461805556,4827,252,0,0.5587912549191346
50,441,1665804912382,1666310532739,5.852087465277778,673,37,0,0.40228979988742075
50,444,1665926324071,1666310926334,4.451415081018519,65,7,0,0.6329949250000002
50,452,1665791816838,1668066058798,26.322244907407406,443,15,0,0.41066368844906287
50,456,1665789972717,1670309642156,52.31098887731481,1278,55,0,0.6086348860751263
50,466,1666234591157,1666309519630,0.8672276967592593,5,0,0,0.5
50,467,1666229064294,1666358533302,1.498483888888889,113,5,0,0.3765886805555556
50,468,1666229756279,1666229756279,0.0,1,0,0,0.5
50,469,1666230408395,1666307581258,0.8932044328703703,2,1,0,0.42500000000000004
50,483,1667998657287,1670385336971,27.623607453703702,365,22,0,0.5087913771742766
50,486,1670336837927,1670338005863,0.013517777777777778,21,1,0,0.55
50,489,1665809597973,1665821579576,0.13867596064814816,3,1,0,0.42500000000000004
50,617,1665835239218,1666159305834,3.7507710185185186,25,1,0,0.42500000000000004
50,624,1665974362666,1668184897415,25.58489292824074,277,10,0,0.6072261428875002
50,631,1665819209903,1666157360603,3.91378125,29,3,0,0.6355000000000001
50,644,1666217032354,1666226677682,0.11163574074074074,2,0,0,0.5
50,668,1667960549785,1667975251304,0.1701564699074074,87,3,0,0.5025833333333334
50,683,1665791641723,1666230274027,5.076762777777778,336,12,0,0.7625106732632502
50,691,1665877247646,1666313267357,5.0465244328703704,127,6,0,0.49204220833333345
50,692,1665830724595,1666239735630,4.733924016203703,7,1,0,0.55
50,693,1666160480584,1666312226716,1.7563209722222222,23,0,0,0.5
50,735,1666309245366,1666310506141,0.01459230324074074,3,0,0,0.5
50,766,1665829333041,1666307581258,5.535280289351852,89,4,0,0.4271097222222223
50,769,1666257800992,1666381532145,1.4320735300925926,6,0,0,0.5
50,771,1665792514953,1666380652003,6.807141782407407,2025,108,0,0.4341054688561824
50,796,1666278398699,1666278398699,0.0,1,0,0,0.5
50,805,1665812879916,1670320752965,52.17445658564815,1325,47,0,0.7132188660479439
50,817,1670310356675,1670322035374,0.13517012731481481,84,7,0,0.4543664145833335
50,821,1665796065954,1670395421145,53.23327767361111,169,6,1,0.5042922083333334
50,825,1670313326729,1670333802391,0.23698682870370372,39,2,0,0.4658333333333334
50,827,1666158371767,1668184652310,23.452321099537038,712,35,0,0.6945225918956168
50,828,1665880525001,1666257341507,4.361302152777778,183,5,0,0.5654258333333334
50,832,1665825015627,1670312973621,51.94395826388889,995,60,0,0.5199322885186846
50,834,1665797953692,1673355065175,87.46656809027778,1208,60,1,0.7512805928510902
50,837,1665935920939,1670364830765,51.26053039351852,1051,55,0,0.7101672327948635
50,839,1666160124217,1670404182947,49.12105011574074,309,20,1,0.5271493997752079
50,841,1665935423637,1665935423637,0.0,1,0,0,0.5
50,846,1666230348413,1666329214741,1.1442862037037036,22,0,0,0.5
50,848,1673347855695,1673356210218,0.09669586805555555,106,5,0,0.3654729398148149
50,867,1665901767702,1666396420725,5.725150729166667,160,3,0,0.6355000000000001
50,869,1666362788676,1666419830449,0.6602057060185185,25,3,0,0.5025833333333334
50,876,1666170193523,1666380379300,2.432705752314815,24,0,0,0.5
50,879,1665796814611,1666265314990,5.422458090277778,455,16,0,0.8777998003030836
50,885,1666224895374,1670405946185,48.39179179398148,5818,282,0,0.7831944852621124
50,891,1666233931513,1666380264753,1.6936717592592592,44,2,0,0.4658333333333334
50,895,1670328589667,1670333274640,0.054224224537037034,11,0,0,0.5
50,897,1665795608845,1668184523647,27.649476875,341,13,0,0.5791550935200815
50,898,1665829592356,1668036962314,25.548263402777778,485,29,0,0.21696940168586737
50,901,1665829743702,1668066668468,25.890332939814815,538,26,0,0.19520016921474415
50,904,1665930160550,1665973282534,0.49909703703703706,4,0,0,0.5
50,912,1665819632729,1666375488730,6.433518530092592,646,30,0,0.7968954189745551
50,916,1666158664834,1670404749821,49.14450216435185,250,12,0,0.3910299013005353
50,920,1666308068753,1668125084761,21.03027787037037,23,3,0,0.51925
50,927,1665838990203,1666316385337,5.525406643518519,177,12,0,0.29860599487197337
50,934,1665799577090,1666318684606,6.008188842592593,1050,51,0,0.4638239257597768
50,936,1666166230386,1666367701077,2.3318367013888888,48,1,0,0.55
50,938,1665791574420,1670376344624,53.06446995370371,1827,78,1,0.38110529404233745
50,940,1665791028528,1670385831157,53.1805859837963,5957,303,0,0.2967706909096931
50,952,1666188883373,1666328584975,1.6169166898148148,11,0,0,0.5
50,954,1665803248560,1670393372908,53.126439212962964,4908,277,0,0.31520744541265994
50,955,1665836643812,1666342480308,5.854589074074074,189,5,0,0.5970925000000001
50,965,1665750581088,1670329629727,52.99824813657408,1390,76,0,0.7262421519204246
50,966,1665840019278,1666371238526,6.148370925925926,368,18,0,0.29155949750822774
50,968,1667960784701,1670406587205,28.30789935185185,3419,168,0,0.6193726447187342
50,971,1665796896323,1668041832083,25.98305277777778,1206,56,0,0.5444385512185941
50,975,1665791355380,1666324787985,6.173988483796296,1764,81,0,0.5117836618737591
50,977,1666241153913,1666380323407,1.6107580324074073,8,0,0,0.5
50,980,1668059067949,1668065233777,0.07136375,113,5,0,0.6227425000000002
50,987,1665808942848,1666395726505,6.791477511574074,1014,46,0,0.680345908421412
50,1003,1665846649176,1666159846865,3.6249732523148146,56,5,0,0.704755
50,1007,1666260131886,1666349661148,1.0362183101851852,13,0,0,0.5
50,1010,1666313357225,1666319183509,0.0674338425925926,7,0,0,0.5
50,1014,1665750581088,1673419143202,88.75650594907407,12793,616,1,0.557080323742857
50,1016,1665795955728,1670311261453,52.26048292824074,628,33,0,0.6545021442181482
50,1021,1665888559795,1665946416688,0.6696399652777778,3,0,0,0.5
50,1042,1665807754833,1666317377173,5.898406712962963,132,4,0,0.67195
50,1047,1665807724980,1668004095937,25.420960150462964,34,5,0,0.4068664583333334
50,1054,1665874083358,1668186307394,26.761852268518517,559,21,0,0.4054384459557278
50,1056,1665839452974,1666371407102,6.156876481481482,30,2,0,0.5950000000000001
50,1081,1665917659155,1666395248560,5.527655150462963,319,24,0,0.6064070161646977
50,1091,1670397386153,1670404979155,0.08788196759259259,267,14,0,0.540951754006427
50,1097,1665912819095,1666393506518,5.563511840277778,49,1,0,0.55
50,1105,1670397795765,1670402175801,0.050694861111111114,58,4,0,0.5523250000000001
50,1113,1670399431823,1670404221689,0.05543826388888889,106,8,0,0.48438451895833357
50,1119,1670335333586,1670391694148,0.6523213194444445,180,8,0,0.6004441637500002
50,1120,1665803954394,1666310634690,5.864355277777777,95,3,0,0.6355000000000001
50,1122,1665859098154,1670308147257,51.49362387731482,197,6,0,0.6604682500000002
50,1123,1665837063112,1668185063561,27.175931122685185,4119,217,0,0.5301624979728452
50,1133,1666224895374,1666233794043,0.10299385416666666,4,0,0,0.5
50,1135,1665815034086,1665937308124,1.4152087731481482,67,4,0,0.67195
50,1138,1665795215267,1666392441227,6.9123375,677,23,0,0.5734806788427457
50,1139,1665803248560,1673415298158,88.10242590277778,4076,203,1,0.7981712211497557
50,1147,1667962877878,1668164545543,2.3341164930555554,731,33,0,0.3740317109788162
50,1148,1665817411658,1666235796394,4.842415925925926,2,0,0,0.5
50,1156,1670400242660,1670404979155,0.05482054398148148,125,6,0,0.5922165833333335
50,1159,1665946416688,1665961493815,0.17450378472222222,3,0,0,0.5
50,1161,1665845528440,1666310592219,5.382682627314815,124,6,0,0.6238832500000001
50,1164,1667960750185,1667975053526,0.16554792824074074,87,3,0,0.51925
50,1166,1666162045197,1666169833894,0.09014695601851852,2,0,0,0.5
50,1171,1667966150576,1673416635255,63.084313414351854,7296,342,1,0.7301386213050741
50,1174,1665809485817,1665957695395,1.7153886342592592,27,4,0,0.48463750000000005
50,1177,1665823641902,1666221741269,4.6076315625,93,9,0,0.6617140198750002
50,1180,1665804059410,1670321939091,52.29027408564815,686,27,0,0.6592337463297442
50,1184,1665800385756,1670404768380,53.291465555555554,7120,365,0,0.6714636848434175
50,1190,1665817280559,1666320529996,5.824646261574074,164,6,0,0.298899265625
50,1192,1667965323758,1668166801963,2.3319236689814815,830,38,0,0.4119081117906908
50,1204,1666230697752,1666273392591,0.49415322916666665,10,1,0,0.55
50,1212,1665885822731,1665885822731,0.0,1,0,0,0.5
50,1227,1665802377127,1666332944322,6.1408240162037036,166,6,0,0.2650945588348766
50,1257,1666151649800,1666151649800,0.0,1,0,0,0.5
50,1323,1666168178386,1666168178386,0.0,1,0,0,0.5
50,1329,1668129387196,1668148745822,0.2240581712962963,75,4,0,0.5356583333333335
50,1330,1665838836009,1668036732270,25.438614131944444,341,16,0,0.5917897580063666
50,1340,1670402243186,1670406587205,0.050277997685185184,102,11,0,0.28452021269377487
50,1351,1668085359620,1668101822214,0.19053928240740742,51,5,0,0.4910070833333335
50,1397,1670398248477,1670406002921,0.08975050925925926,71,5,0,0.5654258333333334
50,1459,1665750581088,1670382626741,53.611639502314816,2794,146,0,0.5179009955111891
50,1464,1665793010117,1668164572794,27.448642094907406,158,8,0,0.5757402720833333
50,1467,1665907882914,1665962958147,0.6374448263888889,2,0,0,0.5
50,1469,1666158666900,1666158666900,0.0,1,0,0,0.5
50,1484,1666174029215,1670310319380,47.87372876157407,33,2,1,0.4658333333333334
50,1485,1666167577592,1670312012901,47.968001261574074,67,4,1,0.45738750000000006
50,1486,1666175910582,1670312032235,47.871778391203705,74,5,1,0.5654258333333334
50,1487,1666183186002,1670306069442,47.718558333333334,104,11,1,0.3938997588546095
50,1488,1666192617681,1670320160294,47.77248394675926,84,1,1,0.42500000000000004
50,1489,1666162930617,1666323790095,1.861799513888889,27,0,0,0.5
50,1490,1666164242023,1666349686410,2.1463470717592594,8,0,0,0.5
50,1491,1666162278546,1670307524513,47.977383877314814,97,1,1,0.55
50,1492,1666166916266,1666334154859,1.935631863425926,52,2,0,0.48250000000000004
50,1493,1666162337168,1670314706149,48.05982616898148,113,6,1,0.5922165833333335
50,1494,1666162520294,1670305724973,47.953757858796294,89,8,1,0.7249792825000001
50,1496,1666162200860,1666366889719,2.3690840162037037,12,0,0,0.5
50,1497,1666163059328,1670311082471,48.00952711805556,69,6,1,0.5042922083333334
50,1498,1666237206477,1666373546579,1.578010439814815,20,1,0,0.55
50,1499,1666167246815,1670315611179,48.01347643518518,211,9,1,0.3639568926508489
50,1500,1666159822273,1666380392421,2.5528952314814815,286,16,0,0.4795139491260539
50,1501,1666162435783,1670375226623,48.759153240740744,161,7,1,0.35334483298611125
50,1502,1666163204781,1670316147229,48.06646351851852,164,9,1,0.4186815369409724
50,1505,1666159590282,1666321850580,1.8780127083333333,114,5,0,0.704755
50,1507,1666162545718,1666392634975,2.6630701041666667,90,8,0,0.3493647401195989
50,1508,1666162204940,1670304949598,47.94843354166667,135,9,1,0.6575592225833335
50,1509,1666216615610,1670305063650,47.320000462962966,83,2,1,0.5950000000000001
50,1510,1665801314708,1670315811575,52.25112114583333,114,5,1,0.4799820833333333
50,1512,1666170099265,1670306222749,47.871799583333335,96,9,1,0.31357042902575244
50,1513,1666164991407,1666323566057,1.8353547453703705,33,1,0,0.42500000000000004
50,1514,1666181159764,1666381689253,2.3209431597222223,38,2,0,0.5950000000000001
50,1515,1666162966337,1670315811575,48.065338402777776,93,4,1,0.5356583333333335
50,1516,1666221567696,1670307699039,47.29318684027778,100,8,1,0.3290245787673613
50,1519,1666162558783,1670303718541,47.93008979166667,91,5,1,0.3654729398148149
50,1520,1665902947974,1666344676043,5.112593391203704,17,0,0,0.5
50,1521,1666162749405,1670307605437,47.97287074074074,110,6,1,0.3875321273148149
50,1522,1666162431839,1670303874127,47.933359814814814,249,16,0,0.5482040893229289
50,1524,1666162244936,1670304986866,47.948401967592595,94,8,1,0.24651056332722482
50,1538,1665890411813,1666170198372,3.238270358796296,4,0,0,0.5
50,1539,1666161440294,1666319861742,1.8335815740740742,67,6,0,0.5922165833333335
50,1541,1666164280292,1670306517434,47.94255951388889,203,9,1,0.6575592225833335
50,1542,1666165317251,1666320558946,1.7967788773148148,32,0,0,0.5
50,1547,1666171775095,1666396178313,2.5972594675925924,50,3,0,0.51925
50,1548,1666218303057,1670312054915,47.38138724537037,123,8,1,0.6380287658333336
50,1549,1666159559910,1666392566456,2.696835023148148,87,0,0,0.5
50,1553,1666162075853,1666318877651,1.814835625,198,11,0,0.696611294070625
50,1558,1666183822316,1670309039400,47.74556810185185,58,1,1,0.55
50,1560,1670403873652,1670406140161,0.026232743055555556,23,2,0,0.5950000000000001
50,1564,1666272865923,1666317931951,0.5215975462962963,4,0,0,0.5
50,1567,1666181574373,1666373380897,2.2199829166666665,176,15,0,0.4983137201413571
50,1568,1666166986810,1670372808325,48.678489756944444,97,10,1,0.4088392114300349
50,1572,1668174844623,1670391765572,25.658807280092592,560,26,0,0.6305060305115118
50,1573,1666172407732,1666380102573,2.403875474537037,32,1,0,0.42500000000000004
50,1581,1665818431944,1670402745435,53.05918392361111,28,0,1,0.5
50,1582,1666159758811,1666356097357,2.272436875,120,7,0,0.4592235395833335
50,1586,1666182062855,1666328215806,1.6915850810185185,17,1,0,0.55
50,1588,1666170119586,1666354714216,2.136511921296296,12,0,0,0.5
50,1589,1665823372358,1666309758038,5.629463888888889,32,1,0,0.55
50,1592,1665826889177,1666318193161,5.686388703703703,10,1,0,0.42500000000000004
50,1593,1666167708570,1670313134306,47.97946453703704,70,2,1,0.5950000000000001
50,1595,1666160690440,1666380174644,2.540326435185185,206,8,0,0.3739657270023149
50,1596,1666170073789,1666316430043,1.693938125,23,0,0,0.5
50,1598,1666370872803,1666383668243,0.14809537037037038,2,1,0,0.55
50,1602,1666158931135,1666320985386,1.8756279050925926,5,0,0,0.5
50,1606,1666162794238,1670310899110,48.01047305555556,81,3,1,0.5342500000000001
50,1613,1665817152489,1666382243729,6.5404078703703705,801,34,0,0.49771562715971784
50,1615,1665809130091,1666396420725,6.797345300925926,1162,46,0,0.6024005681733052
50,1618,1665816486043,1666319594467,5.823014166666667,432,25,0,0.5594392812697047
50,1623,1665898541718,1666240330006,3.955882962962963,40,0,0,0.5
50,1625,1666158666900,1668058004977,21.98307959490741,91,1,0,0.55
50,1628,1665834134959,1668167417261,27.005582199074073,435,30,0,0.6221935056655585
50,1630,1665796896323,1666334156327,6.218287083333333,204,10,0,0.6751366336583335
50,1632,1665798649623,1666387272240,6.812761770833333,361,16,0,0.5016818337172935
50,1633,1665817362682,1666388269233,6.607714710648148,274,13,0,0.5846928119825816
50,1634,1665796960793,1666419830449,7.2091395370370375,888,40,0,0.37902648905066716
50,1636,1666166537823,1673419379244,83.94492385416666,4110,215,1,0.674472848600463
50,1641,1665834231178,1666261156861,4.9412694791666665,92,3,0,0.6355000000000001
50,1642,1665791423604,1666310245848,6.004887083333333,146,9,0,0.3295883816429399
50,1643,1665794991109,1666327109249,6.158774768518518,952,42,0,0.5910088795285606
50,1645,1665814070159,1666358533302,6.301656747685185,113,5,0,0.5970925000000001
50,1646,1665804985831,1666383809827,6.699351805555556,167,5,0,0.4541209722222223
50,1649,1665806770387,1666227682974,4.871673460648148,99,4,0,0.45738750000000006
50,1650,1665818087502,1666160026819,3.9576309837962964,191,11,0,0.7482729702925002
50,1651,1665816821227,1666320148563,5.825547870370371,765,36,0,0.3898695337198179
50,1652,1665822075775,1666401527685,6.706619328703704,2008,113,0,0.7645893912699872
50,1653,1665818940064,1666382355321,6.521009918981481,1249,51,0,0.4776942767582957
50,1654,1665818660667,1665964965642,1.6933446180555556,46,6,0,0.39864786805555563
50,1655,1665818925595,1666401527685,6.743079745370371,3085,142,0,0.4834566419605597
50,1656,1665824268293,1666395372046,6.609997141203704,1726,83,0,0.23144111791157918
50,1657,1665818101710,1666371899353,6.409694942129629,1492,85,0,0.48648909725050193
50,1658,1665880769372,1666396386989,5.967796493055555,1212,65,0,0.8058764957182195
50,1659,1665819783007,1666389349756,6.592207743055556,1619,80,0,0.37516501144563624
50,1661,1665819570398,1666393969950,6.648142962962963,2863,145,0,0.38218837810974576
50,1662,1665820920440,1666396420725,6.660882928240741,1683,85,0,0.5356139048575616
50,1663,1665823616121,1666396420725,6.629682916666667,3419,156,0,0.23388674446114738
50,1664,1665820066916,1666392634975,6.626945127314815,2197,112,0,0.4970285995562456
50,1665,1665828023186,1670311092245,51.887373368055556,1888,83,0,0.47867543058201417
50,1666,1665822724204,1666389349756,6.558166111111111,2727,123,0,0.5109381299252139
50,1667,1665823620643,1666160690440,3.9012707986111113,97,7,0,0.5139213208333334
50,1668,1665884135200,1666380395650,5.743755208333333,496,18,0,0.38564607258032224
50,1669,1665836023927,1666396386989,6.485683587962963,594,26,0,0.5235242196405729
50,1671,1665831193678,1666395341314,6.529486527777777,179,10,0,0.36432576876206607
50,1672,1665830636362,1666380246280,6.361225902777778,58,6,0,0.6373832500000002
50,1673,1665844705987,1666230414634,4.464220451388889,79,5,0,0.5654258333333334
50,1674,1665883255031,1666254075704,4.2919059375,136,11,0,0.5125680166914586
50,1675,1665914285747,1665967470120,0.6155598726851852,4,0,0,0.5
50,1676,1665851543237,1666373546579,6.041705347222222,727,37,0,0.5486990321165056
50,1677,1665835479091,1666395700238,6.484041053240741,191,6,0,0.6088832500000001
50,1678,1665836777100,1666226446249,4.510059594907408,127,6,0,0.47843109722222227
50,1679,1665897261026,1666323248275,4.930407974537037,94,5,0,0.4541209722222223
50,1680,1665840127055,1666309264570,5.429832349537037,54,2,0,0.4658333333333334
50,1681,1665838832376,1666396406770,6.453407337962963,1628,64,0,0.6790130371885694
50,1682,1665870183219,1670359871494,51.963984664351855,2327,119,0,0.4151300104544527
50,1684,1665843565751,1666309154379,5.3887572685185186,107,0,0,0.5
50,1686,1665903537839,1665921179800,0.20418936342592592,3,1,0,0.55
50,1688,1665921159432,1668101800129,25.238896956018518,169,11,0,0.3950770922269619
50,1690,1665986392178,1666326287266,3.933970925925926,35,2,0,0.3637500000000001
50,1691,1665933240764,1666393502226,5.32710025462963,354,16,0,0.5229720126507804
50,1692,1665972817517,1666227042482,2.942418576388889,119,8,0,0.5170331481250001
50,1693,1665977768496,1666229756279,2.9165252662037036,35,3,0,0.4273750000000001
50,1695,1666158086546,1666396386989,2.7581069791666666,446,22,0,0.3915899953062058
50,1696,1666167608861,1666396386989,2.647895,412,22,0,0.5507278684672483
50,1697,1666160432459,1666232087932,0.8293457523148148,11,0,0,0.5
50,1698,1666350460833,1666419830449,0.8028890740740741,24,0,0,0.5
50,1705,1666158716926,1666396406770,2.7510398611111113,738,30,0,0.6094671995246109
50,1706,1666226143697,1666226143697,0.0,1,0,0,0.5
50,1708,1666218697186,1666361720305,1.6553601736111112,11,0,0,0.5
50,1712,1666183078044,1666320985386,1.5961497916666667,48,5,0,0.5654258333333334
50,1715,1666181664420,1666357768905,2.0382463541666667,95,8,0,0.5502791887500001
50,1719,1666185102516,1666319940810,1.5606284027777777,14,0,0,0.5
50,1720,1666162372686,1670307170062,47.97219185185185,76,5,1,0.3654729398148149
50,1721,1666162451922,1670311716348,48.023893819444446,160,4,1,0.67195
50,1722,1666166135399,1666339778226,2.0097549421296295,28,2,0,0.5950000000000001
50,1723,1666172950730,1666365910683,2.2333327893518518,15,1,0,0.42500000000000004
50,1724,1666163541608,1670317420087,48.07729721064815,96,4,1,0.4271097222222223
50,1725,1666162491541,1670306431126,47.96226371527778,89,4,1,0.34096273148148154
50,1727,1666172468433,1670316485969,47.96316592592593,162,4,1,0.48463750000000005
50,1728,1666162166692,1670324391895,48.1739028125,96,3,1,0.39709722222222227
50,1729,1666368747824,1666368747824,0.0,1,0,0,0.5
50,1730,1666163102874,1666361720305,2.298812858796296,30,2,0,0.4658333333333334
50,1732,1666166192470,1670310306908,47.96428747685185,90,4,1,0.35207847222222227
50,1733,1666164599593,1670307819006,47.9539283912037,168,11,1,0.5846931379414586
50,1735,1666320687352,1670308841619,46.159192905092596,174,10,1,0.4154576617190973
50,1736,1666170966765,1666320687352,1.732877164351852,29,3,0,0.39709722222222227
50,1739,1666328584975,1666373380897,0.5184713194444445,3,0,0,0.5
50,1740,1666332603914,1666392566456,0.6940109027777778,12,0,0,0.5
50,1741,1666170428045,1666317721795,1.7047887731481481,8,0,0,0.5
50,1742,1666161193036,1670305694847,47.96877096064815,111,4,1,0.44072083333333334
50,1743,1666253020528,1670309845223,46.953989525462966,19,2,1,0.5950000000000001
50,1744,1666162312545,1666359388419,2.280970763888889,122,6,0,0.49204220833333345
50,1745,1666162295039,1666372093246,2.428219988425926,9,0,0,0.5
50,1746,1666170265620,1666358412900,2.1776305555555555,17,1,0,0.55
50,1747,1666167341921,1670315723908,48.01368040509259,78,1,1,0.55
50,1748,1666176154492,1670308262254,47.82532131944444,163,5,1,0.5116487500000001
50,1749,1666162151030,1670315786821,48.07448832175926,102,4,1,0.3823562500000001
50,1750,1666164498300,1666348930305,2.1346296875,17,2,0,0.5950000000000001
50,1751,1666162207654,1670324942385,48.17980012731481,86,1,1,0.55
50,1752,1666237277778,1670325951327,47.32261052083334,159,10,1,0.3105573635269195
50,1753,1666162459078,1670305692328,47.954088541666664,131,9,1,0.6575592225833335
50,1754,1666162785721,1666330514542,1.941305798611111,10,1,0,0.42500000000000004
50,1755,1666162159469,1666338106518,2.0364241782407406,11,0,0,0.5
50,1757,1666166098002,1670307011570,47.92724037037037,83,3,1,0.6355000000000001
50,1758,1666232752785,1670313729982,47.23353237268518,68,4,1,0.5523250000000001
50,1759,1666170818590,1670307059316,47.87315655092593,100,4,1,0.45738750000000006
50,1760,1666213574638,1670307474965,47.38310563657407,97,4,1,0.67195
50,1761,1666218710851,1670310242875,47.355694722222225,87,4,1,0.4271097222222223
50,1766,1666170014097,1666276985018,1.238089363425926,11,0,0,0.5
50,1769,1666170491611,1666254736363,0.975055,7,1,0,0.55
50,1771,1666157380255,1666316722869,1.8442432175925927,13,1,0,0.55
50,1773,1666158804059,1666387286749,2.6444755787037035,415,24,0,0.38007169351031905
50,1774,1666158638349,1670329860856,48.27803827546296,965,39,0,0.46887397374544726
50,1775,1666189358581,1666319861742,1.5104532523148149,24,0,0,0.5
50,1779,1666160078633,1666225584656,0.7581715625,4,0,0,0.5
50,1780,1666308040847,1666319721589,0.13519377314814815,2,0,0,0.5
50,1782,1666184803644,1666238718603,0.6240157291666667,6,0,0,0.5
50,1784,1666226959625,1666317061219,1.0428425231481482,3,0,0,0.5
50,1786,1666163023253,1666313899695,1.7462551157407407,43,1,0,0.55
50,1787,1666253186138,1666371116288,1.3649322916666666,4,1,0,0.42500000000000004
50,1788,1666158846084,1666169833894,0.12717372685185185,2,0,0,0.5
50,1791,1666160589386,1666226381941,0.7614879050925926,4,0,0,0.5
50,1792,1666184959726,1666311551262,1.4651798148148147,17,1,0,0.42500000000000004
50,1793,1666158952344,1666315275339,1.8092939236111112,75,6,0,0.39864786805555563
50,1794,1666248841881,1666366889719,1.3662944212962962,15,1,0,0.42500000000000004
50,1795,1666157633626,1666224509485,0.7740261458333333,2,0,0,0.5
50,1797,1666226339085,1666226339085,0.0,1,0,0,0.5
50,1799,1666160649125,1666160649125,0.0,1,0,0,0.5
50,1802,1666170198372,1666229849540,0.690407037037037,2,0,0,0.5
50,1804,1666158885047,1666381557720,2.5772300115740743,34,0,0,0.5
50,1806,1666158566363,1666216615610,0.6718662847222222,4,1,0,0.55
50,1807,1666157216292,1666383432651,2.6182448958333335,97,2,0,0.3637500000000001
50,1808,1666160750574,1666312172357,1.7525669328703704,26,2,0,0.5950000000000001
50,1809,1666231694839,1666306748689,0.8686788194444445,2,0,0,0.5
50,1811,1666220765894,1666309817829,1.0306936921296297,3,0,0,0.5
50,1812,1666159161177,1666227051531,0.7857679861111111,13,0,0,0.5
50,1813,1666157665505,1666226518262,0.7969069097222222,30,1,0,0.55
50,1817,1666159231677,1666346550884,2.168046377314815,148,4,0,0.5523250000000001
50,1818,1666183459024,1666373025554,2.194057060185185,22,1,0,0.55
50,1820,1666230476318,1666233758686,0.03799037037037037,2,0,0,0.5
50,1822,1666308912556,1666396386989,1.0124355671296297,21,0,0,0.5
50,1823,1666158398440,1666159885322,0.017209282407407406,2,0,0,0.5
50,1824,1666241042311,1666312996750,0.8328060069444444,6,1,0,0.55
50,1825,1666175728587,1668144112480,22.782220983796297,63,1,0,0.55
50,1826,1666191287616,1666235859462,0.5158778472222222,8,0,0,0.5
50,1828,1666235464195,1666328658086,1.0786329976851852,52,3,0,0.6355000000000001
50,1830,1666230838876,1666230838876,0.0,1,0,0,0.5
50,1832,1666158262369,1666229458648,0.8240310069444444,5,0,0,0.5
50,1834,1666157377950,1666310043438,1.7669616666666668,14,1,0,0.55
50,1835,1666157547905,1666218878034,0.7098394560185185,4,1,0,0.55
50,1837,1666157893467,1666157893467,0.0,1,0,0,0.5
50,1838,1666239582895,1666396420725,1.815252662037037,7,1,0,0.42500000000000004
50,1839,1666158754823,1666235237047,0.8852109259259259,20,0,0,0.5
50,1840,1666233794043,1666233794043,0.0,1,0,0,0.5
50,1842,1666159196916,1666225302896,0.7651155092592593,7,0,0,0.5
50,1843,1666158910156,1668092050467,22.374309155092593,85,4,0,0.44072083333333334
50,1846,1666159425275,1666227562526,0.7886255902777778,9,3,0,0.5025833333333334
50,1847,1666161366902,1666313451266,1.7602356944444444,9,1,0,0.42500000000000004
50,1854,1666170014097,1666170014097,0.0,1,0,0,0.5
50,1856,1666212116247,1666212116247,0.0,1,0,0,0.5
50,1857,1666162997529,1666307972021,1.6779455092592592,13,0,0,0.5
50,1860,1666240012285,1666240012285,0.0,1,0,0,0.5
50,1870,1666168766458,1666380114698,2.4461601851851853,171,11,0,0.7779068202925001
50,1871,1666189291397,1666314403930,1.448061724537037,13,0,0,0.5
50,1872,1666172026149,1670324480210,48.0608108912037,166,7,1,0.5538629875000001
50,1874,1666173569965,1666419830449,2.8502370833333335,36,2,0,0.4658333333333334
50,1876,1666169340078,1666338700035,1.9601846875,14,0,0,0.5
50,1877,1666169620491,1666189191204,0.22651288194444444,3,0,0,0.5
50,1878,1666188346598,1666188346598,0.0,1,0,0,0.5
50,1879,1666189516064,1666317390946,1.4800333564814814,4,0,0,0.5
50,1880,1666220067229,1666311551262,1.0588429745370371,5,2,0,0.5950000000000001
50,1881,1666169703165,1666169703165,0.0,1,0,0,0.5
50,1882,1666170059393,1666313600933,1.6613604166666667,6,1,0,0.55
50,1883,1666224730233,1666224730233,0.0,1,0,0,0.5
50,1884,1666197422759,1666233356308,0.41589755787037036,4,0,0,0.5
50,1885,1666310034579,1666316676657,0.07687590277777778,2,0,0,0.5
50,1886,1666190050143,1670337663409,48.004783171296296,483,18,0,0.7240812474109272
50,1888,1666190483994,1666229177792,0.4478448842592593,2,1,0,0.42500000000000004
50,1889,1666171034374,1666171034374,0.0,1,0,0,0.5
50,1890,1666172588941,1666312432426,1.6185588541666667,9,1,0,0.42500000000000004
50,1891,1666304811373,1666304811373,0.0,1,0,0,0.5
50,1892,1666240411587,1666250266899,0.1140661111111111,2,0,0,0.5
50,1893,1666250776065,1666380210077,1.4980788425925926,5,0,0,0.5
50,1894,1666246666395,1666320307960,0.8523329282407407,26,2,0,0.5950000000000001
50,1895,1666201763864,1666234992669,0.384592650462963,2,0,0,0.5
50,1896,1666177535828,1668171384089,23.07694746527778,51,2,0,0.48250000000000004
50,1897,1666308912556,1668148812284,21.29513574074074,48,3,0,0.6355000000000001
50,1900,1666172515173,1666238052172,0.7585300810185185,2,0,0,0.5
50,1902,1666173158152,1666317550057,1.6712026041666668,46,3,0,0.5025833333333334
50,1903,1666226873807,1666226873807,0.0,1,0,0,0.5
50,1904,1666172866570,1668170537463,23.121190891203703,65,5,0,0.6105925
50,1905,1666173774641,1666366392859,2.2293775231481483,10,0,0,0.5
50,1907,1666172784820,1666334910682,1.876456736111111,21,0,0,0.5
50,1908,1666201848761,1666309689109,1.248152175925926,5,0,0,0.5
50,1910,1666224886097,1666317178511,1.068199236111111,7,0,0,0.5
50,1911,1666194696707,1666238905444,0.5116751967592592,2,1,0,0.55
50,1913,1666231127878,1668149628565,22.2048690625,912,47,0,0.41033391335983205
50,1914,1666174749645,1668000287810,21.12891394675926,119,3,0,0.51925
50,1916,1666251801587,1666348782418,1.1224633217592592,3,0,0,0.5
50,1917,1670296670472,1670312967571,0.1886238310185185,85,3,0,0.6355000000000001
50,1918,1666228096312,1668148745822,22.229739699074074,67,3,0,0.5025833333333334
50,1920,1666187593307,1666395332521,2.404389050925926,56,4,0,0.45297083333333343
50,1922,1666195601436,1666401527685,2.3834056597222224,11,0,0,0.5
50,1924,1666236624607,1666309957890,0.848764849537037,3,0,0,0.5
50,1925,1666234406881,1666323164866,1.0272914930555554,31,0,0,0.5
50,1926,1666196069428,1666371116288,2.026005324074074,24,0,0,0.5
50,1927,1666232268374,1668170706669,22.435628414351854,24,2,0,0.4658333333333334
50,1928,1666175357889,1668149439056,22.848161655092593,92,5,0,0.704755
50,1930,1666242285525,1666395341314,1.7714790393518518,53,4,0,0.67195
50,1931,1666228913921,1666349966503,1.401071550925926,10,0,0,0.5
50,1932,1666173744850,1666327611486,1.7808638425925927,4,0,0,0.5
50,1933,1666230469769,1668149442577,22.210333425925924,73,4,0,0.44072083333333334
50,1934,1666230184117,1666313632346,0.9658359837962963,31,1,0,0.55
50,1935,1666174004702,1668160033465,22.986444016203702,78,1,0,0.42500000000000004
50,1936,1666233398788,1666308010274,0.8635588657407407,2,0,0,0.5
50,1937,1666173780914,1668148061597,22.850470868055556,65,6,0,0.5469838750000001
50,1939,1666191996177,1668149675617,22.65832685185185,87,4,0,0.5523250000000001
50,1940,1666174254393,1666384052573,2.428219675925926,83,3,0,0.5025833333333334
50,1941,1666174743269,1666316289933,1.638271574074074,4,0,0,0.5
50,1942,1666174914429,1666174914429,0.0,1,0,0,0.5
50,1945,1666175331737,1666343076853,1.941494398148148,37,2,0,0.5950000000000001
50,1946,1666175584992,1670311967151,47.87479350694444,78,4,1,0.45297083333333343
50,1947,1666233591968,1666233591968,0.0,1,0,0,0.5
50,1948,1666175365473,1668054556639,21.74989775462963,275,10,0,0.5833803662312502
50,1949,1666178177062,1668171023727,23.06535491898148,33,3,0,0.5025833333333334
50,1950,1666324415866,1666332761470,0.09659263888888889,2,0,0,0.5
50,1951,1666231367563,1668171384089,22.453894976851853,79,3,0,0.5025833333333334
50,1952,1666245320038,1666345889519,1.1639986226851853,28,2,0,0.4658333333333334
50,1953,1666227703541,1666396406770,1.9525836689814815,176,6,0,0.5922165833333335
50,1954,1666235813689,1666362591549,1.4673363425925925,16,0,0,0.5
50,1956,1666228250826,1666310046394,0.946707962962963,15,0,0,0.5
50,1957,1668171059205,1668171065590,7.390046296296296e-05,2,0,0,0.5
50,1958,1666229675522,1668170776522,22.46644675925926,68,6,0,0.4122589791666668
50,1961,1666236194844,1666236194844,0.0,1,0,0,0.5
50,1962,1666252307342,1670330851878,47.20537657407407,158,9,1,0.74450973925
50,1963,1666176515853,1666249183510,0.8410608449074074,5,0,0,0.5
50,1965,1668171469915,1668184627157,0.1522828935185185,65,3,0,0.5342500000000001
50,1968,1666217552536,1668169998415,22.597753229166667,52,5,0,0.48439875000000016
50,1969,1666177278633,1666312212790,1.5617379282407406,4,0,0,0.5
50,1970,1666177588865,1666312986510,1.5671023726851852,7,0,0,0.5
50,1971,1666177620234,1670390266351,48.75747820601852,1019,49,1,0.6071002522422835
50,1972,1666230148796,1668148684789,22.20527769675926,71,4,0,0.67195
50,1974,1666319703538,1666319703538,0.0,1,0,0,0.5
50,1975,1666307988312,1666307988312,0.0,1,0,0,0.5
50,1976,1666234992669,1666373546579,1.6036332175925927,55,4,0,0.67195
50,1977,1666310506141,1666311551262,0.01209630787037037,4,0,0,0.5
50,1978,1666224435690,1666368747824,1.6702793287037037,123,3,0,0.51925
50,1979,1666230076526,1666375488730,1.6830116203703704,28,1,0,0.42500000000000004
50,1981,1666228505042,1666229485125,0.01134355324074074,2,0,0,0.5
50,1982,1666185509161,1666395379725,2.4290574537037037,89,5,0,0.38659284722222237
50,1984,1666187234499,1666328658086,1.6368470717592594,17,0,0,0.5
50,1987,1666225973890,1666308706907,0.9575580671296297,7,0,0,0.5
50,1988,1666191569296,1666313929114,1.4162015972222222,13,2,0,0.4658333333333334
50,1989,1666190076647,1666335398374,1.6819644328703705,31,4,0,0.67195
50,1990,1666190483994,1666396386989,2.3831365162037037,24,5,0,0.5820925000000001
50,1991,1666235813689,1666315842765,0.9262624537037037,3,0,0,0.5
50,1992,1666217607726,1666217607726,0.0,1,0,0,0.5
50,1994,1666195245333,1666230408395,0.40697988425925924,5,1,0,0.55
50,1995,1666211859768,1666229061215,0.19909082175925927,10,0,0,0.5
50,1996,1666223211231,1666223211231,0.0,1,0,0,0.5
50,1998,1666313880975,1666315699387,0.021046435185185185,3,0,0,0.5
50,1999,1666224606223,1666224606223,0.0,1,0,0,0.5
50,2000,1666226529796,1666324787985,1.1372475578703705,26,0,0,0.5
50,2001,1666241430255,1666393969950,1.7655057291666667,51,3,0,0.51925
50,2004,1666306709166,1668151851086,21.35580925925926,44,2,0,0.4658333333333334
50,2005,1666228411820,1666310245848,0.9471531018518519,8,1,0,0.42500000000000004
50,2006,1666265314990,1666309783555,0.5146824652777777,2,0,0,0.5
50,2007,1666228618839,1666234115183,0.0636150925925926,2,0,0,0.5
50,2009,1666229485125,1670404840018,48.32586681712963,134,7,0,0.5471188208333334
50,2010,1668162786042,1668173808854,0.12757884259259258,62,4,0,0.45297083333333343
50,2011,1666229970373,1666361780097,1.5255755092592593,75,3,0,0.4273750000000001
50,2012,1666230961983,1666313267357,0.9526084953703704,6,0,0,0.5
50,2013,1666229849540,1666307482528,0.8985299537037037,5,0,0,0.5
50,2017,1666310572656,1666310572656,0.0,1,0,0,0.5
50,2018,1666230899066,1666316245353,0.9878042476851852,19,0,0,0.5
50,2020,1666256900030,1666380652003,1.4323145023148147,28,0,0,0.5
50,2021,1666233294730,1666312279237,0.9141725347222223,11,0,0,0.5
50,2022,1666241027567,1666312800015,0.8306996296296296,3,1,0,0.55
50,2024,1666231022647,1666369923995,1.6076544907407408,20,0,0,0.5
50,2025,1666233591968,1666394548227,1.8629196643518517,127,3,0,0.4273750000000001
50,2027,1666231387665,1666401527685,1.9692131944444444,9,0,0,0.5
50,2029,1668158080407,1668167896938,0.11361725694444444,55,3,0,0.4107083333333334
50,2031,1666231463172,1666267962086,0.4224411342592593,18,1,0,0.42500000000000004
50,2032,1666240604106,1666317268335,0.8873174652777778,8,2,0,0.5950000000000001
50,2033,1666311958106,1666312584043,0.007244641203703704,2,0,0,0.5
50,2034,1666231873906,1666389428501,1.8235485532407407,45,2,0,0.5950000000000001
50,2035,1666235118443,1666308041368,0.8440153356481481,3,0,0,0.5
50,2037,1666243208638,1666332603914,1.0346675462962962,35,1,0,0.55
50,2039,1666234627606,1666393502226,1.8388266203703705,24,1,0,0.42500000000000004
50,2042,1668158449181,1668166801963,0.0966757175925926,58,4,0,0.34096273148148154
50,2044,1666232547048,1666253383156,0.2411586574074074,6,0,0,0.5
50,2045,1666238718603,1668154235605,22.170335671296296,79,4,0,0.5356583333333335
50,2046,1666266210128,1666319383266,0.6154298379629629,2,0,0,0.5
50,2047,1666236664486,1666372202382,1.5687256481481482,32,1,0,0.42500000000000004
50,2049,1666236234330,1666366392859,1.5064644560185185,23,2,0,0.5950000000000001
50,2050,1666237577698,1666362788676,1.4492011342592592,5,1,0,0.55
50,2053,1666235438466,1666263946459,0.3299536226851852,3,0,0,0.5
50,2054,1666235736069,1666309925573,0.8586748148148148,11,0,0,0.5
50,2059,1666236050683,1666337333142,1.1722506828703703,14,1,0,0.55
50,2060,1666236794761,1666396386989,1.8471322685185185,130,3,0,0.6355000000000001
50,2062,1668131092016,1668148504882,0.20153780092592594,71,6,0,0.5922165833333335
50,2063,1666237940898,1666395372046,1.8221197685185184,78,4,0,0.4271097222222223
50,2064,1666237925295,1666314390366,0.8850123958333334,5,0,0,0.5
50,2066,1666240374074,1666395700238,1.7977565277777778,53,4,0,0.27287881944444453
50,2067,1666241424630,1673413599213,83.01127989583334,4553,237,2,0.5527117597236254
50,2070,1666310005601,1666315842765,0.06755976851851851,2,0,0,0.5
50,2071,1666307222835,1666393969950,1.0040175347222222,102,4,0,0.45297083333333343
50,2072,1666283983789,1673418890845,82.57994277777777,2707,144,1,0.7999993801410887
50,2073,1666248194867,1673415891404,82.95945065972222,663,33,2,0.5298649785530323
50,2075,1666264303303,1668145064187,21.768065787037038,463,22,0,0.48394304205263133
50,2077,1666253713422,1670403044582,48.0246662037037,1010,58,0,0.524650335380008
50,2079,1666261156861,1666395700238,1.5572150115740742,433,22,0,0.2779605868968065
50,2080,1666259864532,1666382355321,1.4177174652777778,17,0,0,0.5
50,2081,1666263806179,1666371899353,1.2510784027777777,26,2,0,0.4658333333333334
50,2082,1668162925786,1668173240210,0.1193799074074074,11,0,0,0.5
50,2083,1666269006914,1666388309397,1.3808157754629629,29,0,0,0.5
50,2087,1666271153388,1666389349756,1.3680135185185185,42,1,0,0.55
50,2089,1666275156362,1666395700238,1.39518375,36,1,0,0.42500000000000004
50,2090,1666275572862,1673414152542,82.62245,1618,94,2,0.5166454526136671
50,2091,1666326547295,1668168905689,21.323592523148147,61,4,0,0.67195
50,2093,1666317377173,1666401527685,0.9739642592592592,70,4,0,0.5523250000000001
50,2094,1666316772904,1666328658086,0.13755997685185184,7,0,0,0.5
50,2095,1666321999802,1666396178313,0.8585475810185185,29,2,0,0.3637500000000001
50,2096,1666317610702,1666395332521,0.8995580902777778,61,2,0,0.3637500000000001
50,2097,1666321958998,1670337829121,46.47997827546296,83,9,1,0.5680012698750001
50,2098,1666329084783,1668148136501,21.053839328703702,88,5,0,0.34559093750000003
50,2103,1666334910682,1668161519322,21.141303703703702,544,34,0,0.2503354515541646
50,2104,1666336001994,1668149024706,20.98405916666667,764,41,0,0.3447594264786176
50,2108,1667977166111,1668053668278,0.8854417476851851,205,15,0,0.6223675351655089
50,2109,1666335592269,1666335592269,0.0,1,0,0,0.5
50,2111,1666346702931,1666346702931,0.0,1,0,0,0.5
50,2114,1666338228899,1666401527685,0.732624837962963,32,0,0,0.5
50,2116,1666337220402,1666395379725,0.6731403125,29,0,0,0.5
50,2118,1666336990487,1666336990487,0.0,1,1,0,0.42500000000000004
50,2119,1666358412900,1666380505071,0.2556964236111111,4,0,0,0.5
50,2120,1666342480308,1666393506518,0.5905811342592593,4,0,0,0.5
50,2121,1666356097357,1666393431676,0.4321101736111111,10,1,0,0.42500000000000004
50,2122,1666349922615,1666396406770,0.5380110532407407,49,4,0,0.4696375000000001
50,2131,1666351497880,1666369923995,0.2132652199074074,2,0,0,0.5
50,2163,1666393561450,1668186307394,20.749374351851852,766,35,0,0.26913359502515743
50,2172,1666358533302,1666395379725,0.4264632291666667,17,0,0,0.5
50,2173,1666380395650,1666401527685,0.24458373842592593,5,0,0,0.5
50,2176,1666395248560,1666419830449,0.2845126041666667,5,0,0,0.5
50,2178,1667987550482,1673419435266,62.86903685185185,3330,151,1,0.6696394259455296
50,2180,1667965351312,1670383924556,27.99274587962963,2909,150,0,0.5735562072395312
50,2182,1668048702872,1668171065590,1.416235162037037,113,3,0,0.51925
50,2185,1673245102793,1673418854478,2.0110148726851853,1704,83,0,0.3244575473274738
50,2197,1667963501505,1673412947425,63.07229074074074,1811,91,1,0.8488215557203448
50,2204,1670306743822,1670397754527,1.0533646412037037,106,5,0,0.5970925000000001
50,2219,1667961160684,1667984983508,0.27572712962962964,24,1,0,0.55
50,2220,1666419830449,1666419830449,0.0,1,0,0,0.5
50,2228,1668074127194,1673419416179,61.86677065972222,11385,636,1,0.5906177726302414
50,2276,1668039299402,1668148812284,1.2675102083333334,123,7,0,0.4592235395833335
50,2285,1670361999954,1670390279666,0.3273114814814815,55,4,0,0.67195
50,2286,1667965711860,1668168809490,2.3506670138888888,315,12,0,0.47811539495080224
50,2359,1667960337470,1667976818815,0.19075630787037037,86,6,0,0.5042922083333334
50,2443,1668004095937,1668037172670,0.38283255787037035,61,3,0,0.5342500000000001
50,2444,1673416826948,1673419363696,0.02936050925925926,439,20,0,0.5923872999799374
50,2445,1667962762008,1668185228709,2.574846076388889,626,34,0,0.36390584355073574
50,2459,1667995438001,1670399187918,27.821179594907406,740,33,0,0.5877895334450591
50,2513,1667968442296,1673348452757,62.268639594907405,8082,401,1,0.5166212530666379
50,2691,1668087406756,1668127701608,0.46637560185185184,56,3,0,0.51925
50,2734,1668144358104,1668148568289,0.04872899305555556,2,0,0,0.5
50,2786,1668051209042,1670404749589,27.240052627314814,409,21,0,0.6278432712156333
50,2787,1668127115140,1668149439056,0.2583786574074074,126,6,0,0.6088832500000001
50,2801,1667960766486,1670399221856,28.222863078703703,261,12,0,0.6213839340681461
50,2807,1667961048738,1668096129304,1.563432476851852,661,34,0,0.48003621678067016
50,2810,1668154879664,1668170280204,0.17824699074074074,58,4,0,0.5356583333333335
50,2815,1667961507970,1670404175181,28.271611238425926,1889,92,0,0.30644335734363065
50,2828,1667960820557,1670406138013,28.30228537037037,1586,76,0,0.6803093452583353
50,2851,1668072519061,1670402417842,26.96642107638889,490,23,0,0.6691425991392881
50,2888,1667976515136,1668134944103,1.833668599537037,115,10,0,0.6545788928875
50,2892,1668152635762,1668184270872,0.36614710648148147,83,4,0,0.67195
50,2895,1668056489243,1670396213434,27.080141099537038,409,15,0,0.39408593705975237
50,2898,1668064759007,1668125787672,0.7063502893518518,98,10,0,0.29618357828579284
50,2919,1667974482211,1667990193414,0.18184262731481482,81,4,0,0.5356583333333335
50,2923,1667963609426,1670380405063,27.972171724537038,282,17,0,0.5346488863078055
50,2929,1670304679390,1670323585109,0.21881619212962963,71,3,0,0.5025833333333334
50,3000,1670328439259,1673346180186,34.92755702546296,134,9,1,0.5293823333125002
50,3001,1667960337470,1668186303396,2.6153463657407405,1323,62,0,0.3115137900412667
50,3012,1667997587862,1673418751430,62.744948703703706,572,27,1,0.4750590498817161
50,3013,1667984538048,1668007164638,0.2618818287037037,62,2,0,0.4658333333333334
50,3025,1667974317162,1670404979155,28.13266195601852,770,31,0,0.44143739104273344
50,3027,1668005450773,1670404182800,27.763102164351853,1260,53,0,0.3614909868216873
50,3044,1667970244525,1668176907766,2.3919356597222223,256,10,0,0.7116334703875002
50,3052,1667976238515,1667989999091,0.15926592592592592,61,4,0,0.27287881944444453
50,3054,1668074450118,1670304657459,25.81258496527778,163,8,0,0.5039010231250001
50,3092,1667963383559,1670380194678,27.972350914351853,3455,167,0,0.6360440518880056
50,3116,1668074937640,1668101800129,0.3109084375,72,3,0,0.51925
50,3228,1673342393963,1673419308442,0.8902138773148148,1899,87,0,0.6965853320831118
50,3234,1668093086542,1668184624229,1.0594639699074073,300,15,0,0.7627173972675159
50,3322,1667981941480,1668143419493,1.8689584837962963,8,1,0,0.55
50,3368,1667962138094,1673414819681,63.10974059027778,1940,107,1,0.6384684240506562
50,3373,1667961048738,1668131995422,1.9785495833333333,481,18,0,0.6010915218492913
50,3472,1668000318507,1668051299595,0.5900588888888889,62,3,0,0.4273750000000001
50,3593,1667962203112,1670404263173,28.264584039351853,389,17,0,0.462759212643741
50,3622,1667960625014,1673416750245,63.14959758101852,4999,255,1,0.391543876686797
50,3680,1667965998019,1670396213434,28.127493229166667,1842,86,0,0.9239349219348563
50,3912,1667979331029,1668165773546,2.1578995023148146,174,7,0,0.4543664145833335
50,3914,1668011178295,1668048592130,0.4330304976851852,46,4,0,0.5356583333333335
50,4197,1667961513273,1670319155493,27.287525694444444,259,8,0,0.4499801897916668
50,4228,1667964509201,1667978781873,0.16519296296296296,69,2,0,0.5950000000000001
50,4244,1667979011389,1668185020834,2.384368576388889,426,23,0,0.3201591422737664
50,4413,1667990732265,1673356211576,62.10045498842592,1361,68,1,0.6745846101088327
50,4415,1668058801682,1668065075503,0.07261366898148149,23,1,0,0.55
50,4416,1667970095530,1667990864553,0.24038221064814816,129,7,0,0.76085155
50,4419,1668072191733,1668186653956,1.3247942476851853,1076,52,0,0.3250315867491836
50,4423,1667962859827,1670402846774,28.24058966435185,483,21,0,0.6520595145911878
50,4537,1667961241926,1668045042571,0.9699148726851852,149,7,0,0.76085155
50,4538,1668178451456,1668185154931,0.0775865162037037,33,0,0,0.5
50,4543,1667974412700,1668065987453,1.0598929745370371,85,7,0,0.383622610763889
50,4546,1667960820557,1668032935011,0.8346580324074074,90,2,0,0.5950000000000001
50,4548,1667974503726,1670401352122,28.08852310185185,893,48,0,0.5028494783232741
50,4550,1667965785236,1668086727224,1.3997915277777777,458,23,0,0.8044098701935638
50,4552,1667961981885,1668186653956,2.6003711921296295,2483,128,0,0.3950142591720276
50,4556,1667967957477,1668004539123,0.4233986805555556,134,9,0,0.38881891186284734
50,4564,1667966598215,1668170249167,2.3570712037037036,519,31,0,0.43339949111398085
50,4572,1667972493233,1670395055612,28.038916423611113,3723,180,0,0.5828632206988321
50,4573,1667974298824,1668130153195,1.8038700347222223,122,3,0,0.5342500000000001
50,4578,1668009837070,1668050562766,0.47136222222222224,116,8,0,0.7161219324999999
50,4579,1667964912906,1667977217627,0.14241575231481482,67,3,0,0.6355000000000001
50,4583,1667966148820,1667982650273,0.19098903935185185,76,4,0,0.4271097222222223
50,4584,1668150384579,1668168759936,0.21267774305555556,111,6,0,0.46617981250000007
50,4586,1668045916835,1668058004977,0.13990905092592593,78,4,0,0.5523250000000001
50,4588,1667963353826,1670353456861,27.66322957175926,1560,91,0,0.7812917352231247
50,4589,1668063109243,1668168981700,1.2253756597222223,855,53,0,0.5124738285401259
50,4591,1670342865344,1670369315462,0.306135625,15,0,0,0.5
50,4647,1667960337470,1668179000107,2.53081755787037,46,1,0,0.55
50,4699,1667966475346,1667985579748,0.2211157638888889,85,1,0,0.55
50,4701,1668001701418,1668053668278,0.601468287037037,65,3,0,0.5342500000000001
50,4704,1667961048738,1668090578028,1.4991815972222222,316,20,0,0.3275822964263955
50,4706,1667978878773,1668065886674,1.0070358912037036,225,8,0,0.5668100220833336
50,4709,1667964379288,1667982286909,0.20726413194444446,232,10,0,0.5149386995645837
50,4715,1667963092861,1668171384089,2.410778101851852,1296,72,0,0.34279903265977196
50,4721,1667971102045,1668040244933,0.8002649074074074,180,6,0,0.4389298125000001
50,4723,1668126427050,1668170655762,0.5119063888888888,357,13,0,0.38228205675574245
50,4724,1667961170052,1667977166111,0.18513957175925927,128,11,0,0.7930528887925
50,4725,1667961459075,1667977032494,0.1802479050925926,165,7,0,0.6736449250000002
50,4726,1667963335258,1673419152173,63.1460291087963,1887,102,1,0.7100009977030693
50,4727,1667972014522,1673418564660,63.03877474537037,3219,153,1,0.9068000492788957
50,4728,1667971690231,1667980890109,0.10648006944444445,62,4,0,0.45738750000000006
50,4729,1667973237417,1670404206699,28.13621854166667,2457,105,0,0.516437478081663
50,4730,1667975282272,1673350177965,62.209440891203705,7380,361,1,0.5639633494859064
50,4734,1668058034162,1668167251922,1.2640944444444444,174,8,0,0.4080061830208334
50,4735,1667980739029,1667995365323,0.16928581018518518,68,5,0,0.4799820833333333
50,4736,1667982513589,1668003544216,0.24341003472222222,171,11,0,0.6255560285987503
50,4737,1667984400814,1668185181505,2.323850590277778,409,16,0,0.41429989984784843
50,4739,1668041860636,1668061992379,0.23300628472222223,114,3,0,0.4107083333333334
50,4743,1667984654695,1667993838319,0.10629194444444444,62,1,0,0.55
50,4747,1667987319151,1668001555279,0.16477,170,6,0,0.37377767708333337
50,4753,1667992899367,1668050562766,0.6674004513888889,176,10,0,0.7027761203875
50,4756,1668002161855,1668055622347,0.6187556944444444,65,4,0,0.5523250000000001
50,4772,1668145969517,1668163141990,0.19875547453703704,101,8,0,0.3493647401195989
50,4802,1670294378132,1673419350692,36.16866388888889,13610,670,1,0.41031425136938393
50,4820,1668065770710,1670322409839,26.1185084375,901,44,0,0.30411155918077243
50,4857,1668077286694,1670322440565,25.98557721064815,460,28,0,0.7184642977505923
50,4877,1668072440264,1670406002921,27.00882704861111,1870,90,0,0.5656947682100673
50,4896,1668072256639,1668186307394,1.320031886574074,1540,90,0,0.9783335707813742
50,4904,1668095506117,1668137255769,0.4832135648148148,65,3,0,0.5025833333333334
50,4911,1668080145970,1668171384089,1.0559967476851853,821,51,0,0.7623896301109092
50,4928,1668162327313,1668171384089,0.10482379629629629,95,9,0,0.4355388980520835
50,4932,1668111245566,1668141478626,0.34991967592592593,51,4,0,0.5523250000000001
50,4947,1668136336513,1668186307394,0.5783666782407407,318,10,0,0.41644904560234386
50,4949,1668137482243,1670402215022,26.21218494212963,406,23,0,0.745793255481706
50,4967,1668141031258,1668171063986,0.34760101851851855,163,12,0,0.1972418126254625
50,4969,1668143732147,1668167355979,0.2734239814814815,316,14,0,0.4543473805095931
50,4970,1668143887852,1668159101899,0.17608850694444445,52,4,0,0.567325
50,4971,1668146900213,1668171369416,0.28320836805555555,294,22,0,0.46249877673466167
50,4972,1668145374824,1668161187500,0.18301708333333333,55,3,0,0.5342500000000001
50,4973,1668150063220,1670406140161,26.112001631944445,11264,585,0,0.24971618908519994
50,5012,1668173839513,1668186303396,0.1442579050925926,44,0,0,0.5
50,5018,1668158057676,1668174191862,0.1867382638888889,112,11,0,0.6721535285987502
50,5020,1668159257567,1668172945427,0.15842430555555556,61,4,0,0.5356583333333335
50,5021,1668158464501,1668170608892,0.14056008101851852,58,4,0,0.67195
50,5030,1668162948979,1668171336208,0.09707440972222223,61,4,0,0.67195
50,5044,1668179119492,1668185020834,0.06830256944444445,50,3,0,0.6355000000000001
50,5048,1670299448350,1670404840018,1.2198109722222221,1246,53,0,0.7038274919277322
50,5090,1670296896820,1670364458565,0.7819646412037037,140,11,0,0.5410561612346876
50,5130,1670295974587,1670306872185,0.12612960648148147,76,4,0,0.5356583333333335
50,5140,1670309526012,1673337948503,35.05118623842593,138,7,1,0.5922854875000001
50,5148,1670334521032,1670378945970,0.5141775231481481,134,9,0,0.6795927448750002
50,5166,1670295152852,1670390661639,1.105425775462963,452,31,0,0.6534805393185643
50,5182,1670295130542,1670397794980,1.1882458101851852,159,11,0,0.7592079702925002
50,5195,1670325078216,1670333351170,0.09575178240740741,45,2,0,0.48250000000000004
50,5196,1670296166529,1673419087774,36.14492181712963,281,14,1,0.7612071453432327
50,5205,1670342057015,1670366977544,0.2884320486111111,63,2,0,0.5950000000000001
50,5223,1673333694883,1673340955925,0.08403983796296297,69,6,0,0.49204220833333345
50,5227,1670306259725,1670310443040,0.048417997685185184,62,2,0,0.48250000000000004
50,5248,1670294687874,1670386993256,1.0683493287037038,160,8,0,0.6546954325000001
50,5250,1670332797735,1670333979701,0.013680162037037038,26,2,0,0.5950000000000001
50,5281,1670315691047,1670319112295,0.03959777777777778,12,1,0,0.55
50,5291,1670333556712,1670395710689,0.7193747337962964,1605,88,0,0.34659415251604286
50,5300,1670304260561,1670384633080,0.9302374884259259,111,7,0,0.5003102097222224
50,5314,1670304453672,1670385905403,0.9427283680555556,3025,176,0,0.5332574418221425
50,5337,1673345405687,1673350854761,0.06306798611111111,100,9,0,0.6403997473750002
50,5520,1670295663939,1673419363127,36.15392578703704,952,50,1,0.7829343633618471
50,5521,1670294921973,1670406587205,1.2924216666666666,14020,690,0,0.18179872367898478
50,5522,1670323526886,1673419489469,35.8329002662037,6706,349,1,0.2614035406201445
50,5527,1670306590974,1670398303315,1.0614854282407407,522,35,0,0.6603581768412498
50,5557,1670308223634,1673419103036,36.005548634259256,2785,145,1,0.6971036056688554
50,5575,1670295561919,1673415762073,36.11342770833333,2024,104,1,0.8587499685239462
50,5576,1670316631915,1670327661439,0.12765652777777778,64,1,0,0.55
50,5577,1670326208324,1670333133937,0.08015755787037038,93,8,0,0.36747242598958346
50,5583,1670337560728,1670404312135,0.7725857291666667,178,9,0,0.2871382118556135
50,5589,1670316899774,1670406068929,1.0320504050925925,6378,308,0,0.18347565974540242
50,5592,1670301193438,1673415537414,36.045647870370374,336,19,1,0.12093879111814673
50,5594,1670326147386,1673419379244,35.80129465277778,21015,1058,1,0.13779630456154285
50,5612,1670315521313,1673419096250,35.92100621527778,3362,177,1,0.439591022971481
50,5614,1670302411838,1670316665791,0.16497630787037038,66,6,0,0.33238415856481496
50,5634,1670396164302,1670402596971,0.0744521875,120,9,0,0.6011987698750002
50,5658,1670296623624,1670386996753,1.0459852893518518,2776,141,0,0.6457151747576221
50,5662,1670296528952,1673357052839,35.422730173611114,11397,576,1,0.26351156201593395
50,5692,1670307417186,1670406587205,1.1478011458333333,289,14,0,0.6478876264730691
50,5696,1670309104609,1670404196681,1.1006026851851851,326,12,0,0.7664231110138752
50,5697,1670297880686,1670404133305,1.2297756828703703,1087,61,0,0.5261039877352688
50,5698,1670335388425,1670401347394,0.7634139930555556,527,27,0,0.513929058866704
50,5709,1670305823393,1673419087774,36.03315255787037,3614,190,1,0.21780929696882687
50,5783,1673344578699,1673345170196,0.006846030092592593,3,0,0,0.5
50,5784,1673337376696,1673339627142,0.026046828703703704,3,0,0,0.5
50,5786,1673334547545,1673334753290,0.0023813078703703704,3,0,0,0.5
50,5813,1673337960805,1673342154449,0.048537546296296294,3,0,0,0.5
50,5816,1673343725577,1673346754267,0.035054282407407406,4,0,0,0.5
50,5923,1670312967571,1670326925806,0.16155364583333334,234,20,0,0.4801339877129845
50,5938,1670301255748,1673418755135,36.08216883101852,1402,92,1,0.3861836690728843
50,5968,1670308304045,1670402809935,1.0938181712962962,414,20,0,0.37224180542044627
50,5969,1670299734014,1670387824592,1.019566875,210,9,0,0.5934623532083335
50,6000,1670296859097,1673348899124,35.32453734953704,3026,144,1,0.48542550058024975
50,6002,1670321315047,1670340366168,0.22049908564814816,113,7,0,0.5261713208333334
50,6020,1670327653742,1673419457219,35.78476246527778,6726,353,1,0.2190696455597023
50,6025,1670299090233,1670399078697,1.157273888888889,676,42,0,0.539626814474134
50,6042,1673339903503,1673345003561,0.05902844907407408,4,0,0,0.5
50,6043,1673339418001,1673343958818,0.05255575231481482,3,0,0,0.5
50,6049,1670314674484,1670391521886,0.8894375231481482,2881,160,0,0.1394604421296798
50,6074,1670294643682,1673419205195,36.16390640046296,4445,238,1,0.493979119623528
50,6082,1670295773918,1670398447253,1.1883487847222223,1596,70,0,0.9606909224487563
50,6092,1670302963119,1670406587205,1.1993528472222221,5184,242,0,0.18254417604834522
50,6102,1670306005285,1673416977769,36.006625972222224,729,44,1,0.34810829509940205
50,6116,1670294951629,1670392996714,1.1347810763888888,2353,123,0,0.5969087582089191
50,6140,1673335229569,1673347753392,0.14495165509259259,21,0,0,0.5
50,6154,1670310478935,1670399078697,1.0254602083333333,798,39,0,0.6905134381623251
50,6156,1670306936760,1673419310882,36.02284863425926,810,60,1,0.6208254425783051
50,6206,1673417059133,1673419329444,0.026276747685185186,136,7,0,0.6163282583333334
50,6232,1670386833326,1673418973508,35.094215069444445,398,16,1,0.8005411336083534
50,6250,1670294368709,1670333777521,0.45612050925925923,617,26,0,0.6516295296206138
50,6269,1670403082840,1670403082840,0.0,1,0,0,0.5
50,6283,1673345372199,1673350636424,0.060928530092592595,200,5,0,0.5654258333333334
50,6298,1670329273647,1673419390195,35.76523782407408,6326,307,1,0.5958147547808977
50,6299,1670304188421,1670404749589,1.1639024074074074,887,52,0,0.3889319469522677
50,6318,1670307395292,1670406071469,1.1420853819444445,9210,477,0,0.2801298385244622
50,6353,1673418805842,1673419436198,0.007295787037037037,30,4,0,0.44072083333333334
50,6396,1670323698662,1670404979155,0.9407464467592592,786,43,0,0.7740497213963708
50,6400,1670305442950,1673416962363,36.01295616898148,1750,87,1,0.7327751666296497
50,6403,1670302329382,1670382032398,0.9224886111111111,830,47,0,0.7393698697536741
50,6411,1670302322839,1670406587205,1.2067634953703703,1516,89,0,0.6574606582411602
50,6441,1673339176381,1673344263522,0.05887894675925926,4,0,0,0.5
50,6623,1670323680772,1670404793089,0.9387999652777778,1422,72,0,0.5175670941694805
50,6637,1670304551732,1670406140161,1.1757920023148147,325,21,0,0.6723272566888221
50,6648,1670302355840,1670317579250,0.176196875,64,4,0,0.34096273148148154
50,6652,1670302104866,1670396878940,1.0969221527777777,1400,78,0,0.5144444092908318
50,6656,1670329759345,1670401931212,0.8353225347222222,174,10,0,0.4995422870645835
50,6664,1670296276415,1673356923101,35.424151458333334,894,47,1,0.7016183601148023
50,6666,1670294382386,1670406587205,1.298666886574074,1626,74,0,0.8665746011527453
50,6673,1670385302484,1670401577665,0.18837015046296296,204,11,0,0.5113820676242711
50,6703,1670324203845,1673419308442,35.822969872685185,6085,313,1,0.7234648610120383
50,6705,1670330645783,1670396020255,0.7566489814814815,585,43,0,0.41574804143484606
50,6715,1673343893346,1673343893346,0.0,1,0,0,0.5
50,6726,1670325889502,1670337248226,0.13146671296296297,68,5,0,0.5654258333333334
50,6730,1670326712916,1670331813727,0.05903716435185185,59,2,0,0.5950000000000001
50,6741,1670333878763,1670406587205,0.8415328935185186,3245,192,0,0.46146084686227107
50,6742,1673342839284,1673417289786,0.861695625,800,51,0,0.4637078351407537
50,6765,1670302143281,1673415418583,36.033278958333334,1616,87,1,0.7724038545356386
50,6778,1673344478646,1673347994009,0.04068707175925926,45,3,0,0.3137291666666668
50,6808,1670309781581,1673418941862,35.98565140046296,2077,116,1,0.6101205699973253
50,6884,1670296983423,1670404834409,1.248275300925926,1876,116,0,0.7106221344856782
50,6886,1670316555961,1670404337661,1.0159918981481482,221,16,0,0.691267113364159
50,6940,1673337044503,1673417747324,0.9340604282407408,3405,171,0,0.30282969217116773
50,6972,1670309041084,1670330173107,0.24458359953703704,401,19,0,0.5782822355347446
50,6979,1670327513865,1670403643879,0.8811344212962963,1227,59,0,0.3159660654228269
50,6980,1670309222411,1673419436198,35.997844756944446,7236,379,1,0.32983272586188683
50,6985,1673344916671,1673418854478,0.8557616550925926,4799,245,0,0.30881779165496254
50,6986,1670296975205,1673357110083,35.418227754629626,7177,374,1,0.15053373088056687
50,6987,1670310763455,1673415695631,35.936715,923,43,1,0.863509992791856
50,6988,1670306201014,1670401347394,1.10123125,1286,75,0,0.489367966591222
50,6989,1670306176079,1673419489469,36.03371979166667,13915,747,1,0.46159490603893943
50,7058,1670354550404,1673418297568,35.46003662037037,1185,67,1,0.4960013253157745
50,7153,1670296632463,1670385402607,1.0274322222222223,1611,84,0,0.6641426578094936
50,7176,1670376625622,1670388217967,0.13417065972222222,175,8,0,0.3877325719097224
50,7178,1670332657989,1673357078006,35.00486130787037,552,33,1,0.31360635774401685
50,7181,1670383532610,1670385644329,0.02444119212962963,11,1,0,0.42500000000000004
50,7183,1670300139432,1670406587205,1.2320344097222222,13629,671,0,0.287524337935827
50,7188,1670307469589,1670338630191,0.3606551157407407,94,6,0,0.298899265625
50,7214,1670329689467,1673414338121,35.70195201388889,255,12,1,0.3883669400401186
50,7237,1670299084805,1670404380516,1.2187003587962963,814,50,0,0.23183944879657087
50,7256,1670303821302,1670324016926,0.23374564814814816,417,15,0,0.5338760357929329
50,7257,1670300313987,1670367476210,0.7773405439814814,1748,96,0,0.25999023017595163
50,7258,1670294935929,1670334783946,0.46120390046296295,2378,108,0,0.4555232584860466
50,7259,1670299405050,1670337829121,0.4447230439814815,1210,64,0,0.30552277874571
50,7260,1670295226386,1670329417110,0.3957259722222222,2575,134,0,0.17189851181128224
50,7261,1670295368719,1673348672389,35.33916284722222,1339,66,1,0.7591861514491681
50,7262,1670296247316,1670323969222,0.3208553935185185,1023,42,0,0.7226923034475743
50,7264,1670297681476,1670329692374,0.37049650462962963,579,33,0,0.6626055300645471
50,7265,1670294918313,1670340576581,0.528452175925926,1832,87,0,0.33415025196420733
50,7266,1670296296032,1670331813727,0.4110844328703704,2341,111,0,0.5505834446763025
50,7267,1670296134181,1670337978375,0.4843078009259259,2150,100,0,0.6072790048091482
50,7268,1670296513869,1670330061159,0.3882788194444444,2417,124,0,0.41531723903388623
50,7270,1670300850774,1673419442000,36.09480585648148,3112,159,1,0.22837988173519666
50,7272,1670372847181,1670404727263,0.3689824305555556,178,7,0,0.6614949250000002
50,7276,1670325997380,1673414357210,35.744905439814815,1346,72,1,0.6166124229799076
50,7278,1670378251466,1670399187918,0.2423200462962963,1578,85,0,0.40731807646221135
50,7280,1670328476102,1673413547317,35.70684276620371,2201,129,1,0.49611996645640105
50,7287,1670294715244,1670404080426,1.2658007175925925,3021,190,0,0.6574190564337724
50,7301,1670294447762,1670400905093,1.2321450347222223,1856,104,0,0.6822189184462008
50,7308,1670300104826,1673419457219,36.10361565972222,4141,232,1,0.2520606095253625
50,7316,1670295050256,1670384954442,1.0405577083333333,3022,150,0,0.5566841078872137
50,7317,1670302850944,1670312019080,0.10611268518518518,112,4,0,0.4271097222222223
50,7332,1670303609819,1670404825589,1.1714788194444445,1604,85,0,0.6144557855461903
50,7334,1670321972086,1670327736731,0.06672042824074075,61,3,0,0.5342500000000001
50,7335,1673407717569,1673415413975,0.08907877314814815,50,3,0,0.5025833333333334
50,7342,1670309545016,1673350976334,35.20175136574074,3571,183,1,0.6721362625651796
50,7344,1670295209330,1670303323062,0.09390893518518519,82,3,0,0.6355000000000001
50,7351,1670380881067,1670387030346,0.07117221064814815,13,1,0,0.42500000000000004
50,7355,1670380812820,1670404979155,0.2797029513888889,168,3,0,0.39709722222222227
50,7362,1670314922132,1670329172548,0.16493537037037037,79,9,0,0.8062897555000001
50,7389,1673339051133,1673357110083,0.209015625,1182,58,0,0.6282379920585787
50,7429,1670318729154,1670322440387,0.04295408564814815,35,3,0,0.51925
50,7436,1670316027887,1670406065969,1.0421074305555555,4887,243,0,0.4458453441897814
50,7477,1670295309346,1673419399235,36.158447789351854,12469,646,1,0.7446059623797273
50,7491,1670294709446,1670323969222,0.3386548148148148,293,5,0,0.5820925000000001
50,7495,1670301225541,1670379586308,0.9069533217592592,618,29,0,0.4158698066824582
50,7499,1670334724306,1670383848712,0.5685695138888889,164,12,0,0.2580428445029211
50,7502,1670387826677,1670396020255,0.09483307870370371,61,6,0,0.6088832500000001
50,7504,1670294843343,1670387821901,1.0761407175925926,221,17,0,0.5991382341478327
50,7523,1670299105705,1673349206134,35.30208829861111,1664,84,1,0.7830829619992778
50,7543,1670310267018,1673415937433,35.94525943287037,998,59,1,0.6571048783389042
50,7545,1670316232826,1670322077900,0.06765131944444444,24,2,0,0.4658333333333334
50,7546,1670311931293,1673356860863,35.24224039351852,2327,121,1,0.2654863176602979
50,7547,1670303974162,1670370342592,0.768153125,401,17,0,0.5007546806032902
50,7548,1670338109045,1673413764583,35.597865023148145,375,18,1,0.7371216724189811
50,7549,1670322028817,1670366537067,0.5151417824074074,150,7,0,0.38787588159722236
50,7560,1670330606146,1670335463917,0.05622420138888889,15,0,0,0.5
50,7561,1670298220975,1670320623706,0.25929086805555557,148,5,0,0.5820925000000001
50,7569,1670318014922,1670327500503,0.10978681712962964,53,2,0,0.3637500000000001
50,7576,1670397511969,1670403980619,0.07486863425925926,75,3,0,0.4107083333333334
50,7593,1670304504377,1670323698662,0.2221560763888889,492,24,0,0.6513726369957618
50,7596,1670296806453,1670406138013,1.2654115740740741,3897,187,0,0.8568400495492265
50,7597,1673340110298,1673415496437,0.8725247569444444,2445,135,0,0.2836188763682019
50,7598,1670373219029,1670384812480,0.13418346064814815,156,9,0,0.3639568926508489
50,7601,1670301499384,1670343087217,0.48134065972222223,90,7,0,0.76085155
50,7602,1670296380002,1670403593524,1.2408972453703704,2829,155,0,0.327515801743727
50,7604,1670301173683,1670395891224,1.0962678356481481,111,8,0,0.6696954325000002
50,7607,1670303761179,1670398787878,1.0998460532407408,1569,80,0,0.8012415936703633
50,7610,1670295130009,1670335139617,0.4630741666666667,271,7,0,0.3385851029513889
50,7611,1670294345617,1670322440387,0.32517094907407407,514,28,0,0.4894502310503202
50,7613,1670296479378,1670310924098,0.16718425925925925,89,8,0,0.32301957772569456
50,7614,1670295539862,1670319381098,0.2759402314814815,81,2,0,0.3637500000000001
50,7615,1670304024273,1670310484239,0.074768125,89,4,0,0.67195
50,7617,1670322574158,1670327684403,0.059146354166666665,56,1,0,0.55
50,7620,1670298161889,1670309285183,0.1287418287037037,81,5,0,0.3289242708333335
50,7622,1670297776082,1670305783082,0.09267361111111111,57,2,0,0.3637500000000001
50,7625,1670303969456,1670309437081,0.06328269675925927,78,4,0,0.67195
50,7627,1670327372869,1670333274640,0.06830753472222222,58,4,0,0.67195
50,7628,1670304030514,1670310836426,0.07877212962962964,80,2,0,0.4658333333333334
50,7630,1670295585724,1670304789854,0.1065292824074074,81,1,0,0.55
50,7632,1670295982982,1670308066588,0.13985655092592592,82,5,0,0.4541209722222223
50,7633,1670303905681,1670312973621,0.10495300925925925,87,3,0,0.5025833333333334
50,7636,1670295405427,1670310308252,0.17248640046296296,88,3,0,0.6355000000000001
50,7637,1670324305900,1670404063426,0.9231195138888889,170,7,0,0.5877157375000002
50,7642,1670296235981,1670307011570,0.12471746527777777,77,7,0,0.76085155
50,7647,1670304487274,1670313567739,0.10509797453703704,82,7,0,0.6479949250000001
50,7676,1670300728855,1673417037649,36.06838881944444,3152,178,1,0.19185788375426244
50,7683,1670296186920,1670399969930,1.2011922453703703,757,45,0,0.630095044239144
50,7685,1670294820973,1670334509670,0.4593599189814815,297,6,0,0.5922165833333335
50,7695,1670320657719,1670328378725,0.08936349537037037,111,3,0,0.5025833333333334
50,7707,1670327965186,1670345796766,0.20638402777777778,209,13,0,0.3114319242708394
50,7708,1670299726882,1670404749589,1.2155405902777778,519,35,0,0.4371301646062366
50,7713,1670296383277,1670308750508,0.14313924768518518,150,7,0,0.3331512373070989
50,7718,1670296094741,1670404826942,1.258474548611111,2150,113,0,0.6380715074128814
50,7721,1670297905877,1673349055600,35.314232905092595,5241,258,1,0.43879144216943067
50,7724,1670296548996,1670404825589,1.2532013078703703,3275,155,0,0.2838154300347376
50,7726,1670298023858,1670330905717,0.38057707175925926,432,15,0,0.7371613074558909
50,7727,1670295130009,1670322172441,0.3129911111111111,344,23,0,0.6785176397249562
50,7728,1670316863386,1670404076087,1.009406261574074,307,13,0,0.8049584559369253
50,7729,1670293664238,1670404726642,1.2854444907407407,223,10,0,0.5962011428875001
50,7733,1670299588968,1673416786126,36.07867081018519,817,32,1,0.6460696531808703
50,7735,1670295629469,1670306173674,0.12203940972222223,85,6,0,0.7342795000000001
50,7736,1670297835112,1670312497827,0.16970734953703703,135,7,0,0.6614949250000002
50,7737,1670297670198,1670404226181,1.2332868402777777,339,18,0,0.33738804454535426
50,7738,1670298268668,1670332836266,0.40008793981481483,181,8,0,0.7847663950000001
50,7742,1670310942284,1670339709001,0.33294811342592595,136,10,0,0.6918033003250003
50,7744,1670305288030,1670311240705,0.06889670138888888,62,1,0,0.55
50,7745,1670305599170,1670402384749,1.1202034606481481,1403,64,0,0.6123680001595088
50,7748,1670305566015,1670317862988,0.1423260763888889,144,5,0,0.4541209722222223
50,7749,1670312359504,1670402673604,1.0453020833333333,85,3,0,0.6355000000000001
50,7753,1670308143216,1673246867091,34.0130078125,121,4,1,0.5523250000000001
50,7754,1670309721486,1670380336092,0.8172986805555555,208,12,0,0.6045517525223127
50,7756,1670309365258,1670329417110,0.23208162037037036,743,43,0,0.934591012836469
50,7757,1670309321559,1670323269883,0.16143893518518518,137,6,0,0.5922165833333335
50,7762,1670312497827,1670353219526,0.4713159606481481,271,9,0,0.48685455553472223
50,7763,1670314710576,1670325963530,0.13024252314814816,142,6,0,0.6238832500000001
50,7765,1670321449348,1670377127240,0.6444200462962963,158,11,0,0.8430947019550002
50,7766,1670314626214,1670321250287,0.07666751157407407,62,4,0,0.5523250000000001
50,7771,1670318439162,1670404217589,0.9928058680555556,141,4,0,0.5356583333333335
50,7775,1670319246654,1670404693609,0.9889693865740741,764,49,0,0.14771949339063
50,7778,1670318454969,1670398538263,0.9268899768518518,335,18,0,0.5191127045489543
50,7781,1670320898665,1670333614431,0.14717321759259258,230,16,0,0.6467955851606094
50,7787,1670326982915,1670402142966,0.8699079976851852,257,14,0,0.6102145841680734
50,7789,1670323726782,1670334066773,0.11967582175925925,203,11,0,0.8430947019550002
50,7796,1670326903509,1670333336322,0.07445385416666667,98,1,0,0.42500000000000004
50,7797,1670328592351,1670337978375,0.10863453703703704,68,2,0,0.5950000000000001
50,7799,1670373576835,1670404834409,0.36177747685185185,704,36,0,0.398930636322595
50,7823,1670379981596,1670397561201,0.20346765046296297,248,19,0,0.6007421160343227
50,7830,1670387957469,1673347043580,34.248681840277776,257,10,1,0.5078913222034722
50,7833,1670383830097,1670404267060,0.23653892361111112,179,9,0,0.5019554459687501
50,7846,1670395589199,1670397938602,0.02719216435185185,42,1,0,0.55
50,7863,1670400130142,1670405982233,0.06773253472222222,116,9,0,0.6296987698750001
50,7864,1670400184559,1670404826942,0.053731284722222224,224,17,0,0.6578997352422755
50,7933,1673409013468,1673415632699,0.0766114699074074,100,3,0,0.6355000000000001
50,7937,1673415424097,1673419152173,0.04314902777777778,100,9,0,0.3051928403278356
50,7946,1673407892751,1673419457219,0.13384800925925927,4755,250,0,0.3306100860429054
50,7950,1673344607682,1673350362227,0.0666035300925926,175,3,0,0.4107083333333334
50,7965,1673244413791,1673419455389,2.0259444212962965,4796,274,0,0.34894551048483774
50,7974,1673339726748,1673346765791,0.0814704050925926,200,14,0,0.37909355723518734
50,7976,1673334341839,1673419390195,0.9843559722222223,6035,283,0,0.5302039874246123
50,8255,1673342807313,1673350481264,0.08881887731481482,547,24,0,0.7571221486246509
50,8283,1673342853781,1673415891404,0.8453428587962963,635,36,0,0.5843380379692229
50,8287,1673346118928,1673419455389,0.8488016319444445,2117,119,0,0.21826701247726762
50,8299,1673340169457,1673419489469,0.9180556944444445,3811,194,0,0.5133361842222717
50,8317,1673346400253,1673352345642,0.06881237268518518,100,5,0,0.704755
50,8327,1673415976850,1673418919515,0.03405862268518518,100,4,0,0.5356583333333335
50,8330,1673343347765,1673415269221,0.8324242592592592,701,25,0,0.8822640044601265
50,8356,1673333341603,1673419489469,0.9970817824074074,7940,423,0,0.6559526611722822
50,8383,1673343168148,1673350557514,0.08552506944444445,100,1,0,0.42500000000000004
50,8505,1673345858570,1673350848008,0.057748125,99,2,0,0.5950000000000001
50,8534,1673337843000,1673419455389,0.9445878356481482,6083,295,0,0.30739727928541616
50,8535,1673344424122,1673349738127,0.0615046875,100,7,0,0.4185011368055557
50,8537,1673408454631,1673418538929,0.11671641203703703,601,35,0,0.5712539985149764
50,8538,1673335469012,1673418081872,0.9561673611111111,5796,294,0,0.29400057725499146
50,8563,1673245603771,1673419416179,2.011717685185185,2569,119,0,0.5907173303618405
50,8569,1673245500607,1673419364939,2.0123186574074072,495,19,0,0.7330879138704104
50,8599,1673408009654,1673417842091,0.11380135416666666,233,10,0,0.4869562582468751
50,8601,1673413319793,1673419217787,0.06826381944444444,697,31,0,0.45161579536175517
50,8605,1673414168345,1673419384185,0.060368518518518516,800,39,0,0.30964610136546045
50,8609,1673344677071,1673350664753,0.069301875,200,9,0,0.8062897555000001
50,8611,1673343128062,1673419435266,0.8831852314814815,2950,165,0,0.16189429448175968
50,8619,1673346890084,1673419457219,0.8398973958333333,3721,190,0,0.14446951755788465
50,8624,1673346145159,1673356794225,0.12325307870370371,2694,140,0,0.39051022291409954
50,8626,1673344974155,1673357069674,0.13999443287037036,3116,155,0,0.3543735999703795
50,8661,1673341989170,1673419257243,0.894306400462963,2527,123,0,0.5542679720272187
50,8663,1673246792970,1673415342896,1.9508093287037036,1462,81,0,0.5902544130557974
50,8685,1673337195168,1673417311351,0.927270636574074,5623,284,0,0.24186554315085088
50,8692,1673346629755,1673417832737,0.8241085879629629,200,8,0,0.6241266887500002
50,8697,1673343403860,1673354022790,0.1229042824074074,530,24,0,0.44558378933854387
50,8721,1673342493306,1673417609651,0.8694021412037037,1565,78,0,0.775141533747534
50,8732,1673410741420,1673416789449,0.07000033564814814,300,17,0,0.2963872418685968
50,8734,1673335462146,1673419150292,0.9686128009259259,3869,193,0,0.45088655282695295
50,8748,1673409696998,1673414420286,0.05466768518518519,100,8,0,0.6546954325000001
50,8768,1673348431642,1673352919827,0.05194658564814815,100,7,0,0.5727157375000003
50,8780,1673410927264,1673415656130,0.05473224537037037,100,2,0,0.5950000000000001
50,8787,1673408402352,1673418576851,0.1177604050925926,406,19,0,0.2845140468392796
50,8788,1673344474518,1673350142571,0.06560246527777777,66,4,0,0.45297083333333343
50,8811,1673418742119,1673418941862,0.0023118402777777777,11,0,0,0.5
50,8833,1673245067850,1673419390195,2.0176197337962964,3909,192,0,0.4008366040351582
50,8845,1673341582797,1673415977635,0.8610513657407407,408,16,0,0.36641192708496023
50,8850,1673341835402,1673350557514,0.10095037037037037,400,29,0,0.5885683242797697
50,8855,1673409437720,1673415916726,0.07498849537037038,200,9,0,0.72581088925
50,8857,1673346180808,1673417919284,0.8303064351851852,695,34,0,0.7036608776723666
50,8860,1673342891476,1673419430624,0.8858697685185185,2386,120,0,0.8209320690226232
50,8868,1673343042265,1673415298158,0.8362950578703704,141,10,0,0.348471290828183
50,8892,1673333483016,1673343923327,0.12083693287037037,200,12,0,0.518783437244535
50,8897,1673339295653,1673417802247,0.9086411342592593,800,31,0,0.7211249876432675
50,8899,1673344831304,1673351418454,0.07624016203703704,199,7,0,0.49242103958333344
50,8912,1673342594107,1673419297540,0.8877712152777778,1549,76,0,0.37883006399013275
50,8921,1673418554807,1673419489469,0.010817847222222222,130,4,0,0.45738750000000006
50,8927,1673407738441,1673415175638,0.08607866898148148,100,4,0,0.45738750000000006
50,8969,1673338631333,1673419349972,0.9342435069444445,4793,253,0,0.6440960390214926
50,8976,1673344961489,1673419183276,0.8590484606481481,1028,49,0,0.6492425293393087
50,8989,1673333239698,1673419379244,0.9969854861111112,1211,61,0,0.52714196898629
50,8998,1673413804177,1673417339785,0.04092138888888889,100,11,0,0.4771581455471876
50,9004,1673342502298,1673414228230,0.83016125,389,15,0,0.5336213887765108
50,9031,1673410168396,1673417985740,0.09047851851851851,300,13,0,0.4374360307496039
50,9047,1673352962431,1673356226526,0.037778877314814815,100,2,0,0.5950000000000001
50,9053,1673346353919,1673351291649,0.057149652777777775,163,9,0,0.72581088925
50,9054,1673342855358,1673356864274,0.1621402314814815,1999,126,0,0.21890510191357562
50,9055,1673407779161,1673415420993,0.08844712962962963,200,7,0,0.42904684687500005
50,9070,1673342347241,1673352194025,0.1139674074074074,211,9,0,0.6575592225833335
50,9098,1673335674843,1673419489469,0.9700766898148148,5248,267,0,0.42477254799619923
50,9102,1673408644662,1673414958636,0.07307840277777777,100,2,0,0.5950000000000001
50,9114,1673345234168,1673351595765,0.0736295949074074,700,35,0,0.4861735326357935
50,9124,1673342774198,1673418222462,0.8732437962962963,2100,112,0,0.47701885167354885
50,9126,1673245307325,1673418973508,2.0100252662037037,769,44,0,0.6159784623505311
50,9158,1673341282826,1673417546543,0.8826819097222223,200,12,0,0.6519572365722085
50,9175,1673408346947,1673415159052,0.07884380787037037,100,4,0,0.5523250000000001
50,9184,1673336019782,1673417301394,0.9407593981481481,1400,64,0,0.5506515211336422
50,9191,1673334949897,1673419489469,0.9784672685185185,3261,136,0,0.634542213107771
50,9205,1673413997986,1673419152173,0.05965494212962963,300,17,0,0.6174547420956251
50,9209,1673347482499,1673419436198,0.8327974421296296,4665,269,0,0.48395335651592514
50,9218,1673343019256,1673352507448,0.10981703703703703,200,7,0,0.6044354875000001
50,9220,1673339803644,1673356201978,0.1897955324074074,799,49,0,0.5959822239605945
50,9231,1673409815512,1673414223736,0.051021111111111114,3,1,0,0.42500000000000004
50,9265,1673337774941,1673414146887,0.8839345601851852,200,11,0,0.43803960549536464
50,9266,1673342782371,1673418570027,0.8771719444444445,2355,110,0,0.5012182185649496
50,9268,1673348187349,1673352021118,0.04437232638888889,100,5,0,0.704755
50,9294,1673339204746,1673414775802,0.874665,320,24,0,0.7620521611992134
50,9347,1673356642724,1673417101970,0.6997597916666667,441,19,0,0.6383479988578589
50,9348,1673345304089,1673349333144,0.04663258101851852,100,7,0,0.5428379875000001
50,9351,1673407802184,1673415839449,0.09302390046296297,299,11,0,0.6634710035987502
50,9378,1673345959479,1673356887735,0.12648444444444445,500,30,0,0.5899465860240044
50,9387,1673333147091,1673417906806,0.9810152199074074,980,52,0,0.7296545099471082
50,9388,1673333817535,1673356895645,0.26710775462962966,3084,159,0,0.5309141029609612
50,9395,1673345374105,1673416750245,0.8261127314814815,2523,126,0,0.7952372845250754
50,9408,1673343351186,1673419392415,0.8801068171296297,641,34,0,0.784586927992523
50,9416,1673342869464,1673414202888,0.8256183333333333,200,7,0,0.5922854875000001
50,9421,1673407981911,1673415916726,0.09183813657407408,300,17,0,0.35959022506855565
50,9428,1673340500435,1673346700884,0.07176445601851852,100,6,0,0.47843109722222227
50,9493,1673342826274,1673415668890,0.8430858333333333,1000,51,0,0.7871475795269007
50,9507,1673345774149,1673345774149,0.0,1,0,0,0.5
50,9509,1673334420770,1673419308442,0.9824962037037037,1667,100,0,0.40807766948450547
50,9510,1673409401993,1673415706775,0.0729720138888889,200,7,0,0.76085155
50,9523,1673346580432,1673351141939,0.05279521990740741,100,3,0,0.6355000000000001
50,9526,1673342703600,1673419489469,0.8887253356481482,3079,156,0,0.3360023468390719
50,9532,1673408321900,1673419442000,0.12870486111111112,2608,132,0,0.8373188978149771
50,9546,1673336649262,1673419406838,0.9578423148148149,778,32,0,0.5048014984124393
50,9588,1673343114325,1673419435266,0.883344224537037,3111,164,0,0.6790519600350187
50,9679,1673342301623,1673419379244,0.8921020949074074,6002,343,0,0.3827564326729694
50,9783,1673346422832,1673416020625,0.8055300115740741,473,23,0,0.7663586655790835
50,9803,1673417218878,1673418948358,0.02001712962962963,40,3,0,0.51925
50,9805,1673417721727,1673419057387,0.015459027777777778,59,4,0,0.4696375000000001
50,9814,1673347296136,1673352345641,0.05844334490740741,100,12,0,0.79214452326325
50,9970,1673342804898,1673418081872,0.8712612731481482,900,37,0,0.6217518973725357
50,10013,1673336626585,1673356239190,0.22699774305555556,950,48,0,0.970138070909426
50,10014,1673247065845,1673419442000,1.995094386574074,5619,293,0,0.21928653204546195
50,10018,1673346661835,1673352358098,0.0659289699074074,100,7,0,0.4073853960648149
50,10021,1673342712875,1673418844456,0.8811525578703704,1972,102,0,0.5661670652812631
50,13504,1673347990380,1673416651110,0.794684375,734,26,0,0.5929978761405142
50,13515,1673336578578,1673416763133,0.9280619791666667,7660,397,0,0.3327128705718778
50,13518,1673342724707,1673356948112,0.16462274305555555,3752,208,0,0.252908443837712
50,13522,1673333486867,1673419439036,0.9948167708333333,2082,95,0,0.3224760561197349
50,13526,1673343171478,1673416346219,0.8469298726851852,1205,58,0,0.8641030987369128
50,13543,1673342435977,1673349610885,0.08304291666666666,200,11,0,0.4261173400682813
50,13573,1673408344764,1673419442000,0.12844023148148148,1008,54,0,0.6621544912833679
50,13576,1673407794583,1673418755135,0.12685824074074073,270,13,0,0.5118539932271831
50,13577,1673341055116,1673350518352,0.10952819444444445,300,13,0,0.4858500507478818
50,13580,1673344713861,1673350450890,0.06640079861111112,200,15,0,0.2279743892562718
50,13592,1673407939370,1673419323388,0.1317594675925926,836,45,0,0.30839832143208007
50,13596,1673407815966,1673419455389,0.13471554398148147,2776,151,0,0.13791153564381836
50,13597,1673344441332,1673419355849,0.8670661689814815,4926,246,0,0.28820050665306274
50,13600,1673343709018,1673419489469,0.8770885532407408,4519,220,0,0.5442831956189184
50,13602,1673346020954,1673419304452,0.8481886342592593,2685,154,0,0.744750881988668
50,13609,1673342839225,1673410245673,0.7801672222222222,2101,119,0,0.35943775319722665
50,13610,1673348501941,1673419318071,0.8196311342592593,1754,108,0,0.6089136642000226
50,13616,1673333341603,1673414381593,0.9379628472222222,2000,100,0,0.78070458249623
50,13625,1673354439220,1673356951845,0.02908130787037037,100,8,0,0.5458625220833335
50,13630,1673354540847,1673357025399,0.02875638888888889,77,3,0,0.5342500000000001
50,13632,1673343016625,1673348493192,0.06338619212962963,100,3,0,0.5342500000000001
50,13642,1673244347859,1673419147522,2.023144247685185,5903,309,0,0.7149185602696176
50,13643,1673414068993,1673419406838,0.061780613425925925,386,21,0,0.8541266653192383
50,13644,1673407939370,1673419390195,0.13253269675925927,2564,138,0,0.1558088335841354
50,13654,1673355277859,1673418742119,0.7345400462962963,775,44,0,0.422306306809064
50,13660,1673344304850,1673349672617,0.06212693287037037,100,4,0,0.45297083333333343
50,13662,1673333434587,1673414152542,0.9342355902777778,299,13,0,0.5634065785256596
50,13672,1673408401347,1673417546543,0.10584717592592592,500,27,0,0.6164310898237382
50,13711,1673342585000,1673419384185,0.8888794560185185,334,24,0,0.2963682992151835
50,13714,1673413683434,1673419094899,0.06263269675925925,300,13,0,0.6845503831649876
50,13715,1673343720023,1673419455389,0.8765667361111111,743,30,0,0.7219588927117047
50,13716,1673343551394,1673352850591,0.10762959490740741,400,19,0,0.8428008184697806
50,13719,1673342651061,1673349064427,0.07422877314814814,100,3,0,0.51925
50,13744,1673340802338,1673349402523,0.09953917824074074,300,9,0,0.4199024876354167
50,13755,1673356227552,1673356227552,0.0,1,0,0,0.5
50,13761,1673337167525,1673356209570,0.22039403935185184,380,23,0,0.28537481009804666
50,13770,1673342821385,1673349253329,0.0744437962962963,100,4,0,0.67195
50,13771,1673418870592,1673419390710,0.0060198842592592595,34,2,0,0.48250000000000004
50,13773,1673345571389,1673350288396,0.054594988425925924,18,1,0,0.42500000000000004
50,13780,1673411079037,1673419457219,0.09696969907407407,1313,59,0,0.6455674686465702
50,13784,1673415113390,1673419438939,0.05006422453703704,584,40,0,0.6573507865012904
50,13785,1673416327347,1673419330195,0.03475518518518519,217,15,0,0.6547616750758494
50,13786,1673414277556,1673419329444,0.058470925925925926,405,14,0,0.6347395841680734
52,3,1654767170123,1654770357498,0.03689091435185185,17,0,0,0.5
52,11,1654767657216,1654768159673,0.005815474537037037,3,0,0,0.5
52,54,1654747169565,1654784721393,0.4346276388888889,2060,88,0,0.6388353912985805
52,57,1654671656994,1654786351555,1.3274833449074075,17768,878,0,0.3037721249030326
52,59,1654672871329,1654786351555,1.3134285416666667,15938,799,0,0.21820110410890906
52,61,1654671656994,1654786351555,1.3274833449074075,17606,865,0,0.21881008221570758
52,64,1654672827790,1654786351555,1.3139324652777777,3200,181,0,0.6530700946840695
52,67,1654684399350,1654786351555,1.1800023726851852,12400,595,0,0.20542867562523387
52,77,1654671893464,1654786351555,1.324746423611111,14332,707,0,0.41247012828742746
52,80,1654672952933,1654786340981,1.3123616666666666,6070,294,0,0.776576606826232
52,91,1654672302002,1654785730241,1.3128268402777779,8249,387,0,0.7453907221342622
52,99,1654673251775,1654779245714,1.2267817013888889,1835,94,0,0.5800648989173847
52,105,1654672032401,1654786351555,1.3231383564814816,13371,673,0,0.30874751988865223
52,113,1654767583724,1654786351555,0.21722026620370372,1574,76,0,0.775242578146997
52,126,1654676225532,1654786318020,1.2742186111111111,1313,66,0,0.35120141947164174
52,128,1654680805861,1654786351555,1.2215936805555556,929,50,0,0.6510562546975248
52,129,1654763628895,1654784320304,0.23948390046296297,57,1,0,0.55
52,153,1654675733465,1654678596326,0.033134965277777775,292,19,0,0.42219810174241196
52,160,1654689647767,1654786046659,1.1157279166666667,1886,94,0,0.40606416269676293
52,161,1654767301578,1654769910622,0.03019726851851852,37,0,0,0.5
52,164,1654671753875,1654786288004,1.3256264930555555,667,42,0,0.6716885455672811
52,215,1654755088278,1654757264045,0.025182488425925926,186,7,0,0.3385851029513889
52,229,1654748351002,1654780234899,0.36902658564814816,288,5,0,0.6105925
52,248,1654673504450,1654786348772,1.3060685416666666,4931,256,0,0.5266304424268605
52,249,1654671656994,1654780496514,1.2597166666666666,4688,233,0,0.20045239994363162
52,252,1654678965861,1654784198757,1.2179733333333334,1202,51,0,0.43176918536610387
52,253,1654763291709,1654764171752,0.010185682870370371,32,1,0,0.55
52,263,1654753925151,1654785429211,0.3646303240740741,911,37,0,0.46422621888410065
53,23,1656059368657,1656169189866,1.2710788078703703,111,3,0,0.39709722222222227
53,47,1655957376121,1655959012283,0.018937060185185185,3,0,0,0.5
53,49,1672977142849,1672977142849,0.0,1,0,0,0.5
53,54,1655901599276,1667887004778,138.71997108796296,19505,932,1,0.6668772392184975
53,56,1665307085959,1667900198759,30.01287962962963,6791,326,0,0.22789895633560558
53,57,1655896270862,1655963206923,0.7747229282407407,14672,750,0,0.8842388699194739
53,59,1655896270862,1655963206923,0.7747229282407407,11232,555,0,0.8842385828853511
53,61,1655896270862,1655963206923,0.7747229282407407,11185,579,0,0.8842388694930797
53,64,1655954900369,1667741475103,136.41868905092593,3422,186,1,0.404328028046729
53,67,1655953033829,1656169664967,2.507304837962963,694,27,0,0.20388931048835562
53,68,1656059274056,1656144656324,0.9882206944444445,674,36,0,0.33601119305600735
53,69,1655953639996,1655961641063,0.09260494212962964,140,7,0,0.4564286593750001
53,74,1656083521642,1665754008162,111.92692731481482,773,28,1,0.6557177794429517
53,77,1655909153285,1655909247167,0.0010865972222222223,51,1,0,0.55
53,80,1655902887817,1667895785192,138.80668258101852,17534,891,1,0.40584403387400275
53,91,1655897635941,1667581082737,135.2250786574074,2882,151,1,0.5488942076982571
53,99,1655947560629,1667578859305,134.6215124537037,1324,62,1,0.4537789281210639
53,105,1655897028056,1655963206923,0.7659591087962963,10007,518,0,0.8797896580272863
53,110,1655902249987,1656169664967,3.095080787037037,386,16,0,0.2060713689351761
53,113,1656060559041,1656169181926,1.2572093171296297,184,9,0,0.33626060502256955
53,114,1656059927281,1672977142849,195.80110611111112,66,1,1,0.55
53,126,1655958002882,1667525604817,133.8842816550926,133,3,1,0.5025833333333334
53,128,1655901395140,1667521132410,134.48769988425926,275,12,1,0.3975539415690805
53,153,1667039604682,1667131980470,1.069164212962963,14,1,0,0.42500000000000004
53,160,1655902779115,1656169664967,3.08895662037037,1371,54,0,0.7382295211264676
53,161,1655959797805,1655962995802,0.037013854166666665,106,4,0,0.48463750000000005
53,164,1655946379863,1667534194117,134.1182205324074,579,28,1,0.5268627753477301
53,217,1672977142849,1672977142849,0.0,1,0,0,0.5
53,246,1656144593660,1656144656324,0.0007252777777777778,13,2,0,0.4658333333333334
53,248,1655901190522,1655963206148,0.717773449074074,1846,92,0,0.2282212942252489
53,252,1655896270862,1667460896342,133.84983194444445,9213,500,1,0.545518183645013
53,263,1655901894970,1667900489408,138.8726208101852,23325,1183,1,0.5089958876354466
53,272,1665308750498,1667527208080,25.67659238425926,967,46,0,0.47108823272956285
53,278,1656059053499,1666873423589,125.1663204861111,100,6,1,0.7342795000000001
53,282,1655896270862,1655963206923,0.7747229282407407,6105,332,0,0.8796986586952885
53,294,1656057993647,1665739614102,112.05579230324074,70,2,1,0.48250000000000004
53,297,1656064274951,1656083860930,0.22668957175925927,9,0,0,0.5
53,300,1656165041593,1656167006318,0.022739872685185184,6,1,0,0.42500000000000004
53,301,1665562493548,1666927976134,15.804196597222223,128,5,0,0.6105925
53,302,1665629813728,1667405050091,20.54671716435185,101,9,0,0.5592600833125001
53,303,1656162887825,1656169664967,0.07843914351851852,70,5,0,0.34559093750000003
53,314,1665308439210,1667900075935,29.99579542824074,10569,524,0,0.548221150473402
53,315,1665311169363,1667900489408,29.968982002314814,16186,833,0,0.5079208089880477
53,325,1665368888513,1667557936616,25.336204895833333,199,6,0,0.5042922083333334
53,331,1672977142849,1672977142849,0.0,1,0,0,0.5
53,337,1665307250284,1667576701718,26.26679900462963,4096,219,0,0.5360295230795457
53,355,1665402143963,1667900592922,28.91723332175926,11841,568,0,0.41076924767164885
53,368,1665555345492,1667900038760,27.137653564814816,4495,233,0,0.3779817554838924
53,372,1666702668129,1666960993987,2.9898826157407408,82,5,0,0.3765886805555556
53,382,1665306680688,1667581277357,26.326350335648147,2354,111,0,0.38240816689869006
53,383,1666869904861,1666869904861,0.0,1,0,0,0.5
53,408,1665473274955,1667543374822,23.959489201388887,7,1,0,0.55
53,422,1665315076542,1667825095621,29.051146747685184,817,34,0,0.4017482275676231
53,424,1665458279643,1667567150187,24.408223888888887,360,13,0,0.30854261410394407
53,425,1666839761787,1666926069256,0.9989290393518518,15,1,0,0.55
53,426,1667520504154,1667551191847,0.35518163194444446,3,0,0,0.5
53,429,1666862789584,1666933862910,0.8226079398148148,12,1,0,0.55
53,432,1666841523076,1666860225301,0.2164609375,4,1,0,0.55
53,434,1666840964576,1667899571156,12.252390972222223,90,2,0,0.5950000000000001
53,436,1666840276344,1666866304686,0.30125395833333335,13,1,0,0.55
53,439,1665307746583,1667877675648,29.744549363425925,7396,382,0,0.5164385675387345
53,440,1665308793145,1667539411514,25.817342233796296,3421,183,0,0.4018359978350915
53,441,1665312837104,1667600666201,26.4795034375,9396,458,0,0.19306229279248524
53,452,1665309456957,1667810591700,28.948318784722222,2469,138,0,0.3012810297058938
53,456,1665307819452,1667550428873,25.95612755787037,1697,80,0,0.2982676829815481
53,458,1665597015929,1665718153640,1.4020568402777778,118,2,0,0.48250000000000004
53,459,1665576346198,1665680391548,1.204228587962963,13,0,0,0.5
53,463,1667208181272,1667285968109,0.9003106134259259,108,7,0,0.3331512373070989
53,465,1666865491633,1666956489454,1.0532155208333334,11,0,0,0.5
53,466,1665307187545,1667513239882,25.533013159722223,75,0,0,0.5
53,467,1666839749176,1667098110015,2.990287488425926,30,2,0,0.48250000000000004
53,468,1666839654994,1666926840974,1.0090969907407408,7,0,0,0.5
53,471,1666862589111,1667890680316,11.899203761574075,15,2,0,0.48250000000000004
53,475,1666838718533,1666862044103,0.269971875,13,0,0,0.5
53,483,1666685495661,1667836567075,13.322585810185185,2014,105,0,0.3259908778234543
53,485,1666862812453,1666955583180,1.0737352662037036,6,0,0,0.5
53,598,1666862870910,1667893152185,11.92455179398148,60,3,0,0.51925
53,617,1665307975080,1667461666139,24.926979849537037,68,3,0,0.39709722222222227
53,624,1665308632567,1667566538775,26.133173703703704,588,27,0,0.5080734507018941
53,626,1667875971548,1667880826869,0.05619584490740741,10,0,0,0.5
53,631,1665623460645,1666957924066,15.445178483796296,74,2,0,0.3637500000000001
53,650,1665459809830,1667112949112,19.13355650462963,15,3,0,0.3137291666666668
53,657,1665320628199,1667530202360,25.573775011574075,94,8,0,0.5775291887500001
53,667,1665554537793,1667887998471,27.007646736111113,58,2,0,0.4658333333333334
53,668,1666863755808,1666926691682,0.7284244675925926,13,0,0,0.5
53,673,1665365212384,1667532062096,25.079279074074073,865,59,0,0.37181107397878277
53,676,1665308421664,1667517410518,25.567000625,184,10,0,0.37708982992897383
53,683,1666832619120,1667349641612,5.98405662037037,33,2,0,0.5950000000000001
53,691,1666786155174,1667004483781,2.5269514699074076,5,0,0,0.5
53,692,1666775771251,1667216144913,5.096917384259259,94,6,0,0.2650945588348766
53,695,1666699868267,1666882587436,2.114805196759259,6,0,0,0.5
53,735,1666767746448,1667858817824,12.628140925925926,235,15,0,0.6932607403762658
53,753,1665308213253,1667461527460,24.922618136574073,98,5,0,0.5820925000000001
53,765,1666929881868,1666929995520,0.0013154166666666668,2,0,0,0.5
53,766,1667222712725,1667285899130,0.7313241319444445,52,3,0,0.6355000000000001
53,768,1666883157533,1666932440321,0.5704026388888889,11,1,0,0.55
53,769,1666920220754,1667002793874,0.9557074074074074,31,0,0,0.5
53,771,1665308063815,1667539984601,25.83241650462963,492,28,0,0.48093960858742724
53,773,1665567921978,1666929578712,15.759915902777777,280,6,0,0.6373832500000002
53,774,1665308659485,1667461752256,24.920055219907407,118,5,0,0.4541209722222223
53,780,1665564300156,1665741471448,2.0505936574074073,60,2,0,0.4658333333333334
53,783,1666839669291,1667894281193,12.206156273148148,9,0,0,0.5
53,785,1666840234616,1666904336938,0.7419250231481481,9,0,0,0.5
53,796,1666931453697,1667128902043,2.285281782407407,13,1,0,0.55
53,797,1666963100449,1666963100449,0.0,1,0,0,0.5
53,805,1665310980847,1667831657541,29.174498773148148,1779,93,0,0.4222732665084403
53,806,1666839834253,1667096071876,2.9657132291666666,19,1,0,0.55
53,811,1667187706487,1667707859174,6.020285729166667,123,6,0,0.4086520347222222
53,812,1667388356925,1667440176902,0.5997682523148148,166,9,0,0.7027258892500002
53,821,1665310225345,1667523456845,25.616105324074073,254,12,0,0.31869358971610046
53,824,1665327466858,1667530938503,25.503144039351852,350,14,0,0.4560294059894546
53,827,1665306680688,1667883171860,29.820499675925927,1209,61,0,0.4512609797744293
53,828,1666842701802,1666971253869,1.4878711458333334,66,3,0,0.3137291666666668
53,832,1665328027458,1667874809657,29.47664582175926,2447,132,0,0.31672819411068326
53,834,1665310472576,1667803803409,28.857995752314814,620,33,0,0.4986094303482152
53,837,1665310103857,1667550952818,25.935751863425924,1586,82,0,0.35038251325227976
53,844,1667203772597,1667259043443,0.6397088657407407,289,18,0,0.3548165363758307
53,846,1666882555725,1666967299898,0.9808353356481482,46,4,0,0.44072083333333334
53,852,1665329972171,1667460007828,24.653190474537038,26,0,0,0.5
53,865,1666849748647,1666920361400,0.8172772337962962,20,1,0,0.55
53,869,1666697231081,1666856039720,1.8380629513888889,5,1,0,0.42500000000000004
53,873,1666862841757,1666929678126,0.7735690856481482,39,1,0,0.55
53,876,1665314011487,1667461929979,24.860167731481482,34,2,0,0.5950000000000001
53,877,1666927457333,1666927457333,0.0,1,0,0,0.5
53,881,1665323952615,1667568235980,25.975501909722222,1068,54,0,0.41120857224261725
53,884,1666848350914,1666857350308,0.10415965277777778,9,0,0,0.5
53,885,1665316357158,1667900592922,29.910136157407408,12111,616,0,0.6494746980097872
53,886,1665311657621,1667544095913,25.83840615740741,308,9,0,0.4247289333906251
53,887,1666929316523,1666929392436,0.0008786226851851852,2,0,0,0.5
53,891,1667206625008,1667221605193,0.17338177083333334,27,3,0,0.51925
53,892,1666965496369,1667012780759,0.5472730324074074,2,0,0,0.5
53,895,1665337154069,1667461851963,24.591410810185184,111,2,0,0.48250000000000004
53,896,1666861334196,1666931144709,0.8079920486111111,69,1,0,0.42500000000000004
53,897,1665312387312,1667894053825,29.88039945601852,4080,227,0,0.45245326969503424
53,898,1665329526124,1667577320523,26.016138877314816,384,16,0,0.49630602381332334
53,901,1665308430399,1667900082905,29.995978078703704,3777,200,0,0.44655826076314903
53,907,1665378307424,1667567231042,25.334764097222223,106,7,0,0.5578379875000001
53,912,1665462960249,1667832617573,27.42658939814815,2009,97,0,0.28988115658128977
53,915,1666865347092,1666969881994,1.209894699074074,6,0,0,0.5
53,916,1665310012914,1667733174356,28.045850023148148,598,30,0,0.4768576438148553
53,918,1665315673974,1667528165726,25.607543425925925,646,34,0,0.32968151377718413
53,920,1665309974964,1667553316718,25.96460363425926,124,4,0,0.34096273148148154
53,924,1666840038755,1667412777765,6.628923726851852,110,7,0,0.4881402062500001
53,927,1665307085959,1667533306326,25.76643943287037,768,36,0,0.4599815611482015
53,932,1665323980145,1667530505757,25.53849087962963,288,17,0,0.2686852591769045
53,933,1667383656440,1667651301594,3.097744837962963,120,4,0,0.5356583333333335
53,934,1665401044485,1667867059859,28.541844606481483,2966,164,0,0.3368883876421609
53,936,1665463800292,1667579745073,24.490101631944444,132,7,0,0.28144150611496915
53,938,1665308721452,1667900489408,29.997314305555555,19511,966,0,0.4333198955154897
53,940,1665308448762,1667900035750,29.995219768518517,21163,1065,0,0.47631488003423933
53,946,1666842953423,1666946933398,1.2034719328703705,14,0,0,0.5
53,948,1665307095932,1667523022499,25.647298229166665,380,21,0,0.46756008790374415
53,954,1665322817395,1667628346918,26.684369479166666,280,11,0,0.35277062545067434
53,955,1665392044020,1667578949963,25.311411377314815,315,16,0,0.5306627402082696
53,965,1665307250284,1667900592922,30.015539791666665,10925,545,0,0.37337348231451295
53,968,1666693450788,1667128749509,5.038179641203704,254,12,0,0.19415529202875478
53,971,1665357284671,1667600666201,25.965064004629628,5257,255,0,0.3388080937417234
53,975,1665382127715,1667821756222,28.23644105324074,1489,72,0,0.7337643430309668
53,977,1666853330654,1667744109332,10.309938402777778,448,21,0,0.3743232446400641
53,986,1665321684951,1667531145869,25.572464328703703,140,8,0,0.4553769953472224
53,987,1665307449711,1667582180222,26.32789943287037,6646,320,0,0.5617675579604873
53,989,1665308723468,1667554256055,25.989960497685185,1448,81,0,0.6401335871098741
53,1003,1665320208018,1667533306326,25.61456375,177,7,0,0.4543664145833335
53,1005,1666856979121,1666930822212,0.8546654050925926,75,3,0,0.4273750000000001
53,1007,1665408476721,1667532184038,24.57994579861111,116,4,0,0.45738750000000006
53,1010,1666761314112,1667818920943,12.240819803240742,73,2,0,0.48250000000000004
53,1014,1665307448575,1667899849680,30.004642418981483,14746,767,0,0.5910800767542002
53,1016,1665371675792,1667871108305,28.928617048611112,3614,198,0,0.49267150351745964
53,1022,1665361108988,1665385102453,0.2777021412037037,5,0,0,0.5
53,1047,1665570954065,1665681811239,1.2830691435185184,9,1,0,0.42500000000000004
53,1054,1665483969637,1667836432675,27.227581458333333,2242,125,0,0.1944902791237222
53,1056,1665320484663,1667461757853,24.78325451388889,608,28,0,0.3013921206465787
53,1081,1665313365525,1667523735218,25.58298255787037,41,1,0,0.55
53,1120,1667023965907,1667130895047,1.237605787037037,70,6,0,0.520958875
53,1121,1667026469985,1667313109138,3.3175827893518517,392,18,0,0.5730903320751894
53,1122,1665386764412,1667869287138,28.732901921296296,526,18,0,0.4157654579552505
53,1123,1665307308654,1667900214682,30.010486435185186,26924,1421,0,0.508943513134932
53,1125,1666926968475,1667445867206,6.005772349537037,85,5,0,0.31531315972222224
53,1127,1665400521786,1667531145869,24.660000960648148,152,7,0,0.76085155
53,1128,1665560440770,1667880701434,26.854868796296298,139,6,0,0.4312668958333335
53,1135,1666705546014,1666927694691,2.5711652430555554,21,2,0,0.4658333333333334
53,1139,1665306680688,1667881666716,29.803079027777777,14920,759,0,0.29200498603871056
53,1147,1665367322553,1667900592922,29.320258900462964,1357,75,0,0.5890633292164537
53,1158,1665328106605,1667528327230,25.465516493055556,37,5,0,0.5654258333333334
53,1159,1666696533212,1667749917754,12.191950717592592,482,28,0,0.35212745592743405
53,1164,1665407563821,1667532390041,24.592896064814816,97,5,0,0.52267375
53,1166,1666865609613,1667128749509,3.0456006481481483,241,11,0,0.4363249224641148
53,1171,1665307095932,1667891070893,29.907117604166668,17598,883,0,0.3357760647867751
53,1180,1665307904460,1667782458264,28.64066902777778,554,31,0,0.33495975118705207
53,1184,1665308049015,1667894563209,29.936506875,11049,550,0,0.2955817997538932
53,1192,1667882828899,1667899872001,0.197258125,616,37,0,0.23192429748154236
53,1193,1667566608469,1667794843957,2.6416144444444445,114,4,0,0.567325
53,1202,1665675042670,1667286903025,18.655791145833334,998,45,0,0.24239179522893325
53,1203,1665680520851,1665680520851,0.0,1,0,0,0.5
53,1212,1665686644134,1667356690462,19.32923990740741,165,4,0,0.45738750000000006
53,1225,1667285912512,1667307591392,0.25091296296296295,113,6,0,0.4601835625000001
53,1307,1666817226193,1666847678719,0.3524597916666667,2,0,0,0.5
53,1324,1665313319498,1667517563057,25.512078229166665,5,0,0,0.5
53,1329,1666832639326,1667360321642,6.107434212962963,115,6,0,0.5922165833333335
53,1330,1665310337419,1667895299204,29.918539178240742,619,31,0,0.2735938189985561
53,1351,1667830683237,1667867589316,0.4271536921296296,105,2,0,0.48250000000000004
53,1459,1665307308654,1667900592922,30.014864212962962,4755,256,0,0.4745095471447933
53,1460,1665327408261,1667533429016,25.532647627314816,277,10,0,0.4859311759534724
53,1462,1665317845733,1667532131838,25.628311400462962,353,18,0,0.44880206694591623
53,1464,1665308446253,1667714888525,27.852341111111112,1563,79,0,0.35741652856029416
53,1467,1665322992002,1667523418580,25.467900208333333,172,10,0,0.38780088612317726
53,1468,1665316220986,1667881435896,29.689987384259258,152,6,0,0.7342795000000001
53,1469,1665307085959,1667571963001,26.213854652777776,2288,124,0,0.43743504233211117
53,1471,1667519978633,1667530158389,0.11782125,3,0,0,0.5
53,1472,1667199395480,1667217597772,0.21067467592592592,10,1,0,0.55
53,1476,1665390847860,1667533421789,24.798309363425926,33,1,0,0.42500000000000004
53,1479,1665396623210,1667532438533,24.720084756944445,99,4,0,0.3823562500000001
53,1480,1665396356833,1667531395332,24.711093738425927,9,0,0,0.5
53,1481,1665470969750,1667566215155,24.25052552083333,77,2,0,0.4658333333333334
53,1482,1665459180397,1667458973149,23.145749444444444,18,0,0,0.5
53,1483,1666839171455,1666930822212,1.0607726504629629,11,0,0,0.5
53,1484,1666921216950,1666946873113,0.29694633101851853,9,0,0,0.5
53,1485,1666836075352,1667835539406,11.56787099537037,74,3,0,0.5342500000000001
53,1488,1666691892695,1666967995148,3.1956302430555557,62,3,0,0.3137291666666668
53,1490,1666769888193,1667827707291,12.243276597222222,298,13,0,0.32212307195777184
53,1491,1667539734336,1667549642778,0.11468104166666666,61,3,0,0.5342500000000001
53,1496,1666855648449,1667832787610,11.309481030092593,15,1,0,0.42500000000000004
53,1501,1666839073416,1667392403553,6.4042839930555555,151,9,0,0.3167691478914932
53,1509,1666737842942,1666964867705,2.627601423611111,30,0,0,0.5
53,1512,1666849797235,1667312294834,5.352981469907407,111,7,0,0.27402792458204733
53,1515,1666940936655,1667536633261,6.894636643518519,8,0,0,0.5
53,1516,1666851020404,1667539411514,7.967489699074074,169,8,0,0.4766510231250002
53,1522,1666697231081,1667900190212,13.923138090277778,379,24,0,0.35959522141660366
53,1535,1665576651870,1665669750579,1.0775313541666667,14,0,0,0.5
53,1540,1665618760606,1665713518161,1.0967309606481481,4,1,0,0.42500000000000004
53,1541,1666700120856,1667553859048,9.881229074074074,106,7,0,0.4073853960648149
53,1548,1666778685311,1667702186935,10.688676203703704,58,3,0,0.51925
53,1551,1665571290032,1665710989834,1.6168958564814815,26,2,0,0.3637500000000001
53,1568,1666697976795,1667829223035,13.093127777777777,197,8,0,0.35930235654513903
53,1572,1667223104533,1667265685129,0.4928309722222222,64,2,0,0.3637500000000001
53,1576,1666846800909,1666954341894,1.244687326388889,6,0,0,0.5
53,1588,1666850304180,1667895785192,12.100474675925925,116,1,0,0.42500000000000004
53,1589,1665639914417,1667533568801,21.91729611111111,84,7,0,0.23316055638181588
53,1593,1666798908334,1666955927800,1.8173549305555556,12,0,0,0.5
53,1597,1665561465857,1665717975039,1.8114488657407408,52,5,0,0.5076737500000001
53,1598,1665555129331,1665721926511,1.9305229166666666,128,8,0,0.6953454325000001
53,1601,1665614906136,1666040763145,4.92890056712963,91,6,0,0.46617981250000007
53,1602,1665559292153,1667716761399,24.97070886574074,545,31,0,0.31460434983931557
53,1604,1665560235011,1665740464980,2.085995011574074,138,9,0,0.5845321032083335
53,1606,1666692920751,1666971407643,3.2232279166666666,29,1,0,0.42500000000000004
53,1612,1665570558998,1665710134948,1.6154623842592593,8,0,0,0.5
53,1613,1665570583806,1667451930731,21.77484866898148,788,32,0,0.5304526600792293
53,1615,1665571561195,1666929936227,15.721933240740741,310,22,0,0.345044459513169
53,1618,1665565617724,1666947337861,15.992131215277778,367,26,0,0.3263664593043658
53,1620,1665569078315,1666929626487,15.747085324074074,122,5,0,0.3654729398148149
53,1621,1665576524685,1666883504049,15.127075972222222,68,3,0,0.51925
53,1622,1665619608199,1665680635746,0.7063373495370371,7,0,0,0.5
53,1623,1665625076476,1665728921619,1.201911377314815,23,0,0,0.5
53,1624,1665615180840,1665714225481,1.1463500115740741,17,0,0,0.5
53,1625,1665627487780,1667798616103,25.12880003472222,220,14,0,0.3534716108004485
53,1628,1665647972982,1667447492975,20.82777769675926,866,40,0,0.4706969193759824
53,1629,1665710612172,1665732497733,0.2533051041666667,12,1,0,0.42500000000000004
53,1630,1666706697087,1667830101112,13.002361400462963,48,2,0,0.5950000000000001
53,1632,1665743656234,1667356780930,18.670424722222222,595,26,0,0.551705570106442
53,1633,1665750080918,1666971383327,14.135444548611112,226,10,0,0.46908364567656247
53,1636,1666676939839,1667852842182,13.60998082175926,643,24,0,0.4952312156430534
53,1645,1665813969463,1665974448990,1.8574019328703704,4,1,0,0.55
53,1646,1665804719768,1666926853477,12.987658668981481,20,0,0,0.5
53,1651,1666040763145,1666858540207,9.465012291666667,15,1,0,0.42500000000000004
53,1652,1666690064368,1667536366648,9.795165277777778,5796,308,0,0.573560539531372
53,1655,1666667553286,1667536146622,10.053163611111112,3953,180,0,0.22536462455400344
53,1656,1666669542158,1667660369118,11.46790462962963,5600,294,0,0.33261408568980916
53,1657,1666671539353,1667213712940,6.2751572569444445,840,47,0,0.4956598445538228
53,1658,1665890903813,1667447492975,18.01607826388889,3019,155,0,0.47037425092426066
53,1659,1666671744079,1667227629604,6.433860243055555,1843,87,0,0.39073102655736774
53,1661,1665974448990,1667445867206,17.030303425925926,2226,122,0,0.5865809905974848
53,1662,1665824323054,1667131814378,15.133001435185186,535,29,0,0.4963152119043964
53,1663,1666671553805,1667531883576,9.957520497685184,5087,255,0,0.2938211055518815
53,1664,1666674089366,1667100213834,4.931996157407408,256,9,0,0.34369408643315974
53,1665,1665821513310,1667653411388,21.202524050925927,981,63,0,0.3658029360640397
53,1666,1666677924673,1667441445894,8.837051168981482,2093,108,0,0.36849162127104335
53,1668,1665890910283,1667289152059,16.183353888888888,55,5,0,0.4966487500000001
53,1669,1665832297524,1666931245132,12.719301018518518,253,9,0,0.36955519754427085
53,1672,1666861363175,1666929397838,0.7874382291666666,65,3,0,0.4107083333333334
53,1673,1666930952603,1666931984284,0.011940752314814815,7,0,0,0.5
53,1676,1666700806911,1667384151474,7.909080590277778,113,5,0,0.704755
53,1681,1666671642333,1667620031855,10.976730578703704,1038,44,0,0.556084227399164
53,1682,1666784020449,1667886822109,12.763908101851852,2456,124,0,0.35650030074500133
53,1685,1666677549340,1666929366148,2.9145463888888887,34,1,0,0.42500000000000004
53,1688,1666941889801,1667883171860,10.894468275462962,68,2,0,0.4658333333333334
53,1692,1667105182853,1667137106066,0.36948163194444444,7,2,0,0.3637500000000001
53,1694,1667008448320,1667610340754,6.966347615740741,204,5,0,0.29511956404320994
53,1698,1667297048907,1667600258400,3.5093691319444447,611,30,0,0.5444288206673893
53,1699,1666763412021,1666956716679,2.2373224305555555,151,10,0,0.4290687728302085
53,1715,1666679058241,1667214364645,6.195675972222222,218,7,0,0.4421164145833334
53,1719,1666868431625,1666965745586,1.1263189930555555,10,1,0,0.42500000000000004
53,1721,1666761417018,1667802921193,12.054446469907408,178,10,0,0.2110333952192078
53,1723,1667554235115,1667811219228,2.9743531597222224,57,4,0,0.5356583333333335
53,1724,1666690562711,1666868633716,2.0610070023148146,23,2,0,0.48250000000000004
53,1725,1666851344728,1666962186087,1.282886099537037,41,0,0,0.5
53,1727,1666692565514,1667830644133,13.172206238425925,116,1,0,0.55
53,1728,1666849945842,1666922110586,0.8352400925925926,24,5,0,0.4291206250000001
53,1732,1666850558041,1666930393816,0.9240251736111111,24,1,0,0.55
53,1733,1666838573506,1666857391153,0.21779684027777776,7,0,0,0.5
53,1735,1667380029657,1667395633377,0.1805986111111111,50,5,0,0.34559093750000003
53,1736,1666849606459,1667803803409,11.043946180555556,108,6,0,0.3242140891203704
53,1739,1666690639359,1667125618875,5.034485138888889,68,2,0,0.5950000000000001
53,1740,1666678457959,1666927517475,2.882633287037037,12,1,0,0.55
53,1742,1667380539593,1667806964008,4.935467766203704,120,7,0,0.42904684687500005
53,1743,1666797207920,1667827453244,11.924135694444445,84,1,0,0.42500000000000004
53,1744,1666845232050,1667310740210,5.387825925925926,48,6,0,0.3353298298611112
53,1746,1666923622931,1666946127595,0.26047064814814813,9,0,0,0.5
53,1747,1667788135523,1667828607064,0.46842061342592595,111,3,0,0.6355000000000001
53,1748,1666702150514,1666925717851,2.5875849189814817,37,2,0,0.48250000000000004
53,1749,1667529953785,1667533279693,0.03849430555555555,25,3,0,0.5025833333333334
53,1755,1666755855152,1667827092115,12.398575960648149,128,6,0,0.33238415856481496
53,1757,1666702473576,1666927258146,2.601673263888889,24,1,0,0.55
53,1758,1666838308291,1667393813477,6.429458171296297,148,8,0,0.6831954325000001
53,1761,1666707774898,1667126083813,4.841538368055556,24,0,0,0.5
53,1764,1666667553286,1667445601255,9.00518482638889,43,2,0,0.4658333333333334
53,1766,1666765750032,1666926045092,1.8552668981481482,27,0,0,0.5
53,1773,1666738143205,1666970018860,2.6837460069444443,19,1,0,0.42500000000000004
53,1774,1666673457898,1667900198759,14.198389594907407,271,8,0,0.2961537586670525
53,1778,1666849206172,1666849206172,0.0,1,0,0,0.5
53,1782,1666846172296,1667412870342,6.559005162037037,66,2,0,0.3637500000000001
53,1787,1666843074076,1667445613221,6.973832696759259,46,2,0,0.4658333333333334
53,1793,1666673798171,1666971383327,3.4442726388888887,35,3,0,0.4273750000000001
53,1794,1666847442078,1666864288222,0.19497851851851852,5,0,0,0.5
53,1795,1666843166914,1666856372259,0.1528396412037037,10,0,0,0.5
53,1796,1666770318419,1666864618239,1.091433101851852,5,1,0,0.42500000000000004
53,1797,1666683453616,1666849763346,1.9248811342592593,12,1,0,0.42500000000000004
53,1798,1666842849312,1667028393815,2.147505821759259,23,0,0,0.5
53,1799,1666858582084,1667701541570,9.756475532407407,188,11,0,0.23709519882027347
53,1800,1666689792028,1666926968475,2.7450977662037035,30,1,0,0.42500000000000004
53,1804,1666842587510,1666853385220,0.12497349537037038,2,0,0,0.5
53,1805,1666874133936,1666956263264,0.950570925925926,13,0,0,0.5
53,1807,1666686033897,1666934804035,2.8792840046296297,57,4,0,0.5523250000000001
53,1810,1666692912516,1666927398286,2.7139556712962962,6,0,0,0.5
53,1813,1666842827684,1667032655911,2.197085960648148,29,2,0,0.48250000000000004
53,1816,1666845167680,1666942608590,1.127788310185185,20,0,0,0.5
53,1818,1667097220006,1667099955343,0.03165899305555556,11,0,0,0.5
53,1820,1666693688523,1666865219745,1.9853150694444444,13,0,0,0.5
53,1821,1666842711346,1666862531848,0.22940395833333332,8,0,0,0.5
53,1822,1666846493316,1666865347092,0.218215,10,0,0,0.5
53,1824,1666842769483,1666926862242,0.9732958217592592,19,0,0,0.5
53,1825,1666836847733,1667217349639,4.40395724537037,85,7,0,0.27402792458204733
53,1827,1666842587510,1666929045415,1.0006701967592593,13,1,0,0.42500000000000004
53,1832,1666839419769,1667894992796,12.217280405092593,55,6,0,0.4862085625000001
53,1834,1666843261647,1667034034216,2.208015844907407,13,1,0,0.42500000000000004
53,1835,1666842486835,1667039960693,2.2855770601851852,21,2,0,0.4658333333333334
53,1839,1667749841264,1667789492821,0.4589300578703704,2,1,0,0.55
53,1850,1666842552861,1666927420696,0.9822666087962963,15,1,0,0.42500000000000004
53,1852,1666845451522,1666927061155,0.9445559375,15,0,0,0.5
53,1853,1666846528434,1666866947908,0.23633650462962963,18,1,0,0.55
53,1855,1666842419039,1666927789921,0.9880889120370371,20,0,0,0.5
53,1871,1666679181021,1666865552705,2.157079675925926,26,1,0,0.42500000000000004
53,1872,1666671307632,1667132063761,5.33282556712963,475,30,0,0.5277567145904032
53,1874,1666674284995,1667097689231,4.900511990740741,167,11,0,0.22128444612938583
53,1876,1666848731994,1666860562591,0.13692820601851852,11,2,0,0.3637500000000001
53,1878,1666849332452,1666856998825,0.08873116898148148,6,1,0,0.42500000000000004
53,1879,1666861877888,1667438192880,6.670312407407407,70,2,0,0.4658333333333334
53,1881,1666928759483,1666929130971,0.00429962962962963,2,0,0,0.5
53,1883,1666924321897,1666924321897,0.0,1,0,0,0.5
53,1884,1666772710031,1666860315697,1.0139544675925927,12,1,0,0.55
53,1886,1666675974113,1667899709807,14.163607569444444,1990,105,0,0.4782885486571807
53,1887,1666847231548,1666920651862,0.8497721527777777,16,1,0,0.55
53,1890,1666753401344,1667530921725,8.999078483796296,40,0,0,0.5
53,1893,1666865106123,1666865106123,0.0,1,0,0,0.5
53,1894,1666842486835,1666858700983,0.18766375,5,0,0,0.5
53,1896,1666868433870,1667086688979,2.526100798611111,9,0,0,0.5
53,1897,1666871953805,1666967821580,1.1095807291666666,8,0,0,0.5
53,1898,1667019535555,1667061393449,0.48446636574074076,6,0,0,0.5
53,1901,1666866973970,1667123122611,2.9646833449074075,23,0,0,0.5
53,1902,1666746623864,1666945714648,2.3042914814814814,34,3,0,0.4107083333333334
53,1903,1666882168738,1666882168738,0.0,1,0,0,0.5
53,1904,1666866058008,1666965728275,1.1535910532407407,7,0,0,0.5
53,1907,1667362439138,1667388093893,0.29693003472222224,110,7,0,0.1900227788371271
53,1908,1666866204245,1667017295468,1.7487410069444445,41,2,0,0.4658333333333334
53,1909,1666885730941,1666885730941,0.0,1,0,0,0.5
53,1910,1666868432973,1667030631717,1.8773002777777779,20,1,0,0.42500000000000004
53,1912,1666938576260,1667012780759,0.8588483680555555,4,0,0,0.5
53,1914,1666689806099,1666926774786,2.742693136574074,39,1,0,0.42500000000000004
53,1915,1666864807500,1667041098874,2.0404094212962964,11,1,0,0.42500000000000004
53,1916,1666746623864,1667033530820,3.320682361111111,25,1,0,0.55
53,1917,1666683929624,1667643397043,11.104946979166666,151,4,0,0.67195
53,1920,1666670340139,1667703243352,11.954898298611111,363,13,0,0.3570427522166622
53,1921,1666873287996,1666945720280,0.8383366203703704,19,1,0,0.42500000000000004
53,1922,1666671991613,1667008649597,3.8965044444444445,150,8,0,0.3774765926562501
53,1924,1666866694308,1666964867705,1.1362661689814815,25,0,0,0.5
53,1926,1666676932543,1667828213675,13.325013101851852,78,5,0,0.38659284722222237
53,1927,1666888370980,1666967464410,0.9154332175925926,2,0,0,0.5
53,1928,1666868182089,1667315619504,5.178673784722222,33,0,0,0.5
53,1930,1666691510810,1666929520227,2.7547386226851853,17,2,0,0.3637500000000001
53,1931,1666865494006,1666962640068,1.1243757175925926,5,0,0,0.5
53,1932,1666865895160,1666933045885,0.7772074652777777,13,1,0,0.42500000000000004
53,1933,1666865106123,1666947488797,0.9535031712962962,3,0,0,0.5
53,1934,1666868055117,1666966721028,1.1419665625,17,0,0,0.5
53,1935,1666865485890,1667109486786,2.8240844444444444,11,1,0,0.42500000000000004
53,1936,1667221543022,1667742095372,6.024911458333333,29,0,0,0.5
53,1938,1666867951406,1666946757126,0.9121032407407408,12,0,0,0.5
53,1939,1666802155292,1667701696282,10.411354050925926,50,2,0,0.48250000000000004
53,1941,1666865895160,1666933643494,0.7841242361111112,3,0,0,0.5
53,1942,1666848729972,1666858566668,0.11385064814814815,6,1,0,0.55
53,1944,1667041796357,1667054067509,0.14202722222222222,10,1,0,0.42500000000000004
53,1945,1667357580022,1667546808085,2.1901396180555555,281,17,0,0.5546453258901944
53,1947,1666920916714,1666920916714,0.0,1,0,0,0.5
53,1948,1666866536940,1667111726024,2.8378366203703704,64,0,0,0.5
53,1949,1666698164297,1666927420696,2.6534305439814814,15,2,0,0.3637500000000001
53,1951,1666864942459,1667101105969,2.7333739583333334,21,1,0,0.55
53,1953,1666670340139,1667286241854,7.1284920717592595,443,26,0,0.5235319827280399
53,1954,1666672127560,1667128771618,5.285232152777778,290,9,0,0.32003513315190985
53,1956,1666865353717,1666962190724,1.1207986921296296,13,0,0,0.5
53,1957,1666672559002,1666928397218,2.961090462962963,14,1,0,0.55
53,1958,1666868271101,1666953268005,0.9837604629629629,6,1,0,0.55
53,1961,1666865979622,1667014487869,1.718845451388889,13,0,0,0.5
53,1962,1666871299381,1666956712476,0.988577488425926,9,0,0,0.5
53,1963,1666866404481,1667054011084,2.1713727199074073,13,1,0,0.55
53,1964,1666844537116,1666876479546,0.36970405092592595,17,0,0,0.5
53,1965,1666868990561,1666946492897,0.8970177777777778,14,2,0,0.3637500000000001
53,1968,1666868003680,1667002648753,1.5583920486111111,20,0,0,0.5
53,1969,1666842729414,1666967323858,1.4420653240740742,10,0,0,0.5
53,1970,1666847075864,1666854845033,0.0899209375,4,1,0,0.42500000000000004
53,1971,1666667553286,1667131834900,5.373629791666667,990,42,0,0.2939299367106863
53,1974,1667124450551,1667124450551,0.0,1,0,0,0.5
53,1975,1666892837274,1666892837274,0.0,1,0,0,0.5
53,1977,1666785214936,1666962190724,2.0483308796296296,23,3,0,0.5025833333333334
53,1978,1666677744539,1667130929002,5.245190543981481,41,2,0,0.48250000000000004
53,1981,1666871923559,1667286205033,4.794924467592592,64,5,0,0.4799820833333333
53,1982,1666673457898,1667023388649,4.05012443287037,118,7,0,0.47589020625000017
53,1984,1666691510810,1666857275630,1.9185743055555555,11,3,0,0.5342500000000001
53,1985,1666923173674,1666961123902,0.43923875,24,0,0,0.5
53,1987,1667187317861,1667207545986,0.23412181712962962,70,1,0,0.55
53,1989,1666835373697,1667285356221,5.208131064814815,81,1,0,0.42500000000000004
53,1991,1666858141419,1667635876083,9.001558611111111,52,5,0,0.29511956404320994
53,1994,1666865196956,1666967918716,1.1889092592592592,12,0,0,0.5
53,1996,1667518348515,1667526778874,0.09757359953703704,10,1,0,0.42500000000000004
53,2000,1666671642333,1667014487869,3.9681196296296295,104,6,0,0.44351689583333337
53,2001,1666702879746,1667142469440,5.087843680555555,142,4,0,0.567325
53,2004,1666791928202,1667737406153,10.943031840277778,88,2,0,0.48250000000000004
53,2006,1666864544396,1666872354322,0.09039266203703704,5,0,0,0.5
53,2008,1666888462418,1666965745586,0.8944811111111111,9,1,0,0.42500000000000004
53,2009,1666687472455,1666956053021,3.1085713657407408,105,5,0,0.3289242708333335
53,2011,1666707346608,1667210931637,5.82853042824074,188,6,0,0.5153172083333334
53,2013,1666924000775,1666933862910,0.11414508101851852,2,0,0,0.5
53,2017,1666874619555,1667112986261,2.758873912037037,9,0,0,0.5
53,2018,1666679631448,1666874877004,2.259786527777778,34,4,0,0.48463750000000005
53,2019,1667877411930,1667885949852,0.09881854166666666,43,2,0,0.48250000000000004
53,2020,1666865308869,1666874345647,0.10459233796296297,4,1,0,0.42500000000000004
53,2022,1666862531848,1667355719174,5.708186643518519,4,0,0,0.5
53,2027,1667207399645,1667231409246,0.27788890046296294,57,2,0,0.4658333333333334
53,2030,1666671381414,1666927380765,2.962955451388889,52,2,0,0.5950000000000001
53,2032,1666868633716,1666942966194,0.8603296064814815,6,0,0,0.5
53,2033,1666789154055,1667539949825,8.68976585648148,23,3,0,0.39709722222222227
53,2034,1666704760519,1666929373239,2.5996842592592593,42,1,0,0.42500000000000004
53,2035,1666866395116,1666955334880,1.0293954166666666,26,2,0,0.3637500000000001
53,2036,1666671619063,1667658215845,11.41894423611111,292,13,0,0.47511467867043644
53,2041,1666865067220,1667030348179,1.9129740625,19,0,0,0.5
53,2050,1666747898692,1667131814378,4.443468587962963,46,4,0,0.35207847222222227
53,2051,1666860145924,1666884910207,0.28662364583333333,10,2,0,0.48250000000000004
53,2052,1666864698521,1666864698521,0.0,1,0,0,0.5
53,2053,1666862323665,1667120904070,2.9928287615740743,9,0,0,0.5
53,2062,1666865050785,1666955494965,1.046807638888889,6,0,0,0.5
53,2063,1666676509667,1667532928250,9.912252118055555,158,7,0,0.50606183125
53,2067,1666674388251,1667897179777,14.152679699074074,226,10,0,0.6626161178875002
53,2071,1666674388251,1666952837863,3.222796435185185,182,7,0,0.3319128795717594
53,2072,1666673830996,1667788673140,12.903265555555556,438,19,0,0.3182219144522101
53,2073,1666771251461,1667718627066,10.96499542824074,164,11,0,0.599035558358125
53,2075,1666736872085,1667864901518,13.055896215277778,299,11,0,0.6522201934159375
53,2077,1666667553286,1667824737873,13.393340127314815,559,24,0,0.5754224066406899
53,2078,1666881769530,1666923557501,0.48365707175925926,2,0,0,0.5
53,2079,1667523372960,1667537958558,0.16881479166666666,331,20,0,0.2465879606834873
53,2080,1666738358474,1666926948193,2.1827513773148146,11,1,0,0.42500000000000004
53,2083,1666891197712,1667036621841,1.6831496412037037,18,1,0,0.42500000000000004
53,2090,1666674913681,1667395956235,8.345399930555555,251,9,0,0.36386005066927085
53,2091,1666687463353,1667453505204,8.866225127314815,152,5,0,0.704755
53,2093,1666676509667,1667098230151,4.881024120370371,100,5,0,0.40020395833333344
53,2096,1666698164297,1667852842182,13.364327372685185,337,16,0,0.3193725587166188
53,2098,1666670340139,1667800262955,13.07781037037037,631,36,0,0.4414678124108365
53,2103,1666672559002,1667616046727,10.919996817129629,1256,59,0,0.5354874322398038
53,2104,1666671307632,1667900190212,14.223178009259259,1690,98,0,0.7270928175622663
53,2108,1666673483075,1667883063036,13.99976806712963,607,36,0,0.4081294495798244
53,2113,1666672559002,1667454761454,9.05326912037037,546,24,0,0.5536569770612487
53,2114,1666671307632,1667521146831,9.836101840277777,1402,68,0,0.35828122179935823
53,2116,1666669542158,1667454754264,9.088103078703703,571,19,0,0.3812225219632256
53,2118,1667188836430,1667217637726,0.33334833333333336,178,9,0,0.46606133747916684
53,2119,1666747844651,1667537116025,9.135085347222223,2784,153,0,0.5776184194072647
53,2120,1666676509667,1666927840383,2.908920324074074,57,4,0,0.5808250000000001
53,2122,1666686972444,1667520984591,9.652918368055555,560,30,0,0.4997300734976108
53,2131,1666688767514,1667131390254,5.12294837962963,114,7,0,0.4592235395833335
53,2132,1667198881553,1667217395986,0.2142874189814815,17,2,0,0.5950000000000001
53,2134,1667201549260,1667207229349,0.06574177083333334,6,0,0,0.5
53,2135,1667198813241,1667207442130,0.09987140046296296,5,0,0,0.5
53,2145,1666843495390,1666952477539,1.2613674652777778,16,1,0,0.55
53,2156,1667198977221,1667215302134,0.1889457523148148,58,0,0,0.5
53,2157,1667199661206,1667214046357,0.16649480324074073,15,0,0,0.5
53,2163,1667546445751,1667789450233,2.812551875,169,9,0,0.5746096032083335
53,2168,1667198848434,1667208160935,0.10778357638888889,9,1,0,0.55
53,2172,1667215566142,1667703014502,5.641763425925926,1012,47,0,0.44918151979488147
53,2174,1667201542862,1667214477659,0.14970829861111112,3,1,0,0.42500000000000004
53,2176,1666681517859,1666951588303,3.125815324074074,200,9,0,0.5386269640937502
53,2178,1666671381414,1667825116687,13.353417511574074,1121,53,0,0.2594611117163341
53,2180,1666680440379,1667900592922,14.122135914351851,4865,228,0,0.39615224283769535
53,2182,1667529578256,1667536902472,0.08477101851851852,54,4,0,0.45738750000000006
53,2184,1666667553286,1667363632097,8.056467719907408,3700,186,0,0.42420107870813506
53,2185,1666671381414,1667889889596,14.103103958333334,318,14,0,0.5211708452851838
53,2186,1666681517859,1667894217733,14.035878171296297,253,18,0,0.27683682564423656
53,2189,1666679058241,1667380538581,8.118985416666666,34,3,0,0.5025833333333334
53,2190,1666680497040,1666964340412,3.2852242129629627,77,6,0,0.6238832500000001
53,2196,1667352062365,1667883073309,6.14596,108,8,0,0.5089297731250002
53,2197,1667187064580,1667900592922,8.25842988425926,1672,79,0,0.5221075731186022
53,2199,1666680303903,1666929448447,2.8836174074074075,63,1,0,0.55
53,2201,1666671619063,1666955376142,3.284225451388889,45,2,0,0.4658333333333334
53,2202,1666681752717,1666857644234,2.0357814467592594,40,1,0,0.42500000000000004
53,2203,1666691056610,1667780816600,12.612962847222223,580,36,0,0.4318447181697306
53,2204,1666671744079,1667308972348,7.3753271875,160,13,0,0.5577232124107142
53,2205,1667713242232,1667728671763,0.1785825347222222,4,1,0,0.42500000000000004
53,2207,1666668408178,1667142455831,5.4866626504629625,274,12,0,0.4257211385510365
53,2209,1666679058241,1666929544566,2.8991472800925924,35,0,0,0.5
53,2211,1666678105330,1666927241220,2.8835172453703706,55,3,0,0.6355000000000001
53,2213,1666673061812,1667047771373,4.336916215277777,112,7,0,0.4592235395833335
53,2217,1666676932543,1667131980470,5.266758414351852,209,10,0,0.26007195928306814
53,2219,1666674089366,1667887727554,14.046738287037037,179,5,0,0.41245395833333337
53,2220,1666674089366,1667142469440,5.421065671296296,31,2,0,0.48250000000000004
53,2221,1666690189469,1666927057498,2.7415281134259257,40,5,0,0.5820925000000001
53,2225,1666671619063,1667651116620,11.336777280092592,439,20,0,0.36610467575798045
53,2226,1667454288622,1667713067966,2.995131296296296,933,31,0,0.7494083929005744
53,2227,1666674481595,1667209663638,6.194236608796296,145,5,0,0.38659284722222237
53,2228,1666673830996,1667900592922,14.198633402777778,5101,238,0,0.44474831996364905
53,2229,1666679009889,1667894634833,14.069733148148147,338,13,0,0.46104176892346804
53,2230,1666671619063,1667370579945,8.089825023148148,132,5,0,0.38659284722222237
53,2232,1666755855152,1667837323446,12.516994143518518,849,40,0,0.6843822719884141
53,2233,1666686972444,1667357926710,7.765674375,93,5,0,0.38659284722222237
53,2234,1666685824093,1666927170690,2.793363391203704,18,1,0,0.55
53,2237,1666669542158,1666945665153,3.1958679976851854,76,8,0,0.7249792825000001
53,2238,1666676876685,1667038044470,4.1801826967592595,214,9,0,0.6254460420625001
53,2270,1666667553286,1667120865874,5.246673472222223,639,33,0,0.5159921053978571
53,2271,1666672127560,1666858766729,2.1601755671296297,91,1,0,0.55
53,2272,1666667553286,1666858868967,2.2143018634259257,79,6,0,0.41765578472222237
53,2273,1666677924673,1666928985966,2.905802002314815,11,0,0,0.5
53,2274,1666671642333,1667056719378,4.456910243055556,331,9,0,0.6742258892500003
53,2275,1666674107859,1666928974972,2.9498508449074072,57,3,0,0.6355000000000001
53,2276,1666705930031,1667892143177,13.729318819444444,384,16,0,0.41438406136419387
53,2277,1666688588944,1667207372994,6.004445023148148,125,8,0,0.4707734078472224
53,2278,1666691226208,1666922946642,2.6819494675925926,22,1,0,0.42500000000000004
53,2279,1666689538862,1666871064876,2.100995532407407,45,0,0,0.5
53,2280,1666671720910,1667284914969,7.097153460648149,253,13,0,0.593412174267808
53,2282,1666681335154,1666928885895,2.865170613425926,18,3,0,0.4273750000000001
53,2283,1666696229542,1666859732077,1.892390451388889,9,1,0,0.55
53,2285,1666676953241,1667207355878,6.138919409722222,148,10,0,0.3220770224389323
53,2286,1666671991613,1667882159179,14.006569050925926,635,29,0,0.39489100868305743
53,2287,1666715001220,1666869251046,1.785298912037037,53,2,0,0.4658333333333334
53,2288,1666667553286,1667453569087,9.097405104166667,113,3,0,0.5025833333333334
53,2289,1666674529880,1666930822212,2.9663464351851854,18,1,0,0.42500000000000004
53,2292,1667811196203,1667827409485,0.18765372685185186,107,3,0,0.6355000000000001
53,2295,1666671539353,1667812269529,13.202895555555555,683,40,0,0.5789972515941254
53,2299,1666678147668,1667394489622,8.290994837962963,322,25,0,0.41895666007872007
53,2300,1667033755449,1667037208767,0.03996895833333333,12,0,0,0.5
53,2301,1666674388251,1666929895807,2.9572633796296297,114,9,0,0.3220720103852239
53,2305,1666676953241,1666952895646,3.1937778356481483,79,4,0,0.27287881944444453
53,2350,1666674089366,1666927290624,2.930570115740741,54,2,0,0.5950000000000001
53,2354,1666675165248,1666957190264,3.264178425925926,81,3,0,0.4273750000000001
53,2357,1666669542158,1666932463257,3.043068275462963,144,6,0,0.285288154513889
53,2359,1666668408178,1667803335073,13.135727951388889,317,17,0,0.7694474059207468
53,2360,1666668550696,1666856931465,2.1803329745370372,39,3,0,0.6355000000000001
53,2361,1666686550356,1667644972185,11.092845243055555,13,0,0,0.5
53,2364,1666678536042,1667215218810,6.211606111111111,180,11,0,0.4942600881381599
53,2387,1666676319455,1666929589778,2.9313694791666665,21,1,0,0.42500000000000004
53,2401,1666676509667,1667837323446,13.435344664351852,92,3,0,0.3137291666666668
53,2410,1666675183438,1666927392609,2.919087627314815,14,0,0,0.5
53,2414,1666680659095,1666856998825,2.0409690972222223,20,1,0,0.55
53,2417,1666678923569,1666869593837,2.2068318055555554,21,1,0,0.55
53,2419,1666678457959,1667890236556,14.025215243055555,730,29,0,0.6328154412287268
53,2420,1666679538795,1667749799997,12.387282430555555,161,11,0,0.5481468899846876
53,2421,1666679538795,1667039906545,4.170923032407408,90,7,0,0.5139213208333334
53,2426,1666680050130,1667440275047,8.798899502314814,2468,124,0,0.32475478123014595
53,2427,1666841497761,1666862683881,0.24520972222222223,3,0,0,0.5
53,2428,1666680567053,1667132063761,5.225656342592592,347,17,0,0.3382040099147817
53,2429,1666678848189,1666929378754,2.8996593171296294,16,1,0,0.55
53,2430,1666687649059,1667437576698,8.679718043981481,1487,81,0,0.4091606076545134
53,2431,1666678132733,1666857203769,2.0725814351851852,12,0,0,0.5
53,2432,1666679639828,1666884688962,2.373253865740741,34,3,0,0.51925
53,2433,1666680440379,1666859732077,2.0751353935185186,31,4,0,0.45738750000000006
53,2434,1666684034000,1667104540670,4.866975347222223,23,0,0,0.5
53,2436,1667214003694,1667307300679,1.0798262152777778,155,4,0,0.5523250000000001
53,2437,1666763412021,1666930520504,1.9341259606481482,82,4,0,0.45297083333333343
53,2438,1666724647515,1666946594048,2.568825613425926,19,1,0,0.42500000000000004
53,2439,1666683800378,1667531626652,9.812804097222223,3823,191,0,0.3987567239299093
53,2440,1666690624658,1667720163597,11.91595994212963,167,7,0,0.5261713208333334
53,2442,1666797884041,1667198432405,4.635976435185185,12,0,0,0.5
53,2443,1666690441307,1667823621791,13.11551486111111,2273,122,0,0.3194720561948079
53,2444,1666845948557,1667285058416,5.082290034722222,83,3,0,0.6355000000000001
53,2445,1666692755081,1667899727977,13.969593703703703,4019,213,0,0.3645841849811678
53,2446,1666766759897,1666930117726,1.890715613425926,3,1,0,0.42500000000000004
53,2447,1666701399640,1667033755449,3.8467107523148147,111,7,0,0.4881402062500001
53,2448,1666697892659,1666929820455,2.6843494907407406,33,1,0,0.42500000000000004
53,2451,1666701135544,1667782122381,12.511421724537037,3528,157,0,0.4816674266029994
53,2452,1666700437663,1667131780455,4.9923934259259255,405,17,0,0.30378110847197126
53,2453,1666741993787,1667286903025,6.3068198842592595,196,11,0,0.38392337479050365
53,2454,1666707315632,1667900489408,13.809881666666667,754,37,0,0.6115714235770873
53,2457,1667199673864,1667212635907,0.15002364583333333,4,0,0,0.5
53,2458,1666751482757,1667127229016,4.348915034722222,227,10,0,0.3958073789356771
53,2459,1666754842640,1667746472828,11.47720125,395,24,0,0.8180898388122656
53,2485,1666759135490,1667881381351,12.988956724537037,878,29,0,0.4741864985182224
53,2487,1666758975946,1666927786730,1.9538285185185185,15,1,0,0.55
53,2496,1666836493399,1666928397218,1.0637016087962963,6,0,0,0.5
53,2497,1666756993388,1667441083006,7.917703912037037,318,9,0,0.41224735714930577
53,2505,1666762523454,1666866468544,1.2030681712962963,18,0,0,0.5
53,2506,1666836249534,1667033178730,2.2792731018518517,16,1,0,0.55
53,2513,1666762966931,1667900489408,13.165769409722222,6078,301,0,0.42945344839465704
53,2533,1666764737791,1666927499394,1.883814849537037,14,0,0,0.5
53,2560,1666787431678,1667454647391,7.722404085648148,530,30,0,0.5533797217622731
53,2618,1666787176818,1666858321157,0.823429849537037,11,0,0,0.5
53,2621,1666787176818,1667016527569,2.6545225810185187,49,1,0,0.42500000000000004
53,2640,1667190267359,1667217637726,0.3167866550925926,7,0,0,0.5
53,2644,1666803643707,1666935050690,1.5209141550925926,25,2,0,0.48250000000000004
53,2646,1666837127018,1667391905605,6.421048460648148,637,29,0,0.30117444955363837
53,2648,1666842146497,1666928279064,0.9969047106481481,10,1,0,0.55
53,2653,1666860900648,1666925740086,0.7504564583333333,12,0,0,0.5
53,2654,1666840062544,1666947948404,1.2486789351851852,20,1,0,0.55
53,2655,1666841497761,1666860225301,0.21675393518518518,7,2,0,0.48250000000000004
53,2656,1666841521138,1667056719378,2.4907203703703704,23,2,0,0.4658333333333334
53,2658,1666841775962,1666931300652,1.0361653935185184,10,0,0,0.5
53,2660,1666843329492,1666861995105,0.2160371875,5,1,0,0.42500000000000004
53,2664,1666841698826,1666962890933,1.4026864236111112,22,1,0,0.55
53,2667,1667288419884,1667298390664,0.1154025462962963,27,1,0,0.42500000000000004
53,2691,1666843503706,1666862589111,0.2208958912037037,13,0,0,0.5
53,2701,1666842352629,1667310740210,5.4211525578703705,63,3,0,0.4107083333333334
53,2707,1666858119744,1666867741324,0.11136087962962964,9,0,0,0.5
53,2713,1666845232050,1667131834900,3.317162615740741,262,11,0,0.3994057113582553
53,2721,1666885249263,1667286210784,4.6407583449074075,55,5,0,0.23951770254629637
53,2731,1667190256388,1667445243812,2.951243333333333,2310,108,0,0.4275959888939362
53,2750,1666845450031,1666845450031,0.0,1,0,0,0.5
53,2758,1666846914769,1666850057918,0.036379039351851855,2,0,0,0.5
53,2767,1666852739732,1667120892810,3.103623587962963,25,1,0,0.42500000000000004
53,2772,1666853144069,1666926840974,0.8529734375,7,0,0,0.5
53,2774,1666853184140,1666857694274,0.052200625,14,2,0,0.3637500000000001
53,2775,1666878816763,1667284940969,4.700511643518518,78,7,0,0.4543664145833335
53,2777,1666853798243,1667212622954,4.153063784722222,146,6,0,0.43451314583333345
53,2781,1666853904241,1666929176980,0.8712122569444445,10,1,0,0.55
53,2786,1666854035911,1667367000130,5.937085868055555,130,8,0,0.7847663950000001
53,2787,1666925721687,1667900214682,11.278854108796295,844,41,0,0.533833431942123
53,2788,1666855631954,1666929660248,0.8568089583333334,93,5,0,0.5970925000000001
53,2789,1666858435580,1667713081490,9.891735069444444,81,3,0,0.51925
53,2795,1666859271853,1666878590936,0.2236004976851852,14,1,0,0.42500000000000004
53,2799,1666860987267,1666927780729,0.7730724768518519,74,4,0,0.45297083333333343
53,2800,1666927277381,1666927277381,0.0,1,0,0,0.5
53,2801,1666861846912,1667892199878,11.925381550925925,5123,243,0,0.4028503696964829
53,2804,1666863365633,1667131834900,3.10728318287037,113,2,0,0.3637500000000001
53,2805,1666864875134,1666970102160,1.2179053935185185,2,0,0,0.5
53,2807,1666865781724,1667826645411,11.121107488425926,2409,116,0,0.6249333249999683
53,2810,1666866058008,1667030685003,1.9054050347222222,21,0,0,0.5
53,2812,1666870980600,1666957439630,1.0006832175925926,24,2,0,0.5950000000000001
53,2815,1666865805892,1667883096707,11.774199247685186,453,23,0,0.34949421901495015
53,2825,1667458906652,1667652544800,2.2411822685185183,112,8,0,0.39872159161458354
53,2828,1666866895500,1667899709807,11.953869293981482,1979,86,0,0.4083464376248584
53,2838,1666868654551,1666946927661,0.9059387731481482,4,1,0,0.55
53,2840,1666868941844,1666958142312,1.032412824074074,18,0,0,0.5
53,2844,1666869904861,1666917596347,0.5519847916666667,7,0,0,0.5
53,2847,1666870041326,1666932548037,0.7234573032407408,18,1,0,0.42500000000000004
53,2851,1666871486817,1667890686885,11.796297083333334,748,37,0,0.3668687700133057
53,2853,1666884830789,1666931669972,0.5421201736111111,14,0,0,0.5
53,2858,1666878684291,1667714860307,9.677963148148148,1231,66,0,0.5362793341869392
53,2865,1666950839703,1667814676979,9.99811662037037,67,5,0,0.4910070833333335
53,2868,1666876349682,1667054011084,2.056266226851852,19,0,0,0.5
53,2870,1666876801111,1667793003711,10.60419675925926,51,1,0,0.55
53,2871,1666921781477,1667020744621,1.1454067592592592,2,0,0,0.5
53,2873,1666879389333,1666879389333,0.0,1,0,0,0.5
53,2875,1666881015845,1666926968475,0.5318591435185185,10,0,0,0.5
53,2877,1666882872676,1666934894417,0.6021034837962963,9,0,0,0.5
53,2888,1666950739638,1666963781164,0.15094358796296295,9,1,0,0.55
53,2891,1666926388995,1666928946384,0.029599409722222223,70,2,0,0.3637500000000001
53,2892,1666938804659,1666963651103,0.28757458333333336,11,0,0,0.5
53,2893,1666926540078,1667358269249,4.996865405092593,34,1,0,0.55
53,2895,1666926069256,1667807996039,10.207485914351851,808,35,0,0.517214478156422
53,2896,1666926921028,1667272713786,4.00223099537037,145,6,0,0.5569063750000002
53,2897,1666932440321,1667146785412,2.480845960648148,146,7,0,0.4800368312500001
53,2898,1666947660437,1667894571121,10.959614398148148,404,23,0,0.3239056977986446
53,2902,1666927440918,1667023564766,1.112544537037037,8,0,0,0.5
53,2909,1666934415464,1666957738557,0.2699432060185185,11,2,0,0.3637500000000001
53,2913,1666930195467,1667429502693,5.7790188194444445,620,29,0,0.385326805338395
53,2919,1667870048046,1667881671060,0.134525625,57,1,0,0.55
53,2923,1666933263084,1667742815890,9.36982414351852,393,14,0,0.6076640404696707
53,2934,1666935885268,1666962765546,0.3111143287037037,8,0,0,0.5
53,2946,1666946097877,1666955068253,0.1038237962962963,11,1,0,0.42500000000000004
53,2979,1666936837188,1666965535843,0.3321603587962963,14,0,0,0.5
53,2991,1666942956016,1666966547010,0.27304391203703704,12,0,0,0.5
53,2998,1667219856213,1667227253148,0.0856126736111111,3,0,0,0.5
53,3000,1666961008800,1667828539825,10.040868344907407,502,30,0,0.46884407011118906
53,3001,1666966487694,1667900489408,10.810205023148148,10593,549,0,0.3971766662981259
53,3003,1666971253869,1667365110551,4.558526412037037,267,9,0,0.6956835973750001
53,3004,1667011809305,1667520937863,5.892691643518519,1783,94,0,0.4105945386321638
53,3006,1667016033603,1667026718937,0.12367284722222223,12,1,0,0.42500000000000004
53,3007,1667198472539,1667445722121,2.8616849768518517,1490,78,0,0.6051080590790612
53,3009,1667025221583,1667259471402,2.7112247569444445,139,6,0,0.6373832500000002
53,3012,1667041235429,1667900082905,9.940364305555555,679,44,0,0.5145108050407724
53,3013,1667043233771,1667782870294,8.560607905092592,150,11,0,0.2595026393127824
53,3014,1667187043595,1667803703934,7.137272442129629,272,9,0,0.74450973925
53,3015,1667202385518,1667216501054,0.16337425925925925,56,2,0,0.3637500000000001
53,3016,1667186601265,1667286241854,1.1532475578703705,416,16,0,0.5085085879438666
53,3017,1667187099087,1667206374581,0.22309599537037036,7,0,0,0.5
53,3018,1667186547271,1667207326482,0.24050012731481482,81,7,0,0.47103308125000015
53,3019,1667191483745,1667215211567,0.27462756944444444,65,5,0,0.41687062500000005
53,3021,1667187625093,1667646256067,5.308228865740741,118,9,0,0.47145814303472244
53,3025,1667189167577,1667899727977,8.224078703703704,684,23,0,0.44570146942481687
53,3027,1667195541466,1667899676915,8.149715844907407,2248,121,0,0.4963080579579892
53,3028,1667191171869,1667556916491,4.2331553472222225,292,16,0,0.457976833621426
53,3030,1667193362637,1667528293617,3.876515972222222,133,4,0,0.4271097222222223
53,3033,1667195287590,1667297475071,1.182725474537037,129,9,0,0.4343244324531251
53,3034,1667195941323,1667214114549,0.21033826388888888,56,4,0,0.5523250000000001
53,3035,1667224933244,1667567353608,3.9631986574074074,606,33,0,0.4359145138502909
53,3036,1667197499776,1667210320280,0.14838546296296296,52,3,0,0.6355000000000001
53,3037,1667198759769,1667365110551,1.9253562731481482,94,2,0,0.5950000000000001
53,3041,1667203512352,1667284960053,0.942681724537037,63,4,0,0.44072083333333334
53,3042,1667203848333,1667311129810,1.2416837615740741,97,6,0,0.36560760763888894
53,3043,1667203633464,1667882814937,7.86089667824074,337,21,0,0.22556414396181393
53,3044,1667205685225,1667623640694,4.83744755787037,422,20,0,0.46131084505026726
53,3046,1667206747252,1667579290025,4.311837650462963,228,18,0,0.7573127853618595
53,3047,1667208999713,1667285689635,0.8876148379629629,154,9,0,0.4507539333906251
53,3049,1667219088602,1667515754778,3.4336362962962963,122,7,0,0.6614949250000002
53,3050,1667226825024,1667803700598,6.676800625,1158,47,0,0.47591753171055584
53,3051,1667228460194,1667270608053,0.4878224421296296,116,3,0,0.5025833333333334
53,3052,1667228345804,1667790910307,6.511163229166667,937,40,0,0.4742301804141979
53,3053,1667228915438,1667306650567,0.8997121412037037,82,5,0,0.39019979166666674
53,3054,1667264911483,1667302368484,0.43353010416666665,212,11,0,0.43823731221385437
53,3055,1667364062202,1667803710532,5.088522337962963,93,4,0,0.4271097222222223
53,3092,1667286751258,1667900198759,7.10008681712963,4727,233,0,0.588239677224895
53,3116,1667869873410,1667877332985,0.08633767361111111,54,7,0,0.4860330812500001
53,3123,1667289221121,1667712870791,4.903352662037037,117,4,0,0.27287881944444453
53,3143,1667647370969,1667701696282,0.6287651967592592,57,2,0,0.4658333333333334
53,3148,1667293978470,1667870685127,6.67484556712963,1265,70,0,0.40605633294158333
53,3223,1667297138517,1667301470828,0.050142488425925925,4,0,0,0.5
53,3225,1667364937897,1667533360834,1.9493395486111111,116,5,0,0.5116487500000001
53,3228,1667301688357,1667804700753,5.821902731481481,943,53,0,0.45072903221064037
53,3233,1667307262859,1667786843312,5.5506996875,271,14,0,0.48125365203737086
53,3234,1667317230784,1667790256619,5.4748360532407405,192,8,0,0.7161219324999999
53,3240,1667361926962,1667880826869,6.005785960648148,771,42,0,0.42359307949165426
53,3244,1667364965815,1667388558136,0.2730592708333333,110,5,0,0.4541209722222223
53,3319,1667358368552,1667392367640,0.393507962962963,118,6,0,0.570406375
53,3322,1667358669627,1667883171860,6.070627696759259,2238,108,0,0.5676261516838834
53,3368,1667362986304,1667900592922,6.222298819444444,2704,145,0,0.5763637004516492
53,3373,1667367571182,1667871376922,5.831084953703703,642,24,0,0.3739166238198646
53,3377,1667368557377,1667425647005,0.6607595833333333,163,12,0,0.4881195616174689
53,3441,1667377594085,1667404895838,0.3159925115740741,48,0,0,0.5
53,3445,1667384027961,1667390369600,0.07339859953703703,44,4,0,0.67195
53,3460,1667386289559,1667403218747,0.19593967592592593,57,5,0,0.3765886805555556
53,3470,1667387033177,1667391760869,0.05471865740740741,49,2,0,0.5950000000000001
53,3472,1667387852713,1667651204391,3.0480518287037035,222,13,0,0.4008484630072756
53,3491,1667395532028,1667398727494,0.036984560185185186,13,0,0,0.5
53,3492,1667738997644,1667746985870,0.09245631944444445,58,1,0,0.42500000000000004
53,3494,1667459846356,1667715589997,2.9599958449074073,207,13,0,0.5664324535256596
53,3545,1667442241007,1667453896131,0.13489726851851852,67,2,0,0.5950000000000001
53,3558,1667708964308,1667716995655,0.09295540509259259,49,3,0,0.5342500000000001
53,3593,1667452626744,1667652931622,2.3183434953703705,338,13,0,0.5720063572038392
53,3596,1667449706599,1667529943360,0.9286662152777778,144,8,0,0.4634803703472223
53,3622,1667462267237,1672977142849,63.82957884259259,793,48,1,0.33006518040531707
53,3674,1667642342941,1667701705511,0.6870667824074074,122,7,0,0.45878308125000006
53,3677,1667528027118,1667815082356,3.322398587962963,350,20,0,0.6375936886782928
53,3680,1667514964405,1667698957802,2.1295532060185187,814,39,0,0.5178619904437771
53,3681,1667497302408,1667523149502,0.29915618055555554,60,7,0,0.76085155
53,3757,1667527049305,1667553990189,0.31181578703703705,234,11,0,0.4474155408311286
53,3869,1667525987025,1667537429584,0.13243702546296296,54,2,0,0.4658333333333334
53,3884,1667527884612,1667546753067,0.21838489583333334,60,2,0,0.5950000000000001
53,3885,1667527574305,1667741871261,2.4802888425925924,720,24,0,0.3207269869441011
53,3889,1667529505323,1667788826842,3.0014064699074074,155,12,0,0.37809092844119857
53,3909,1667542752072,1667558373762,0.18080659722222223,2,0,0,0.5
53,3910,1667546997733,1667808293697,3.0242588425925927,244,7,0,0.383622610763889
53,3912,1667612005353,1667721240196,1.2642921643518519,123,12,0,0.3182740423889036
53,3913,1667555488437,1667651301594,1.1089485763888889,60,3,0,0.39709722222222227
53,3914,1667556003058,1667641956944,0.9948366435185185,114,8,0,0.583828935625
53,3950,1667559041757,1667612868333,0.6229927777777777,131,5,0,0.704755
53,3959,1667785921508,1667809153297,0.26888644675925927,150,4,0,0.67195
53,3963,1667619655856,1667642759368,0.26740175925925924,60,6,0,0.5153172083333334
53,4024,1667615611742,1667639855582,0.2806,57,6,0,0.38378184375
53,4060,1667612641592,1667635803879,0.26808202546296295,10,1,0,0.55
53,4080,1667623998784,1667638924427,0.1727504976851852,40,2,0,0.5950000000000001
53,4147,1667659775583,1667780124404,1.3929261689814816,47,2,0,0.4658333333333334
53,4156,1667714657819,1667723659473,0.10418581018518519,50,6,0,0.3489409409722223
53,4164,1667617818024,1667719836924,1.1807743055555555,215,12,0,0.6210740226112189
53,4172,1667620325480,1667651014456,0.3551964814814815,69,4,0,0.4271097222222223
53,4197,1667718134278,1667900214682,2.107412083333333,115,6,0,0.3489409409722223
53,4208,1667633687122,1667786886756,1.7731439120370371,173,10,0,0.419979191291146
53,4244,1667649605818,1667895223836,2.8428011342592594,157,5,0,0.3654729398148149
53,4294,1667638306308,1667657922940,0.22704435185185184,46,3,0,0.51925
53,4361,1667637679005,1667704421254,0.7724797337962963,51,2,0,0.4658333333333334
53,4392,1667641678534,1667656815032,0.17519094907407406,53,0,0,0.5
53,4409,1667702849611,1667796357133,1.082262986111111,97,5,0,0.29511956404320994
53,4410,1667707907770,1667739720901,0.36820753472222223,52,3,0,0.5025833333333334
53,4413,1667706630689,1667881666716,2.0258799421296296,4808,248,0,0.2593028938902325
53,4415,1667707149106,1667782979643,0.8776682523148148,116,8,0,0.4707734078472224
53,4416,1667727960611,1667749917754,0.254133599537037,95,5,0,0.5076737500000001
53,4417,1667782463644,1667881666716,1.1481837037037037,184,5,0,0.5654258333333334
53,4419,1667719472885,1667900190212,2.0916357291666667,298,20,0,0.3286817401144822
53,4420,1667719394455,1667782122381,0.726017662037037,93,8,0,0.5492486856250001
53,4423,1667723198406,1667900489408,2.0519791898148148,289,14,0,0.2527386814697199
53,4424,1667738515072,1667791132924,0.6090029166666666,99,4,0,0.4271097222222223
53,4426,1667749380554,1667782260233,0.3805518402777778,50,3,0,0.5342500000000001
53,4537,1667801885441,1667900592922,1.1424476967592592,268,9,0,0.5507769640937501
53,4538,1667803575248,1667816359641,0.14796751157407406,63,0,0,0.5
53,4539,1667804138326,1667824030493,0.23023341435185185,108,4,0,0.34096273148148154
53,4540,1667803236514,1667825284771,0.2551881597222222,73,3,0,0.4107083333333334
53,4541,1667805601642,1667816359641,0.12451387731481481,50,2,0,0.48250000000000004
53,4542,1667806523596,1667839850398,0.385726875,108,9,0,0.38471261891145836
53,4543,1667810757088,1667874882893,0.7421968171296296,206,8,0,0.2944090157899307
53,4544,1667805759456,1667826791888,0.24343092592592594,196,11,0,0.49560793604640635
53,4545,1667806009630,1667839872830,0.39193518518518516,160,13,0,0.4027701186053229
53,4546,1667805793800,1667883185156,0.895733287037037,368,19,0,0.2160610478045459
53,4547,1667815533268,1667874809657,0.6860693171296296,223,10,0,0.47692742595347243
53,4548,1667806086407,1667828241916,0.2564295023148148,141,6,0,0.2122727904128087
53,4549,1667807108921,1667888991548,0.9477155902777777,123,6,0,0.5569063750000002
53,4550,1667806666586,1667900038760,1.0806964583333334,1068,52,0,0.6531377837498539
53,4554,1667806498237,1667889529086,0.9610051967592592,138,1,0,0.42500000000000004
53,4555,1667806460858,1667818448447,0.13874524305555555,108,1,0,0.42500000000000004
53,4556,1667807775876,1667823655514,0.18379210648148148,95,3,0,0.5342500000000001
53,4557,1667807049190,1667871609457,0.7472253125,215,13,0,0.42105004626945597
53,4558,1667808270772,1667829314756,0.24356462962962963,45,6,0,0.36560760763888894
53,4561,1667877111441,1667899709807,0.26155516203703705,72,4,0,0.45297083333333343
53,4563,1667824269465,1667827540148,0.037855127314814815,48,0,0,0.5
53,4564,1667809340876,1667899653266,1.0452822916666666,1272,63,0,0.2518546866962072
53,4567,1667885535809,1667891349413,0.06728708333333333,51,1,0,0.42500000000000004
53,4569,1667809975204,1667882118769,0.8349949652777777,94,7,0,0.6133657375
53,4570,1667809973068,1667817773404,0.09028166666666666,50,1,0,0.55
53,4572,1667812483330,1667899727977,1.0097760069444444,956,45,0,0.5441825126450092
53,4573,1667835153770,1667900190212,0.7527365972222222,428,26,0,0.46420984708327784
53,4574,1667831537928,1667888570308,0.6600969907407407,139,7,0,0.4543664145833335
53,4575,1667819141340,1667834719430,0.1803019675925926,106,4,0,0.4271097222222223
53,4576,1667833335700,1667869090525,0.41382899305555554,52,3,0,0.6355000000000001
53,4577,1667812883014,1667895033449,0.9508152199074074,252,11,0,0.39450162717422743
53,4578,1667834978308,1667870515670,0.4113120601851852,46,1,0,0.55
53,4579,1667815957134,1667824879934,0.10327314814814814,50,1,0,0.55
53,4582,1667826471457,1667852814689,0.3048985185185185,109,5,0,0.3654729398148149
53,4583,1667858204817,1667900075935,0.4846194212962963,102,4,0,0.27287881944444453
53,4584,1667827955461,1667840755528,0.14814892361111112,56,3,0,0.5025833333333334
53,4585,1667832327474,1667864009181,0.3666864236111111,46,1,0,0.55
53,4586,1667834028968,1667872365696,0.44371212962962964,108,4,0,0.5808250000000001
53,4588,1667839274342,1667877992233,0.4481237384259259,103,5,0,0.4966487500000001
53,4589,1667852136755,1667870515670,0.2127189236111111,58,2,0,0.5950000000000001
53,4594,1667877735987,1667882840252,0.059077141203703706,12,0,0,0.5
53,4600,1667876677054,1667886676733,0.11573702546296297,64,2,0,0.48250000000000004
53,4606,1667877138685,1667881308146,0.048257650462962966,6,0,0,0.5
53,4632,1667877268161,1667900035750,0.2635137615740741,61,3,0,0.4273750000000001
53,4647,1667877375206,1667883077102,0.06599416666666667,51,2,0,0.48250000000000004
53,4688,1667890612272,1667894647845,0.046708020833333336,20,2,0,0.48250000000000004
53,4701,1667886462006,1667895149299,0.10054737268518518,54,4,0,0.45738750000000006
53,4703,1667887801387,1667899655517,0.1372005787037037,56,5,0,0.5654258333333334
53,4704,1667887998471,1667899751369,0.13602891203703704,146,11,0,0.69071465834875
53,4706,1667890197394,1667900038760,0.11390469907407408,89,5,0,0.48439875000000016
53,4711,1667891941193,1667894874065,0.033945277777777776,23,4,0,0.35207847222222227
53,4717,1667895184328,1667895711682,0.006103634259259259,6,0,0,0.5
53,5594,1672977142849,1672977142849,0.0,1,0,0,0.5
53,8537,1672977142849,1672977142849,0.0,1,0,0,0.5
53,8663,1672977142849,1672977142849,0.0,1,0,0,0.5
53,9204,1672977142849,1672977142849,0.0,1,0,0,0.5
56,54,1672020530761,1673845385931,21.121008912037038,13043,630,0,0.4895275818063722
56,64,1671878173419,1673783412971,22.051383703703703,8424,418,0,0.4558172457192692
56,67,1672108479545,1673266839152,13.406939895833334,2121,107,0,0.9753938090906733
56,126,1673088769330,1673324883297,2.7328005439814813,177,13,0,0.7015178581649877
56,128,1672023773192,1673844351227,21.07150503472222,2830,136,0,0.6932691074448822
56,229,1673004736716,1673008388770,0.04226914351851852,76,5,0,0.5820925000000001
56,260,1673003921716,1673005606331,0.019497858796296296,19,2,0,0.4658333333333334
56,263,1671875336016,1673845985145,22.808438993055557,16909,850,0,0.4722226199173907
56,272,1673083808195,1673089095608,0.06119690972222222,22,0,0,0.5
56,301,1673318800737,1673696127684,4.3672100347222225,557,33,0,0.6445602039542447
56,314,1671878169645,1673845256278,22.767206400462964,29482,1490,0,0.2990972976184008
56,315,1671880714320,1673783942077,22.02809903935185,6396,314,0,0.2653940180602872
56,355,1673613140931,1673785185666,1.9912585069444444,1485,62,0,0.47719987754921284
56,368,1672024712057,1673845985145,21.07954962962963,4444,223,0,0.2392549650327488
56,372,1673000147924,1673007325156,0.08306981481481482,200,8,0,0.7847663950000001
56,408,1673170740308,1673176113859,0.062193877314814815,20,2,0,0.5950000000000001
56,422,1673835902787,1673842866924,0.0806034375,58,1,0,0.42500000000000004
56,426,1672049294599,1672052904416,0.04178028935185185,20,0,0,0.5
56,431,1673317836409,1673697555836,4.394900775462963,673,28,0,0.38408591937079956
56,434,1673001399702,1673673760707,7.781956076388889,3023,166,0,0.6384044443648581
56,440,1673001477108,1673267037608,3.073616898148148,3388,187,0,0.4115612623943325
56,624,1673666369742,1673757728827,1.0573968171296297,42,1,0,0.55
56,805,1673672101652,1673843343530,1.9819661805555555,514,22,0,0.6292804422799277
56,806,1673835371917,1673845978008,0.12275568287037036,1350,78,0,0.30856883257626927
56,828,1672048244233,1672052769815,0.052379421296296295,77,5,0,0.704755
56,832,1672026177331,1673843691730,21.03604628472222,997,34,0,0.5532965930461121
56,834,1672126571155,1673783658573,19.179252523148147,7999,398,0,0.837310238088446
56,844,1673084587816,1673674457509,6.8271955208333335,3549,173,0,0.6123527482616238
56,885,1671877963744,1673783463348,22.054393564814816,14832,769,0,0.40232396284668714
56,886,1671875443445,1673783385559,22.082663356481483,102,6,0,0.7342795000000001
56,916,1672047192047,1673757577879,19.796132314814816,1787,96,0,0.7633369816920073
56,940,1672126817822,1672129686273,0.03319966435185185,100,4,0,0.5523250000000001
56,952,1672109921537,1672112674073,0.031858055555555556,24,1,0,0.55
56,954,1673004851537,1673783242658,9.009156493055556,863,48,0,0.30561962050049507
56,965,1673266348515,1673266870361,0.00603988425925926,17,0,0,0.5
56,968,1672024202260,1672130146074,1.2262015509259259,3604,167,0,0.6187361462197003
56,971,1673662818232,1673757080601,1.0909996412037037,908,47,0,0.2919663078044313
56,990,1672050130870,1673780695555,20.029683854166667,2185,112,0,0.6256657800963291
56,1014,1671880152477,1673845348851,22.745328402777776,18131,924,0,0.7499342641599407
56,1016,1673664419184,1673673865871,0.10933665509259259,401,24,0,0.5209488541002909
56,1120,1672107381730,1673266857313,13.419856284722222,1424,58,0,0.5299747381524607
56,1138,1671879101845,1673844629740,22.74916545138889,22497,1113,0,0.4569750171358398
56,1139,1672052709972,1673844144911,20.73420068287037,4971,240,0,0.7190839306909603
56,1147,1673602814580,1673843191659,2.7821421180555554,300,14,0,0.8856160377251953
56,1171,1671878016039,1673846336194,22.781483275462964,20429,996,0,0.5628440111609407
56,1180,1672122399032,1673843665268,19.92206291666667,641,31,0,0.438841575858402
56,1184,1672020466349,1673266314757,14.419541759259259,370,10,0,0.5905594762208336
56,1330,1672225626727,1673783388938,18.029655219907408,437,24,0,0.6527629261715695
56,1340,1673083886463,1673083886463,0.0,1,0,0,0.5
56,1459,1672108128204,1673784369026,19.400935439814816,449,26,0,0.47859496783068123
56,1565,1671880555003,1673064612742,13.704371979166666,6,0,0,0.5
56,1572,1671880120496,1673785196511,22.049490914351853,4452,218,0,0.5109754978705755
56,1628,1672112762857,1672113014577,0.002913425925925926,26,1,0,0.55
56,1636,1671878302617,1673845561784,22.76920332175926,43238,2205,0,0.5186772149812676
56,1773,1673145343313,1673267749785,1.416741574074074,235,12,0,0.2927773240136719
56,1774,1673006830725,1673760069531,8.718041736111111,158,6,0,0.3535040659722222
56,1816,1673774836359,1673781902229,0.08178090277777778,100,3,0,0.6355000000000001
56,1872,1673760000305,1673760069531,0.0008012268518518519,5,1,0,0.55
56,1884,1673748502338,1673758627370,0.11718787037037037,343,16,0,0.6497663447136395
56,1886,1673144674477,1673151508607,0.07909872685185185,120,3,0,0.6355000000000001
56,1907,1673260413416,1673266776431,0.07364600694444444,100,9,0,0.5680012698750001
56,1914,1672193688324,1672201018637,0.08484158564814814,100,6,0,0.6238832500000001
56,1917,1673001584837,1673007696043,0.07073155092592592,100,2,0,0.4658333333333334
56,1962,1673662557298,1673841505955,2.0711650115740743,667,32,0,0.5018010505274688
56,1981,1672047617666,1673695386192,19.071394976851852,493,24,0,0.6122019695528172
56,2009,1672047139512,1672129720788,0.9558018055555556,372,24,0,0.6810283173523681
56,2067,1672047150686,1673757083373,19.79088758101852,2631,127,0,0.6707440448931044
56,2072,1672999711034,1673843172756,9.762288449074074,3182,153,0,0.5011796496674817
56,2073,1672021772636,1673845250206,21.10506446759259,18973,959,0,0.5539135589845899
56,2077,1671880130742,1673176540755,15.004745520833334,84,10,0,0.6751366336583335
56,2090,1672047536737,1673783471736,20.091840266203704,5820,286,0,0.6209547654310965
56,2096,1672122953768,1673781843853,19.200116724537036,227,10,0,0.38871357924253486
56,2178,1672027186199,1673844725649,21.03633622685185,3470,186,0,0.7730666414160094
56,2180,1672020469599,1672025504387,0.05827300925925926,100,4,0,0.5523250000000001
56,2182,1673749143412,1673756763563,0.08819619212962963,172,15,0,0.66287081966851
56,2185,1673001019908,1673673906268,7.7880365740740745,1868,88,0,0.49839860505052785
56,2197,1671879492714,1673842153177,22.715977581018517,9650,481,0,0.6068217034912043
56,2218,1673003820327,1673007650843,0.04433467592592592,111,4,0,0.5808250000000001
56,2228,1671879257346,1673846336194,22.767116296296297,24711,1259,0,0.6029786304473947
56,2340,1672222713250,1672227893950,0.05996180555555555,142,7,0,0.469928659375
56,2366,1672196360476,1672200281352,0.04538050925925926,34,3,0,0.51925
56,2444,1671875913009,1673500329872,18.80112109953704,27423,1364,0,0.3945705315103956
56,2459,1672107545348,1673844268646,20.10096409722222,2709,132,0,0.6431931030419809
56,2513,1671878860682,1673440497394,18.074498981481483,6458,324,0,0.5991206739311741
56,2775,1672124795100,1672128938095,0.04795133101851852,100,7,0,0.5560490708333335
56,2786,1672124431870,1672129258685,0.05586591435185185,99,3,0,0.51925
56,2801,1672107862403,1673782576602,19.38326619212963,2541,137,0,0.7060092917101188
56,2807,1672051830434,1673844345457,20.746701655092593,4441,220,0,0.7955471525698837
56,2815,1672023084183,1672026688608,0.041717881944444445,26,2,0,0.4658333333333334
56,2851,1672024503796,1673844009311,21.059091608796297,12648,638,0,0.3122725206044869
56,2919,1672111865214,1672113091536,0.014193541666666667,26,1,0,0.55
56,3000,1673438182259,1673439669680,0.017215520833333334,147,14,0,0.6305299964976981
56,3012,1671877374170,1673846372621,22.78933392361111,16963,813,0,0.6058632863702386
56,3025,1672046893341,1673673438751,18.825757060185186,431,20,0,0.6336966271574821
56,3027,1672126957655,1673696597536,18.167128252314814,318,17,0,0.3394875921733206
56,3049,1672125324855,1672129329523,0.04635032407407407,100,10,0,0.55041909998125
56,3050,1673064676300,1673064875324,0.0023035185185185185,19,0,0,0.5
56,3052,1672048921118,1672053351359,0.0512759375,67,5,0,0.704755
56,3054,1672128750690,1672129657986,0.01050111111111111,42,2,0,0.4658333333333334
56,3068,1673058887538,1673064015457,0.05935091435185185,4,0,0,0.5
56,3069,1672047530451,1672049882521,0.027223032407407408,2,0,0,0.5
56,3075,1672021112180,1672129464133,1.2540735300925927,2064,100,0,0.3908608124713685
56,3080,1672053486555,1672053730136,0.002819224537037037,6,0,0,0.5
56,3116,1671881551679,1671881551679,0.0,1,0,0,0.5
56,3122,1673266233711,1673266452239,0.0025292592592592593,2,0,0,0.5
56,3131,1673316901220,1673322730189,0.06746491898148148,7,0,0,0.5
56,3134,1672125238182,1672130130202,0.05662060185185185,144,9,0,0.41593583555208347
56,3136,1672125219323,1672129361453,0.04794131944444444,137,6,0,0.3875321273148149
56,3140,1672124435487,1672129272895,0.05598851851851852,100,4,0,0.4271097222222223
56,3143,1673319952430,1673324277456,0.0500581712962963,8,1,0,0.42500000000000004
56,3144,1672126823371,1672128846779,0.023419074074074075,7,0,0,0.5
56,3150,1673321950437,1673324268737,0.026832175925925926,4,1,0,0.55
56,3152,1673319815339,1673323986878,0.04828170138888889,6,1,0,0.55
56,3156,1672125167610,1672129339814,0.04828939814814815,100,7,0,0.6479949250000001
56,3207,1672125295694,1672129385644,0.047337384259259256,100,7,0,0.6479949250000001
56,3228,1673005923108,1673844254796,9.702913055555555,1182,55,0,0.5948196210145231
56,3239,1672053316150,1672053940489,0.0072261458333333336,7,0,0,0.5
56,3349,1673232088380,1673236590287,0.052105405092592594,6,1,0,0.55
56,3351,1673234307463,1673236743422,0.02819396990740741,3,0,0,0.5
56,3352,1673232119045,1673236042921,0.04541523148148148,13,2,0,0.48250000000000004
56,3368,1672127920920,1673843250498,19.853351597222222,4909,223,0,0.6407243958622193
56,3446,1673266298283,1673266737832,0.005087372685185185,11,1,0,0.42500000000000004
56,3505,1673782482453,1673783613845,0.013094814814814814,20,0,0,0.5
56,3622,1671875271149,1673843739123,22.783194143518518,11522,552,0,0.6079166279503376
56,3920,1673232105118,1673236350422,0.049135462962962964,7,2,0,0.5950000000000001
56,3928,1673233702373,1673236572229,0.033215925925925927,12,1,0,0.55
56,3938,1673232139895,1673236688907,0.05265060185185185,10,0,0,0.5
56,3940,1673232220642,1673236819546,0.053228055555555556,21,3,0,0.6355000000000001
56,3944,1673232149864,1673236663837,0.05224505787037037,8,0,0,0.5
56,3952,1673231878293,1673236876743,0.057852430555555556,16,0,0,0.5
56,4197,1672048875606,1672200976861,1.7604311921296296,19,1,0,0.55
56,4413,1672195104436,1673617561678,16.463625486111113,4012,190,0,0.5726561021376351
56,4423,1673147400722,1673150877464,0.04024006944444444,31,2,0,0.5950000000000001
56,4537,1673748912628,1673754378536,0.06326282407407408,100,8,0,0.6831954325000001
56,4548,1671880146123,1673695855169,21.01515099537037,3947,187,0,0.4902292532167753
56,4552,1671879352595,1673696331782,21.02985170138889,749,52,0,0.5415537743682192
56,4554,1673490578958,1673782336443,3.3768227430555555,245,15,0,0.4981512159594821
56,4727,1672050401897,1673843976392,20.7589640625,9233,488,0,0.5436332939824909
56,4729,1673231150395,1673235790631,0.05370643518518518,26,0,0,0.5
56,4730,1671880127252,1673843756804,22.727193888888888,5696,291,0,0.5516412319845017
56,4802,1672029235674,1673500659654,17.030370138888888,22783,1170,0,0.4051733369653724
56,4804,1673602002427,1673783586772,2.101670659722222,1652,95,0,0.544515486199323
56,4857,1671874233917,1673842903687,22.785529745370372,2442,119,0,0.3036370344895282
56,4877,1673780101463,1673783486319,0.03917657407407407,30,3,0,0.6355000000000001
56,4903,1672110841105,1672113027798,0.02530894675925926,23,1,0,0.55
56,5048,1673672549965,1673672999695,0.005205208333333333,8,0,0,0.5
56,5090,1673493323820,1673756492509,3.045933900462963,200,6,0,0.5922165833333335
56,5121,1672020572701,1673846336194,21.131521909722224,22042,1080,0,0.3829224805962532
56,5140,1673173612514,1673673191315,5.782162048611111,1162,44,0,0.8021224375790678
56,5148,1672122938432,1672129230782,0.072828125,100,5,0,0.46773208333333344
56,5166,1672109540153,1673320515751,14.015921273148148,212,7,0,0.76085155
56,5182,1672053410318,1673843727112,20.721259189814816,68,4,0,0.48463750000000005
56,5194,1673058018052,1673064283713,0.07251922453703703,109,5,0,0.39019979166666674
56,5196,1672023052492,1673783485027,20.3753765625,446,22,0,0.747262032491361
56,5223,1672107213604,1673758378379,19.110703414351853,9423,470,0,0.6869522744170105
56,5248,1672108489552,1673842711134,20.072009050925924,2563,117,0,0.642445699869491
56,5257,1671873747854,1671881460000,0.08926094907407407,848,42,0,0.4888763721399382
56,5294,1673147903677,1673606413063,5.306821597222222,171,15,0,0.47466467292642217
56,5337,1673259352936,1673500339915,2.7892011458333332,138,3,0,0.4107083333333334
56,5496,1672125065202,1673845978008,19.91797229166667,859,37,0,0.5820344730841509
56,5520,1673260209705,1673439129605,2.070832175925926,198,8,0,0.506008148125
56,5521,1671877553692,1673845268690,22.77447914351852,7456,401,0,0.20602373810140504
56,5522,1672024758336,1673845565452,21.074156435185184,23427,1177,0,0.32056909064388295
56,5527,1672108304619,1673845635941,20.108001412037037,193,15,0,0.6312470596734475
56,5557,1671879377792,1673784882662,22.05445451388889,14152,710,0,0.5294998019318015
56,5575,1673004462606,1673845287272,9.731766967592593,5022,269,0,0.8065418074371311
56,5583,1672026610345,1672027485312,0.010126932870370371,64,5,0,0.6105925
56,5585,1672970713766,1673844824926,10.117027314814814,1975,100,0,0.5513321340309668
56,5588,1672222517012,1673845414588,18.78353675925926,22937,1152,0,0.47387635333021066
56,5589,1672021738323,1673844132778,21.09252841435185,6587,326,0,0.5230542188930658
56,5591,1673007352502,1673008008754,0.007595509259259259,64,1,0,0.42500000000000004
56,5592,1672970839872,1673841524044,10.077363101851851,1191,56,0,0.4581787363905994
56,5594,1672970825687,1673176238023,2.3774575925925925,469,20,0,0.5908511387433905
56,5612,1672108775244,1673845411592,20.09995773148148,23858,1239,0,0.40472627072446815
56,5614,1673000282766,1673007499985,0.08353262731481481,200,8,0,0.41207965515625006
56,5631,1673058070079,1673064754749,0.07736886574074074,100,5,0,0.3654729398148149
56,5632,1672125128670,1672129612962,0.051901527777777776,277,16,0,0.4266253662006969
56,5653,1673434471655,1673439168921,0.05436650462962963,73,1,0,0.42500000000000004
56,5658,1671880202592,1673845322144,22.74443925925926,5992,316,0,0.2582318785731201
56,5662,1672022876895,1673322409927,15.040891574074074,8103,389,0,0.18930759131212332
56,5673,1673060858209,1673064873425,0.04647240740740741,128,7,0,0.4487789145833334
56,5692,1672130089336,1673617046370,17.21015085648148,170,10,0,0.6918033003250003
56,5696,1673601301547,1673618311924,0.19687936342592594,58,3,0,0.6355000000000001
56,5709,1672125120191,1673500305339,15.916494768518518,2915,157,0,0.4203878803704093
56,5710,1672111487213,1672112461931,0.011281458333333333,2,0,0,0.5
56,5715,1672124794442,1673007947946,10.221684074074075,207,11,0,0.68912100359875
56,5729,1673322480588,1673324450128,0.02279560185185185,3,0,0,0.5
56,5730,1673323333864,1673324210532,0.01014662037037037,3,0,0,0.5
56,5732,1673324048500,1673324048500,0.0,1,0,0,0.5
56,5733,1673323467747,1673324236977,0.008903125,3,0,0,0.5
56,5734,1673322897181,1673324143300,0.014422673611111112,3,0,0,0.5
56,5735,1673322152663,1673322953156,0.009264965277777778,3,0,0,0.5
56,5736,1673322610803,1673323785738,0.013598784722222222,3,0,0,0.5
56,5746,1673490843649,1673493713451,0.03321530092592593,4,0,0,0.5
56,5747,1673491274935,1673497927731,0.0769999537037037,3,0,0,0.5
56,5748,1673491333467,1673495726104,0.05084070601851852,4,0,0,0.5
56,5749,1673320790318,1673322073646,0.014853333333333333,3,0,0,0.5
56,5751,1673322342560,1673324006056,0.019253425925925927,3,0,0,0.5
56,5752,1673319184764,1673319208493,0.0002746412037037037,2,0,0,0.5
56,5754,1673491664358,1673492744195,0.012498113425925926,4,1,0,0.55
56,5755,1673490998403,1673496194352,0.06013829861111111,4,0,0,0.5
56,5756,1673320260981,1673321300532,0.012031840277777778,3,0,0,0.5
56,5764,1673322804508,1673324411182,0.018595763888888887,3,0,0,0.5
56,5775,1673321693838,1673323131249,0.01663670138888889,3,0,0,0.5
56,5780,1673491501536,1673492721729,0.014122604166666667,4,1,0,0.55
56,5791,1673430586288,1673433626525,0.03518792824074074,3,0,0,0.5
56,5792,1673490335417,1673493706518,0.03901737268518519,3,0,0,0.5
56,5795,1673490001258,1673491614467,0.018671400462962964,4,0,0,0.5
56,5798,1673490798922,1673492130890,0.015416296296296296,4,0,0,0.5
56,5799,1673322676073,1673322984080,0.0035648958333333335,3,1,0,0.55
56,5805,1673490343199,1673493067907,0.03153597222222222,4,0,0,0.5
56,5810,1673491109462,1673495281971,0.04829292824074074,4,0,0,0.5
56,5811,1673492646979,1673495680328,0.035108206018518516,4,0,0,0.5
56,5826,1673321662937,1673322486356,0.0095303125,2,0,0,0.5
56,5835,1673322768098,1673324622339,0.021461122685185186,3,0,0,0.5
56,5836,1673322271953,1673324371509,0.024300416666666668,3,1,0,0.42500000000000004
56,5838,1673323687841,1673324428136,0.008568229166666667,2,0,0,0.5
56,5839,1673321101562,1673323059721,0.022663877314814816,3,0,0,0.5
56,5914,1673320493962,1673321283230,0.009135046296296296,2,0,0,0.5
56,5923,1672020676557,1673500044542,17.122314641203705,1713,88,0,0.29743748462037933
56,5938,1672025831493,1673844827407,21.053193449074072,4079,202,0,0.5169769371907027
56,5968,1673663253364,1673667292710,0.04675168981481481,12,0,0,0.5
56,5969,1672047779845,1673618804983,18.183161319444444,1953,94,0,0.6173354526926236
56,6000,1671878369398,1673845066090,22.762693194444445,8148,420,0,0.2359216942613101
56,6018,1673230015037,1673236819985,0.07876097222222223,100,6,0,0.4389298125000001
56,6020,1671877596396,1673846372621,22.786761863425927,23636,1141,0,0.12733878871957305
56,6025,1672047161184,1673780380244,20.060405787037038,2967,140,0,0.8180916275603303
56,6039,1673687205659,1673695137963,0.09180907407407407,100,1,0,0.55
56,6040,1673489191304,1673494196321,0.0579284375,3,0,0,0.5
56,6064,1671878202110,1673697298327,21.054354363425926,16823,794,0,0.4947829591231795
56,6074,1671877455168,1673844790082,22.770080023148147,11589,597,0,0.3866904442884503
56,6092,1672106995440,1673500281932,16.126001064814815,9989,516,0,0.10513610001817544
56,6096,1673174967588,1673783409371,7.042150266203704,757,34,0,0.661500028826056
56,6102,1671880206061,1673845411592,22.745434386574075,23790,1190,0,0.3514379859534841
56,6116,1672108632228,1673496666522,16.06521173611111,300,19,0,0.6477769045837433
56,6140,1672047202422,1673691881155,19.035633483796296,868,39,0,0.8906174014067171
56,6144,1671873966818,1673845978008,22.824203587962963,24915,1252,0,0.3048249240494762
56,6153,1673001315619,1673673733296,7.782612002314814,1963,101,0,0.501282049250209
56,6154,1673057222379,1673845028797,9.118129837962963,8562,434,0,0.6910623560052679
56,6156,1671879319241,1673844328059,22.743157615740742,7669,369,0,0.6339210764291775
56,6158,1673004575612,1673782861909,9.007943252314815,458,17,0,0.5929894496715067
56,6160,1672108547256,1673612543343,17.407362118055556,478,19,0,0.40768283598671584
56,6161,1672025186951,1673696907812,19.348621076388888,2830,157,0,0.5185075405919864
56,6177,1673005409615,1673605724280,6.948086400462963,81,1,0,0.55
56,6185,1673607838894,1673619682549,0.13707934027777777,316,13,0,0.4785668394904444
56,6206,1673235053862,1673618881008,4.442443819444445,119,7,0,0.3219184362847222
56,6212,1673265458747,1673611835756,4.008993159722222,80,8,0,0.4707734078472224
56,6232,1671878194528,1673844326549,22.756157650462963,10612,552,0,0.47157388867201155
56,6269,1673064442046,1673756090483,8.005190243055555,271,19,0,0.6633656618195051
56,6273,1672226733295,1672227351208,0.007151770833333334,54,4,0,0.34096273148148154
56,6283,1672111622724,1673784318497,19.35990478009259,6840,323,0,0.6463366837339573
56,6298,1673004025392,1673266805131,3.041432164351852,1105,55,0,0.7756947460054521
56,6299,1672051041593,1673758144459,19.75813502314815,4035,182,0,0.5617865213720766
56,6309,1671875187802,1671880283353,0.05897628472222222,104,3,0,0.6355000000000001
56,6318,1671877909492,1673783493454,22.055369930555557,4379,223,0,0.2769486518750472
56,6339,1672226803026,1672227038013,0.0027197569444444443,9,0,0,0.5
56,6353,1672022830898,1673844790082,21.087490555555554,7378,363,0,0.6358893617223957
56,6375,1673322043679,1673325308091,0.03778254629629629,185,3,0,0.6355000000000001
56,6376,1672021396667,1673321394409,15.046270162037038,4090,207,0,0.6885514879053151
56,6396,1673062419963,1673844031552,9.046430428240742,1696,99,0,0.9354181111971114
56,6400,1671875415690,1673844766917,22.79341697916667,21056,1114,0,0.6908010305981209
56,6403,1671879346068,1673758720831,21.75202271990741,1272,57,0,0.7497466961988271
56,6411,1671879033024,1673674443364,20.780212268518518,16584,803,0,0.42593983346421216
56,6441,1672020582623,1673845266470,21.119026006944445,8389,405,0,0.6755639578130291
56,6586,1672970765372,1673497082768,6.091636527777778,887,43,0,0.48576731992752065
56,6617,1672048475383,1673845266470,20.796193136574075,4079,224,0,0.4487912225720174
56,6619,1672110298332,1673674445995,18.103560914351853,112,7,0,0.5371963208333336
56,6625,1672124810450,1672129295242,0.051907314814814816,96,8,0,0.6380287658333336
56,6626,1671877338714,1673844086688,22.763286736111112,5079,270,0,0.7334020773377585
56,6632,1673614316366,1673783561654,1.9588575,109,12,0,0.6229087150223127
56,6646,1672122747476,1673843426560,19.915267175925926,337,14,0,0.5366077624164
56,6652,1673775438985,1673781501018,0.07016241898148148,400,15,0,0.7001343128636401
56,6658,1672125660599,1673757810733,18.890626550925926,329,21,0,0.44253606644344584
56,6664,1672125447197,1673845322144,19.905960034722224,21350,1050,0,0.27241059280564656
56,6666,1672022086449,1672028182152,0.07055211805555556,399,26,0,0.42254511720091376
56,6673,1671873598659,1673696724991,21.100999212962964,4044,199,0,0.8737815414681611
56,6703,1671875664037,1673500379132,18.804572858796295,20725,1021,0,0.6080253065402961
56,6717,1673437003340,1673440400379,0.03931758101851852,85,3,0,0.6355000000000001
56,6741,1672126124060,1672130068806,0.045656782407407406,297,15,0,0.48656300597339336
56,6742,1671878385797,1673845266470,22.764822604166667,16204,796,0,0.8220282634620155
56,6765,1672023606535,1673845318111,21.084624722222223,7250,365,0,0.9362203133623577
56,6836,1673264517925,1673264517925,0.0,1,1,0,0.55
56,6853,1671874922475,1673844768526,22.799144108796295,11335,557,0,0.1598936208520852
56,6881,1671880175443,1673064836238,13.711351793981482,1254,62,0,0.22365674369839353
56,6884,1671877487313,1673845123768,22.77357008101852,16120,780,0,0.393032454022374
56,6885,1672125249215,1673844296250,19.896377719907406,1237,58,0,0.5097416895240865
56,6886,1672020880528,1673845635941,21.11985431712963,12953,719,0,0.5193936542600853
56,6911,1673748679838,1673844794253,1.1124353587962963,1346,60,0,0.430427652806556
56,6940,1672110277183,1673782785683,19.35773726851852,621,24,0,0.41538809172833374
56,6972,1671875840050,1673783493789,22.07932568287037,2584,144,0,0.6456454894065176
56,6979,1672020497181,1673846336194,21.132395983796297,23828,1174,0,0.31116502995262185
56,6980,1672129329148,1673844577465,19.85241107638889,19843,1043,0,0.3859412455953932
56,6985,1672106932644,1672228027923,1.4015657291666668,3297,173,0,0.3670657102077438
56,6986,1672221807623,1673325264539,12.771492083333333,4465,221,0,0.1609219261198997
56,6987,1671875491494,1673845980810,22.806589305555555,19312,939,0,0.5386851205698248
56,6989,1671879195247,1673845561784,22.758871956018517,40442,2000,0,0.3648042837817766
56,6995,1672051603382,1672053405432,0.020857060185185187,6,0,0,0.5
56,7058,1672025865015,1673845985145,21.066205208333333,12270,635,0,0.627009844571624
56,7153,1671878469688,1673845250206,22.763663402777777,16357,800,0,0.33947561066044857
56,7176,1672107594671,1673782128777,19.381181782407406,2842,160,0,0.9269060389557304
56,7178,1673601464868,1673845300030,2.8221662268518517,7186,363,0,0.3062658293112936
56,7181,1673145591075,1673612289610,5.401603414351852,774,37,0,0.4133612349982292
56,7188,1672020702078,1672027523471,0.07895130787037037,262,13,0,0.4309641085068014
56,7214,1672046893341,1673783950598,20.104829363425925,18399,970,0,0.6205389671829057
56,7236,1672020682666,1672130183469,1.2673704050925927,1261,57,0,0.28340819904361336
56,7237,1672122937973,1672227467498,1.2098324652777779,331,16,0,0.34597370528784827
56,7238,1672022375699,1673499751438,17.099256238425927,5527,278,0,0.6587301144202852
56,7256,1672123421250,1673005977064,10.21476636574074,104,8,0,0.5625291887500001
56,7257,1672123142716,1672130086486,0.08036770833333333,996,57,0,0.4533399925113347
56,7258,1672123481719,1672127194090,0.04296725694444444,100,3,0,0.6355000000000001
56,7259,1672123471968,1673005745769,10.211502326388889,381,22,0,0.5019467896247779
56,7260,1672122407203,1673007252350,10.241263275462963,1331,70,0,0.3734270982850702
56,7261,1672123544948,1673325276026,13.90892451388889,1478,77,0,0.5773103891569522
56,7262,1672123598383,1672129616910,0.06965887731481482,229,13,0,0.7416778606649874
56,7266,1672123277355,1673007194234,10.23051943287037,592,31,0,0.7384620701180447
56,7267,1672970690438,1673007170671,0.42222491898148146,157,4,0,0.5356583333333335
56,7269,1673319887190,1673324850144,0.057441597222222224,98,7,0,0.3331512373070989
56,7270,1671873575344,1673845558226,22.823875949074075,21851,1127,0,0.40624400283054485
56,7275,1673692479818,1673696193530,0.04298277777777778,57,2,0,0.5950000000000001
56,7276,1673000309450,1673783424772,9.06383474537037,243,12,0,0.5258054991864533
56,7280,1671876110980,1673268056900,16.110485185185187,1006,46,0,0.5088992638263249
56,7283,1673604801756,1673609546594,0.05491710648148148,350,26,0,0.5452595289306539
56,7287,1672026256208,1673844291796,21.042078564814815,7252,348,0,0.6546389217908308
56,7301,1671875174893,1673845300030,22.802374270833333,580,27,0,0.649145484438615
56,7308,1671873835490,1673846372621,22.830290868055556,33157,1625,0,0.6663981119945761
56,7316,1672107320480,1672112764724,0.06301208333333333,200,15,0,0.648638515376266
56,7317,1672025928774,1673844511514,21.048411342592594,588,27,0,0.673078561540932
56,7332,1671873564572,1673007510675,13.12437619212963,7344,354,0,0.4542084939048655
56,7334,1672107815204,1673499247114,16.10453599537037,4415,217,0,0.763426762700788
56,7335,1672199904313,1673499918918,15.046465335648149,1761,94,0,0.7353992604393784
56,7336,1672024810950,1673673285578,19.079567453703703,10158,524,0,0.947111948751304
56,7342,1673230695016,1673237388474,0.0774705787037037,286,18,0,0.7395544239800937
56,7362,1672218803891,1673237183987,11.786806666666667,913,41,0,0.7010318266656868
56,7389,1673000412727,1673841738758,9.73756980324074,4783,229,0,0.705104928362178
56,7477,1671873251279,1673845977949,22.832484606481483,39658,2031,0,0.6761342066902783
56,7491,1672020610048,1673672517072,19.11929425925926,4172,201,0,0.43212780587421384
56,7501,1671877695499,1673843698073,22.754659421296296,4645,229,0,0.5414891437601658
56,7502,1673003164678,1673440851948,5.06582488425926,372,18,0,0.3004095121784531
56,7507,1672022810009,1673844357327,21.082723587962963,4840,250,0,0.5429817449372172
56,7523,1671873295129,1673695379028,21.088934016203705,8828,460,0,0.620076306171159
56,7525,1672127678082,1673439461402,15.182677314814814,185,9,0,0.6386290198750001
56,7536,1672107681566,1672129395194,0.2513151388888889,504,28,0,0.42650456732862035
56,7537,1673774779721,1673782910383,0.09410488425925925,400,24,0,0.31387385648532296
56,7538,1671879026730,1673758370037,21.751658645833334,3753,187,0,0.1603679768288914
56,7543,1672123871460,1673783209243,19.20529841435185,2629,124,0,0.4654792159804052
56,7546,1673235780469,1673497039859,3.0238355324074075,51,2,0,0.5950000000000001
56,7548,1672125195126,1673604567499,17.12236542824074,1502,65,0,0.3361819165823829
56,7549,1673082772632,1673090248861,0.08653042824074074,366,12,0,0.4588791580758023
56,7560,1673058343563,1673064041652,0.06595010416666666,31,2,0,0.4658333333333334
56,7588,1673232287305,1673236424931,0.04788918981481481,12,2,0,0.5950000000000001
56,7590,1672970772594,1673784558833,9.418822210648148,3828,215,0,0.2871000191329267
56,7596,1673316172909,1673324552296,0.09698364583333334,200,10,0,0.7068033003250003
56,7597,1671880102666,1673845981164,22.75322335648148,20941,1062,0,0.2717537479169758
56,7602,1672109810972,1672113789027,0.04604230324074074,18,2,0,0.5950000000000001
56,7605,1672047174635,1673845996910,20.819702256944446,17072,862,0,0.3647410393248899
56,7676,1672123686315,1672129173883,0.06351351851851852,300,21,0,0.24072573087283372
56,7683,1672107917388,1672112998414,0.0588081712962963,200,11,0,0.6215810285987502
56,7707,1673260791640,1673266806188,0.06961282407407407,48,2,0,0.48250000000000004
56,7708,1672107734748,1673150971448,12.074498842592593,1540,72,0,0.26815895131558104
56,7709,1672225819605,1672227779235,0.02268090277777778,30,1,0,0.42500000000000004
56,7718,1671877164950,1672113581243,2.7362996875,1138,61,0,0.30516343380410105
56,7721,1671877569170,1673784594660,22.072054282407407,20329,989,0,0.5152101658112639
56,7736,1672020436472,1673845412659,21.12240957175926,12255,587,0,0.6460824287269301
56,7738,1672111623873,1673089764949,11.321077268518518,280,15,0,0.6383191686969736
56,7745,1672024164123,1673150850946,13.040356747685186,71,4,0,0.34096273148148154
56,7753,1673433565185,1673844133789,4.751951435185185,2653,147,0,0.7605371042037008
56,7756,1672123507403,1672130105699,0.07636916666666667,562,29,0,0.490304969163552
56,7771,1672123593371,1672129399539,0.06720101851851852,100,6,0,0.39864786805555563
56,7778,1671874472151,1671881401388,0.08019950231481482,100,8,0,0.4363690786805557
56,7784,1672026972508,1673696887542,19.327720300925925,1287,50,0,0.897979113623022
56,7788,1671875778944,1673844305155,22.78386818287037,1224,62,0,0.4457298005230248
56,7830,1671877197598,1673844110095,22.7651909375,6295,319,0,0.6099839543153981
56,7832,1672021924425,1672202883117,2.0944293055555554,363,20,0,0.729222608423876
56,7864,1672123471968,1673325314597,13.910215613425926,590,34,0,0.5535324584219345
56,7891,1671877784608,1673501116303,18.78856128472222,1493,65,0,0.5706911870323035
56,7918,1672020399980,1673845281478,21.12131363425926,25129,1218,0,0.44428940391259064
56,7921,1672026009078,1673758500835,20.05198792824074,1356,57,0,0.7079189572905453
56,7926,1672123484066,1673758512530,18.923940555555557,321,23,0,0.5313223695903153
56,7932,1672125695442,1673784592103,19.20019283564815,1849,93,0,0.3852254526524031
56,7933,1672022677399,1673845397675,21.09629949074074,8154,439,0,0.34570925978136313
56,7934,1672048518196,1672052936599,0.05113892361111111,69,5,0,0.5820925000000001
56,7935,1672123141454,1673237154484,12.893669328703703,328,20,0,0.5966316724587024
56,7937,1672193818184,1673845985145,19.122302789351853,8882,459,0,0.46979002929862473
56,7938,1672024903563,1673500278119,17.076094398148147,2511,149,0,0.1915213370531451
56,7944,1671881551679,1673238137794,15.70122818287037,1778,75,0,0.41858974107059316
56,7945,1671877769339,1673697820320,21.065404872685185,3821,189,0,0.3153750222482853
56,7946,1672024835204,1673845974041,21.077995798611113,22590,1121,0,0.23709258826180457
56,7950,1671874899263,1673671275963,20.79139699074074,3546,160,0,0.30817751163102064
56,7951,1672020932162,1673844794253,21.10951494212963,9335,460,0,0.5204301441194128
56,7952,1671874064933,1671879916482,0.06772626157407408,100,3,0,0.6355000000000001
56,7957,1672029219711,1672129399539,1.15948875,304,25,0,0.5772003301036023
56,7959,1672225249380,1673617788028,16.117345462962962,65,4,0,0.34096273148148154
56,7965,1672050985973,1673845343928,20.768031886574075,9575,461,0,0.6719134094626651
56,7971,1671873540359,1673782742688,22.09724917824074,2438,123,0,0.47139319007197505
56,7974,1671873331183,1672112770365,2.771286828703704,300,11,0,0.8430947019550002
56,7976,1671873058157,1673845414588,22.82819943287037,19217,981,0,0.8609142915772613
56,7983,1673060631160,1673696454400,7.359065277777778,2523,121,0,0.24177078941840527
56,8003,1672220579226,1672226009990,0.06285606481481482,100,7,0,0.35775222418981495
56,8019,1672107244580,1673611109095,17.405839293981483,526,30,0,0.6797700324041852
56,8050,1672020606839,1673845337674,21.119569849537037,15820,773,0,0.2605825044263799
56,8084,1673001908834,1673783953381,9.051441516203704,2994,153,0,0.18372150041317625
56,8118,1673259844825,1673438806062,2.071310613425926,400,23,0,0.2597323778499577
56,8161,1671880284560,1673783438063,22.027239618055557,2819,144,0,0.27547994751377336
56,8174,1673090331553,1673090341581,0.00011606481481481481,2,0,0,0.5
56,8207,1672023933562,1673846336194,21.092623055555556,19948,993,0,0.4155719249875758
56,8209,1671878344757,1673845561784,22.76871559027778,53443,2678,0,0.62565738509093
56,8215,1672025293548,1672125467590,1.1594217824074073,94,7,0,0.5003102097222224
56,8235,1673000808825,1673007748722,0.08032288194444444,80,4,0,0.67195
56,8238,1673231692393,1673618755881,4.479901481481481,522,24,0,0.445813638961167
56,8244,1672048577270,1673783478486,20.079875185185184,896,42,0,0.6018592470030952
56,8253,1672050278970,1672052384966,0.024374953703703704,12,0,0,0.5
56,8255,1672020452449,1673845558226,21.12390945601852,15858,800,0,0.5445420101317645
56,8263,1672027108299,1673237136487,14.00495587962963,78,6,0,0.3353298298611112
56,8267,1672052192132,1673844826715,20.74808545138889,786,44,0,0.8248301754125558
56,8271,1672110891933,1673618892227,17.45370710648148,2221,117,0,0.6952781947120675
56,8280,1672025004418,1673757947444,20.057210949074076,1601,66,0,0.7024569337197603
56,8281,1672123962746,1672128765500,0.05558743055555555,100,6,0,0.5419063750000002
56,8283,1672107998305,1673778185328,19.330868321759258,589,28,0,0.640244178342466
56,8284,1673691948237,1673845248052,1.774303414351852,731,42,0,0.6554059426047667
56,8286,1672047329849,1673090172559,12.069938773148149,802,47,0,0.5469665116337894
56,8287,1673083579411,1673845235406,8.815462905092593,5700,296,0,0.2214139871876453
56,8299,1671877994112,1673846372621,22.78215866898148,11651,558,0,0.5903524412448666
56,8301,1672027313408,1672202509367,2.0277310069444443,293,13,0,0.5796315047252428
56,8311,1672128248769,1673845980810,19.881157881944443,20750,1040,0,0.650290166676673
56,8317,1672047086486,1673845996910,20.8207225,16148,837,0,0.5811570628161372
56,8327,1671873058157,1673845996910,22.834939270833335,22288,1089,0,0.42573282217568187
56,8330,1672021388292,1673845977949,21.117935844907407,10021,489,0,0.37760365956272435
56,8333,1672999895337,1673757460700,8.768117627314815,724,44,0,0.4763552906625112
56,8337,1672122925731,1673844321390,19.923560868055556,1716,67,0,0.4886622400913915
56,8353,1672020469599,1672027447356,0.0807610763888889,400,22,0,0.6331285821498822
56,8356,1671877151824,1673845635941,22.783380983796295,37720,1900,0,0.6297290237901416
56,8369,1672128386566,1673845977949,19.879529895833333,14704,760,0,0.37196993862801647
56,8372,1673259586563,1673321579790,0.7175142013888889,760,38,0,0.11404761125997166
56,8381,1671873947864,1673845555178,22.819529097222222,25448,1289,0,0.19516543745557546
56,8383,1673000894286,1673618375918,7.146778148148148,79,5,0,0.4799820833333333
56,8384,1672110176197,1673844284496,20.070697905092594,117,4,0,0.27287881944444453
56,8385,1672024837819,1673846372621,21.082578726851853,22544,1139,0,0.2882130100659774
56,8438,1672111926082,1673324870070,14.038703564814815,934,37,0,0.47224263279543816
56,8455,1671879015486,1673176320615,15.015105659722222,241,9,0,0.6617140198750002
56,8472,1673694573958,1673758970118,0.745325925925926,81,4,0,0.5356583333333335
56,8493,1672122988220,1673237152352,12.895418194444444,237,12,0,0.5351755451112191
56,8494,1673316417240,1673323332220,0.08003449074074075,28,1,0,0.55
56,8505,1673086182862,1673783595388,8.071904236111111,111,8,0,0.6831954325000001
56,8514,1672110346452,1672112948938,0.03012136574074074,70,1,0,0.55
56,8520,1671875816189,1673499040175,18.787314652777777,2092,108,0,0.3935570528169167
56,8532,1672110738860,1673843519605,20.05533269675926,1509,80,0,0.5172572787772399
56,8533,1672021248946,1672027174804,0.06858631944444445,100,6,0,0.49204220833333345
56,8534,1671877710324,1673845558226,22.77601738425926,9901,490,0,0.14650452245396012
56,8535,1672024238065,1673843799914,21.059743622685186,1375,58,0,0.5627085264310505
56,8537,1671873878913,1673846372621,22.829788287037037,48279,2406,0,0.6560684557013589
56,8538,1672122819883,1673845412659,19.937416388888888,885,48,0,0.5755794896821236
56,8545,1671880085604,1673758392257,21.739660335648146,10144,513,0,0.3631296521705605
56,8548,1673440557500,1673499312022,0.6800291898148149,200,4,0,0.4271097222222223
56,8549,1671875531509,1673783019085,22.0774025,1889,101,0,0.401739481437994
56,8552,1671875339087,1673844840723,22.795157824074074,13531,668,0,0.4500903227563277
56,8563,1671877836696,1673845565452,22.77463837962963,30721,1525,0,0.7582322246133482
56,8569,1672125737245,1673844065540,19.88805896990741,1006,62,0,0.4792358434576379
56,8579,1673603562183,1673608832332,0.06099709490740741,108,9,0,0.7524813542500001
56,8581,1672048170315,1673671416710,18.787574016203703,1460,74,0,0.45000570728708406
56,8585,1672022763268,1672227444076,2.368990833333333,1713,72,0,0.15850709853374514
56,8588,1673754262316,1673758071669,0.0440897337962963,11,0,0,0.5
56,8592,1672047314938,1672052608975,0.06127357638888889,12,0,0,0.5
56,8597,1673144689608,1673150894086,0.07181108796296297,116,5,0,0.5820925000000001
56,8599,1671878617982,1673845415128,22.76385585648148,3799,174,0,0.5917868429375818
56,8600,1671879641461,1673845565452,22.753749895833334,8460,447,0,0.47455049113163517
56,8601,1671873736849,1673845996910,22.827084039351853,49738,2524,0,0.7606411880849449
56,8605,1673089884397,1673674127435,6.762072199074074,3400,177,0,0.1404160659933047
56,8606,1673000929732,1673673932321,7.789381817129629,1011,51,0,0.6470984078895179
56,8609,1672020497181,1673845262651,21.119970717592594,11716,596,0,0.522883230569454
56,8611,1673007872874,1673439590642,4.9967334259259255,390,14,0,0.44895632723121476
56,8612,1673602418710,1673605473261,0.03535359953703704,50,2,0,0.4658333333333334
56,8619,1673430989604,1673438788727,0.09026762731481482,216,17,0,0.1988810232010616
56,8624,1672020700821,1673500123986,17.12295329861111,9242,507,0,0.37034408683392045
56,8626,1671873137405,1673500228312,18.83207068287037,10602,541,0,0.10784256471127124
56,8630,1672109740829,1673064707711,11.052857430555555,601,22,0,0.908248990024466
56,8635,1672194347607,1672197185132,0.032841724537037036,21,1,0,0.42500000000000004
56,8640,1672024179603,1673845413265,21.079093310185186,22965,1189,0,0.42664041812383974
56,8644,1673262206721,1673321589393,0.6872994444444445,50,1,0,0.42500000000000004
56,8646,1673258901918,1673321676765,0.7265607291666667,100,4,0,0.48463750000000005
56,8649,1672048475383,1673151339808,12.764634548611111,497,25,0,0.5471395854789411
56,8663,1671880067686,1673841916248,22.706580578703704,14643,688,0,0.6321314870344698
56,8669,1673000107242,1673844322764,9.771012986111112,3268,146,0,0.5343777705326975
56,8676,1672021814761,1673845397675,21.106283726851853,20095,1002,0,0.31989739451328963
56,8677,1673751940838,1673845326632,1.0808540972222223,998,56,0,0.5471773757925307
56,8679,1671877234270,1673844514624,22.769448541666666,4256,213,0,0.6710144392798003
56,8682,1671880256414,1671880256414,0.0,1,0,0,0.5
56,8683,1671873058157,1673758193831,21.818699930555557,5653,282,0,0.5493337600260308
56,8685,1671878265455,1673499146925,18.760202199074072,34246,1706,0,0.29478313186377386
56,8687,1672107895112,1673266883823,13.414221192129629,400,29,0,0.6739949010240395
56,8692,1672107912414,1673671727599,18.09971278935185,6109,312,0,0.5625900733043825
56,8694,1672124225548,1672129728317,0.06368945601851853,510,24,0,0.6787472840987103
56,8696,1672020909140,1672028331236,0.08590388888888889,327,12,0,0.24536826792020983
56,8697,1673496302557,1673619561444,1.4266074884259259,313,15,0,0.6026850923053677
56,8703,1671880447299,1673498436752,18.726729780092594,623,36,0,0.5266387993004633
56,8704,1673173703606,1673439341713,3.074515127314815,36,3,0,0.6355000000000001
56,8705,1671873949243,1673843419356,22.79479297453704,3125,160,0,0.5976827028566717
56,8708,1672129014609,1672129729188,0.008270590277777778,30,3,0,0.6355000000000001
56,8709,1673006668468,1673175889189,1.9585731597222222,5,0,0,0.5
56,8710,1672048045570,1672048045570,0.0,1,0,0,0.5
56,8713,1672999748111,1673613800624,7.107089270833334,594,37,0,0.4577251760881303
56,8716,1672111542580,1672113063682,0.017605347222222224,54,3,0,0.6355000000000001
56,8718,1673149011763,1673237201555,1.0207151851851852,219,15,0,0.7407843128636402
56,8721,1672047210370,1673845245858,20.810595925925927,20661,1037,0,0.48935648927063935
56,8722,1672124208954,1672129225854,0.05806597222222222,100,6,0,0.49204220833333345
56,8726,1673171948474,1673673740047,5.807772835648148,806,31,0,0.769458619959251
56,8730,1673615747345,1673695785771,0.9263706712962962,111,6,0,0.3151362341820988
56,8731,1673087490114,1673090381409,0.0334640625,11,0,0,0.5
56,8732,1672123861167,1673697201439,18.209956851851853,1278,60,0,0.7697698598591443
56,8734,1671875531104,1673845423502,22.799680532407407,35119,1728,0,0.626077863284335
56,8735,1672107105636,1672113829092,0.07781777777777778,955,47,0,0.8236476685724505
56,8738,1672024827116,1673785169113,20.37432866898148,602,37,0,0.30979237813674765
56,8739,1672999657149,1673608601876,7.0479713773148145,233,7,0,0.5578379875000001
56,8742,1672107826419,1673152463410,12.090705914351853,2138,102,0,0.5777429109597895
56,8743,1673085362105,1673237074435,1.7559297453703704,57,1,0,0.42500000000000004
56,8744,1672125569323,1672129380337,0.04410895833333333,100,3,0,0.6355000000000001
56,8747,1672970610119,1673007923662,0.43186971064814816,364,32,0,0.9828315808985377
56,8748,1672123572807,1673782286372,19.198073668981483,3811,191,0,0.6774426478946607
56,8749,1673145697476,1673321565551,2.0355101273148146,218,12,0,0.5103796941951773
56,8752,1672123614771,1672125906073,0.026519699074074074,8,0,0,0.5
56,8754,1672112499320,1672112991882,0.005700949074074074,23,1,0,0.42500000000000004
56,8764,1672047563224,1673696617977,19.086281863425928,773,30,0,0.6406256143176656
56,8766,1673063531417,1673176652450,1.3092712152777777,55,6,0,0.5153172083333334
56,8768,1672047055900,1673439412544,16.115238935185186,898,39,0,0.5228027968110976
56,8774,1672051592223,1672053707541,0.024482847222222222,31,1,0,0.42500000000000004
56,8780,1671879823080,1672129680286,2.8918658101851853,1574,88,0,0.7175337590348161
56,8783,1671875891759,1671881456863,0.06441092592592593,100,9,0,0.6575592225833335
56,8786,1672047584327,1672052904416,0.061575104166666665,97,5,0,0.5820925000000001
56,8787,1672113587263,1673845387687,20.04398638888889,11115,568,0,0.5308423621568896
56,8788,1671877979199,1673153784405,14.766263958333333,365,18,0,0.5436995598184903
56,8792,1672106976597,1673757244869,19.100327222222223,1573,72,0,0.582579309653629
56,8793,1673616542279,1673619446743,0.03361648148148148,266,13,0,0.7087513606649877
56,8798,1673146068166,1673151193625,0.05932244212962963,187,6,0,0.3151362341820988
56,8800,1673434675263,1673439543961,0.0563506712962963,8,1,0,0.42500000000000004
56,8804,1672023633067,1672130089336,1.2321327430555555,331,16,0,0.6784622518272762
56,8811,1673500069178,1673500659654,0.006834212962962963,32,2,0,0.5950000000000001
56,8814,1672129183543,1673616799270,17.217774618055557,480,27,0,0.7114521278847853
56,8817,1672107465527,1673695552775,18.380639444444444,3340,189,0,0.3943179202529221
56,8818,1673058755739,1673845572590,9.106676516203704,2700,130,0,0.568719026594645
56,8819,1672047514942,1672053962172,0.07462071759259259,224,11,0,0.7076229702925001
56,8820,1672127044294,1672129226607,0.025258252314814815,53,3,0,0.6355000000000001
56,8826,1673259364045,1673266506246,0.08266436342592592,100,8,0,0.7847663950000001
56,8829,1671878666970,1673838681627,22.68535482638889,13760,690,0,0.5489688056141356
56,8830,1672106985745,1673672286600,18.116908043981482,704,29,0,0.32755506445948523
56,8832,1672124913572,1672129287682,0.050626273148148146,100,7,0,0.5139213208333334
56,8833,1671878876873,1673843416748,22.737730034722222,8463,399,0,0.5173498787293903
56,8845,1671878022554,1673845978008,22.777262199074073,13566,676,0,0.6355814166720231
56,8847,1672227492314,1673783511815,18.009484965277778,1365,66,0,0.5339789937452153
56,8848,1672112773635,1673612028464,17.352486446759258,559,21,0,0.693684314088245
56,8849,1672023639122,1673845572590,21.087192916666666,11098,581,0,0.27588077776342457
56,8850,1672022140901,1672226995272,2.370999664351852,1180,65,0,0.14093747719313823
56,8853,1672051437174,1673673785999,18.77718547453704,3557,202,0,0.3642625433905361
56,8855,1671873789884,1673671885477,20.81129158564815,2770,135,0,0.8788222254428621
56,8856,1673146351752,1673150873340,0.052333194444444446,68,3,0,0.5025833333333334
56,8857,1671877770448,1673845347431,22.772881747685187,9154,462,0,0.7024658001833499
56,8859,1672122812479,1672130108120,0.08444028935185185,598,25,0,0.7810783993181131
56,8860,1672024294258,1673845565452,21.079527708333334,23959,1169,0,0.39510733304302104
56,8865,1672021838867,1673784897449,20.405770625,10004,537,0,0.44642720353599247
56,8868,1672970674451,1673609782013,7.397078263888889,5396,261,0,0.3473497203354581
56,8871,1672999985010,1673007322697,0.08492693287037037,100,6,0,0.7342795000000001
56,8872,1673232807668,1673236987459,0.04837721064814815,56,2,0,0.48250000000000004
56,8873,1672021136580,1673841468153,21.06865246527778,1416,75,0,0.7755381857149631
56,8875,1672227418302,1672227451656,0.00038604166666666664,3,1,0,0.42500000000000004
56,8877,1673494982652,1673498899396,0.045332685185185184,47,5,0,0.4910070833333335
56,8881,1673057371351,1673695673857,7.3877604861111115,3732,199,0,0.39764248714775674
56,8886,1672970713550,1673496024325,6.0799858217592595,1211,61,0,0.947802349719712
56,8893,1672107149184,1673844188303,20.104619432870372,10215,521,0,0.3056412707140586
56,8894,1671878228239,1671881427561,0.03702918981481482,113,7,0,0.5560490708333335
56,8897,1671878586932,1673784602988,22.06037101851852,8594,401,0,0.6237273667895169
56,8899,1673007620309,1673176503705,1.9546689351851851,411,28,0,0.605760956700377
56,8909,1673611606114,1673694872817,0.963734988425926,1588,77,0,0.11876669036692421
56,8911,1672128729819,1672129284739,0.006422685185185185,6,0,0,0.5
56,8912,1672023991208,1673845980810,21.08784261574074,20744,1052,0,0.29847394093312973
56,8915,1671876980284,1673325307101,16.763041863425926,2948,164,0,0.23687651125402598
56,8917,1671876536473,1673319936117,16.70601439814815,2307,119,0,0.2774734943735065
56,8918,1671874721612,1673325190601,16.787835520833333,2361,117,0,0.2936274631456201
56,8920,1672125087126,1673845313952,19.910032708333333,677,31,0,0.7193894514306614
56,8921,1671877983594,1673846372621,22.782280405092592,41627,2050,0,0.4478705935365072
56,8922,1671874129172,1673845565452,22.81754953703704,5103,240,0,0.39881810083050195
56,8925,1672124976418,1672129367774,0.05082587962962963,4,0,0,0.5
56,8927,1671873659715,1673844642966,22.812306145833332,6479,334,0,0.6949625431562572
56,8930,1673751132843,1673758220533,0.08203344907407407,133,7,0,0.4185011368055557
56,8936,1672126390642,1673090030453,11.15323855324074,355,19,0,0.336023292897965
56,8942,1672126988817,1672129045252,0.02380133101851852,9,0,0,0.5
56,8963,1672108451704,1672113609497,0.05969667824074074,175,12,0,0.4638795018208282
56,8969,1671877790134,1673845351388,22.772699699074074,17262,899,0,0.7526677975880104
56,8976,1671879168881,1673845977949,22.763993842592594,28878,1394,0,0.47035819936289314
56,8983,1672022016633,1673259964922,14.328105196759259,235,13,0,0.47193816519315257
56,8989,1671877685008,1673697911706,21.067438634259258,21110,1034,0,0.345349604351552
56,8992,1672027395642,1672050367614,0.26587930555555556,53,3,0,0.3137291666666668
56,8998,1673664221834,1673844062538,2.0814896296296297,600,28,0,0.7335718889606911
56,9003,1672123793012,1672129056780,0.06092324074074074,100,7,0,0.5305879875000001
56,9004,1671878225945,1673845385931,22.76805539351852,32718,1689,0,0.4663088200041615
56,9014,1673003405414,1673440015599,5.053358622685185,164,5,0,0.4068664583333334
56,9023,1673000241855,1673670461915,7.7571766203703705,773,39,0,0.33163777872819095
56,9025,1672122513864,1672129225237,0.07767792824074074,100,5,0,0.46773208333333344
56,9026,1672124727846,1672128457581,0.04316822916666667,100,9,0,0.3220720103852239
56,9031,1672109429551,1673844768526,20.08494184027778,1029,48,0,0.4939019088430877
56,9036,1673663750916,1673783142980,1.3818525925925926,1069,57,0,0.5346496502368764
56,9042,1672122708657,1672124705256,0.023108784722222223,11,0,0,0.5
56,9046,1672110531296,1673439260921,15.378815104166666,103,3,0,0.6355000000000001
56,9047,1671874650455,1673783577212,22.0940596875,3201,160,0,0.5445987196438757
56,9053,1671873613783,1673619415310,20.20603619212963,1001,52,0,0.7361370166725261
56,9054,1672025852894,1673845572590,21.061570555555555,15174,761,0,0.10399296927659983
56,9055,1672129476195,1673697491671,18.148327268518518,2925,140,0,0.42059549164062476
56,9057,1673062092986,1673150717844,1.0257506712962963,30,2,0,0.5950000000000001
56,9058,1672049427901,1672054079996,0.05384369212962963,77,2,0,0.4658333333333334
56,9059,1673434896172,1673844061723,4.735712395833334,3894,171,0,0.5198157753847088
56,9064,1673000394976,1673604927920,6.9969090740740745,257,11,0,0.7858784352925002
56,9070,1672024424033,1673237207979,14.036851226851851,833,43,0,0.7158716261316194
56,9072,1672028908090,1672129591478,1.1653169907407408,501,20,0,0.5296231336730874
56,9081,1671874053465,1673844265549,22.803380601851853,12030,601,0,0.2677712518734676
56,9082,1672047351578,1673064490856,11.772445347222222,103,2,0,0.5950000000000001
56,9086,1672124350091,1673439590060,15.222684826388889,411,20,0,0.5927307075975913
56,9089,1673491993842,1673498944093,0.08044271990740741,200,12,0,0.47913574619176563
56,9090,1672193916955,1673783619258,18.399332210648147,3936,174,0,0.3945793039993048
56,9096,1672107751859,1673844005091,20.09552351851852,1270,69,0,0.8594578626483015
56,9097,1672107166629,1672129603429,0.2596851851851852,1021,42,0,0.5893486590637652
56,9098,1671873380900,1673844302709,22.811595011574074,14505,678,0,0.6555854822465796
56,9102,1672024107912,1673782939943,20.35685221064815,4687,245,0,0.6084211144796661
56,9105,1673003289569,1673697220835,8.031611875,474,25,0,0.3690535956755894
56,9114,1672020544494,1673758321444,20.11315914351852,3384,159,0,0.491214039519444
56,9117,1672122416917,1672127933026,0.06384385416666667,200,5,0,0.5654258333333334
56,9118,1673082254132,1673089161268,0.0799437037037037,100,4,0,0.5523250000000001
56,9120,1672025356596,1673440850718,16.383033819444446,3131,148,0,0.11407913661507685
56,9122,1671876195919,1673845353943,22.791180833333332,7178,338,0,0.4706017730425963
56,9124,1672107537529,1673500379815,16.120859791666668,10149,507,0,0.1856843265246364
56,9126,1672023447097,1673845042813,21.08328375,10153,525,0,0.6056142887700278
56,9132,1672047058171,1673844827407,20.807514305555557,9657,472,0,0.2618325811094809
56,9143,1671878304876,1673784416780,22.061480370370372,19284,999,0,0.7028567549186222
56,9144,1671879648416,1673841072387,22.70166633101852,5316,264,0,0.6761128996539761
56,9152,1673001049449,1673007671338,0.0766422337962963,200,12,0,0.29818323643468553
56,9155,1673001213101,1673674571709,7.7935024074074075,1233,67,0,0.6524097791207383
56,9158,1671878482955,1673843377625,22.741836458333335,9466,455,0,0.5588318679950477
56,9159,1673229983698,1673324511661,1.0940736458333333,500,28,0,0.7569540890748001
56,9160,1672106811644,1673783447530,19.405507939814814,9320,455,0,0.6129376640727817
56,9169,1671881427825,1673844540197,22.72120800925926,11212,557,0,0.7207394873356845
56,9175,1673058195953,1673176430507,1.3684554861111111,2560,128,0,0.5476109110566049
56,9176,1672122778151,1672126901090,0.04771920138888889,100,7,0,0.76085155
56,9180,1672052989518,1672054057507,0.012360983796296297,7,0,0,0.5
56,9183,1672024485969,1673781191056,20.33223480324074,1853,86,0,0.8666691233676439
56,9184,1673001716300,1673844320523,9.752363692129629,8738,438,0,0.7979876617917253
56,9190,1672124562902,1673176647831,12.176908900462964,5401,274,0,0.2568405987699355
56,9191,1672107040788,1673845348851,20.11930628472222,9492,469,0,0.6102286664488951
56,9192,1673007419826,1673064702230,0.6629907870370371,47,2,0,0.5950000000000001
56,9202,1672122500612,1672129695521,0.08327440972222222,293,11,0,0.6365810285987502
56,9204,1673007242895,1673619404787,7.085207083333334,1366,78,0,0.5738345397741126
56,9205,1672970824753,1673784666010,9.419458993055555,26827,1350,0,0.7317371332191193
56,9209,1671874026761,1673845256278,22.81515644675926,24647,1243,0,0.40382700843520963
56,9210,1672020606903,1673845977949,21.126979699074074,24632,1186,0,0.16533939417639854
56,9211,1672109304499,1673499305209,16.087971180555556,2076,93,0,0.733415194206613
56,9218,1672109568232,1673673119421,18.096657280092593,1951,98,0,0.47306823724370717
56,9219,1672108062931,1672112836324,0.055247604166666665,100,2,0,0.4658333333333334
56,9223,1672047467350,1673439351991,16.1097759375,1781,93,0,0.27338086203690665
56,9225,1672047283818,1673781239068,20.06892650462963,2134,100,0,0.36639157820233453
56,9231,1672026381457,1673782986370,20.331075381944444,1567,82,0,0.6241404548632594
56,9239,1672025174373,1673176231073,13.32241550925926,176,7,0,0.76085155
56,9256,1672049307454,1673499080023,16.779775104166667,2450,118,0,0.6439121387754619
56,9257,1673001221415,1673007919828,0.07752792824074074,263,17,0,0.8149850089552166
56,9259,1672052051949,1673696853895,19.037059560185185,5624,274,0,0.5492005362731358
56,9260,1672108778176,1673672361108,18.097024675925926,930,48,0,0.6222899548406634
56,9262,1672111042639,1673845378737,20.07333446759259,11982,643,0,0.7512531374520381
56,9263,1671877010465,1673783511815,22.06598784722222,811,54,0,0.44326174072120084
56,9265,1672048259782,1673784592980,20.096449050925926,1051,57,0,0.5584935191433561
56,9266,1671873747854,1673845558226,22.821879305555555,15341,787,0,0.4485971201128316
56,9268,1672047192047,1673758627024,19.808275196759258,4518,215,0,0.7299199633392818
56,9272,1673004777870,1673007960211,0.03683265046296296,262,20,0,0.34934809545296575
56,9273,1671875397048,1673845981164,22.80768652777778,43089,2210,0,0.3205795618497337
56,9274,1672046950870,1673758682313,19.811706516203703,5663,256,0,0.5908067717067976
56,9278,1672194637524,1672201367302,0.07789094907407407,15,1,0,0.42500000000000004
56,9282,1672124840885,1672129382145,0.05256087962962963,99,3,0,0.51925
56,9284,1672050408534,1672053903521,0.04045123842592593,24,2,0,0.48250000000000004
56,9288,1672107569057,1672112640099,0.05869261574074074,200,13,0,0.6759539832733211
56,9289,1673841871463,1673844272553,0.02779039351851852,77,6,0,0.4086520347222222
56,9292,1672227179615,1672227324103,0.0016723148148148148,12,1,0,0.42500000000000004
56,9294,1672025745995,1673845300030,21.05965318287037,8038,409,0,0.7539212544281662
56,9296,1672052664776,1672053185147,0.0060228125,2,0,0,0.5
56,9298,1672048336109,1673266877459,14.103487847222222,136,9,0,0.8062897555000001
56,9299,1672127984894,1672129773765,0.020704525462962965,251,6,0,0.39864786805555563
56,9300,1673007662773,1673843163612,9.670148599537036,874,49,0,0.5741781143831277
56,9302,1673490967212,1673494587629,0.041902974537037035,17,0,0,0.5
56,9306,1672053929880,1672129077263,0.8697613773148148,391,14,0,0.601965501035775
56,9310,1672124634803,1673694209036,18.1663684375,1185,69,0,0.757292624779217
56,9311,1672201538768,1672202359051,0.009494016203703704,2,0,0,0.5
56,9317,1672126716415,1672129658410,0.03405086805555556,137,7,0,0.6614949250000002
56,9319,1672024751732,1672053261199,0.32997068287037035,78,6,0,0.4997085625000001
56,9320,1672198071382,1672201391526,0.03842759259259259,6,1,0,0.42500000000000004
56,9323,1673084104480,1673089405221,0.061351168981481484,7,3,0,0.39709722222222227
56,9345,1673001877121,1673845063518,9.759101817129629,150,10,0,0.4940345509534724
56,9347,1673089223769,1673696072678,7.023714224537037,950,46,0,0.5511493968056824
56,9348,1671874034937,1673841362750,22.769997835648148,4130,211,0,0.7740417404700408
56,9349,1673610086676,1673783245642,2.004154699074074,2564,127,0,0.5716961118590611
56,9351,1672970575103,1673783373703,9.407391203703703,5119,257,0,0.5076387458775072
56,9354,1672049134986,1672053870647,0.05481089120370371,81,4,0,0.67195
56,9355,1672107708558,1673671476323,18.09916394675926,1675,81,0,0.7153901219684171
56,9360,1672106995134,1673844359367,20.108382326388888,9674,499,0,0.5693019107687456
56,9362,1671877578456,1671881422931,0.04449623842592593,100,10,0,0.5475873287312502
56,9365,1671877258567,1673783251965,22.060108773148148,7234,343,0,0.7846686270723912
56,9373,1673001363414,1673237611955,2.734358113425926,738,35,0,0.82235869854188
56,9378,1671880350510,1673844331412,22.731260439814815,7937,371,0,0.45676355564340587
56,9385,1672020337795,1673266468154,14.422805081018518,3989,207,0,0.7428625376667378
56,9386,1671876730572,1672130082732,2.9323166666666665,1091,58,0,0.44636351739157537
56,9387,1672970800116,1673845300030,10.121526782407408,2367,111,0,0.5135578822973484
56,9388,1672107128665,1673845439857,20.1193425,6789,369,0,0.4015638995493065
56,9395,1672126823723,1673845302597,19.889801782407407,11409,519,0,0.3729623302598661
56,9396,1672108094660,1672111793261,0.042807881944444445,42,2,0,0.4658333333333334
56,9402,1672122637299,1673783136921,19.218745625,2106,104,0,0.6385726847784311
56,9405,1671875975877,1673065304501,13.765377592592593,5192,288,0,0.26763320443927374
56,9406,1672107380600,1673065240526,11.08634173611111,3865,191,0,0.22576881354975842
56,9408,1671874032641,1673781643038,22.07882403935185,1788,85,0,0.6232744540201318
56,9413,1672047086857,1673844320156,20.801311331018518,4613,223,0,0.5297920794401473
56,9416,1673000068490,1673841962789,9.744146979166667,398,22,0,0.27822881478428724
56,9418,1671873729637,1673846372621,22.831516018518517,10611,561,0,0.35623958921522125
56,9421,1672111867685,1673783390062,19.34632380787037,3461,149,0,0.5966288254608626
56,9426,1672123661471,1673006659670,10.2198865625,200,12,0,0.5178801066799689
56,9428,1671878418018,1673618549664,20.140412569444443,2921,171,0,0.6541708891314553
56,9434,1671876568844,1673673103107,20.793220636574073,556,34,0,0.7086002512918317
56,9436,1672193508512,1672227298359,0.39108619212962964,188,12,0,0.48030929140219114
56,9439,1673234822478,1673236945740,0.02457479166666667,12,2,0,0.4658333333333334
56,9443,1673000561029,1673757559715,8.76155886574074,1277,73,0,0.4058556697993283
56,9452,1672047387689,1672049683145,0.026567777777777777,12,1,0,0.42500000000000004
56,9455,1672025421122,1672130102211,1.2115866782407407,1488,88,0,0.5129969227273117
56,9460,1672226380393,1672227167183,0.009106365740740741,19,2,0,0.48250000000000004
56,9463,1673230621438,1673237302451,0.07732653935185185,150,5,0,0.5654258333333334
56,9464,1672124788360,1673672511572,17.913463101851853,1117,51,0,0.3520109166087632
56,9470,1673003373909,1673844109408,9.73073494212963,4966,237,0,0.4774615387657596
56,9477,1671877596396,1672053929880,2.0408968055555556,344,23,0,0.6183652959223442
56,9483,1671876510145,1672113021241,2.7373969444444444,400,22,0,0.7584305200348331
56,9485,1672026110687,1673757676667,20.041272916666667,7005,353,0,0.434138817475687
56,9488,1673144398932,1673150970217,0.07605653935185185,200,10,0,0.45580751854606505
56,9489,1672051265751,1672129475814,0.9052090625,501,31,0,0.3774140889504365
56,9490,1672020952872,1673237929196,14.08537412037037,9129,447,0,0.19496025167219316
56,9493,1673057104547,1673845981164,9.130516400462962,16741,852,0,0.4529329165409902
56,9496,1673690396516,1673783070985,1.0726211689814815,53,2,0,0.3637500000000001
56,9500,1673004487872,1673089637871,0.9855323958333333,240,14,0,0.3399794204245971
56,9506,1672025218830,1672029508086,0.04964416666666667,161,8,0,0.4766510231250002
56,9507,1672106944963,1673843011091,20.093357962962962,7414,373,0,0.7182169822546893
56,9509,1672999698086,1673845572590,9.790214166666667,27792,1402,0,0.6063271649156085
56,9510,1672047495196,1673608879270,18.071574930555556,2678,150,0,0.7522134884217613
56,9522,1672050371093,1673844176266,20.76163394675926,6054,289,0,0.4139179096210004
56,9523,1672050354946,1673325385088,14.757293310185185,2669,119,0,0.5415208518752967
56,9525,1672107047615,1673845974041,20.12646326388889,23280,1189,0,0.15961371454649484
56,9526,1672051857838,1673845415128,20.758764930555557,48130,2435,0,0.40947410131939516
56,9528,1672047325584,1673065274065,11.781811122685186,1641,77,0,0.5945706599586771
56,9529,1672046943555,1673844277064,20.80247116898148,4997,247,0,0.27352687054761415
56,9531,1672051875998,1673844157934,20.744003888888887,1136,63,0,0.823808416748764
56,9532,1672970710620,1673843126308,10.097403796296296,26862,1364,0,0.5911114323275851
56,9535,1672052582150,1672113012896,0.6994299305555556,62,1,0,0.55
56,9536,1672053858168,1672053947241,0.0010309375,4,0,0,0.5
56,9539,1672129127118,1672129235974,0.0012599074074074075,2,1,0,0.42500000000000004
56,9542,1672127652408,1672130082343,0.028124247685185184,237,10,0,0.4687005853302084
56,9544,1672112093228,1672112971022,0.010159652777777778,11,0,0,0.5
56,9545,1673172261019,1673174970765,0.03136280092592593,3,0,0,0.5
56,9546,1672227484903,1673844758690,18.718446608796295,1156,57,0,0.6696765496398788
56,9547,1672128327386,1672129483586,0.013381944444444445,25,2,0,0.5950000000000001
56,9550,1672129037674,1672129037674,0.0,1,0,0,0.5
56,9551,1672127926376,1672129096257,0.013540289351851852,7,1,0,0.55
56,9552,1672127384453,1672129522650,0.024747650462962963,59,4,0,0.4271097222222223
56,9553,1672127311577,1672129268795,0.02265298611111111,34,1,0,0.55
56,9554,1672127914139,1672129478916,0.018110844907407407,15,0,0,0.5
56,9559,1673263022759,1673320999867,0.6710313425925926,107,7,0,0.6736449250000002
56,9560,1672126397825,1672129233466,0.03281991898148148,19,1,0,0.55
56,9563,1672107082390,1673845635941,20.122147581018517,31162,1630,0,0.45432835883924155
56,9564,1672127041953,1672128915699,0.021686875,4,0,0,0.5
56,9565,1672109845291,1673498162022,16.06848068287037,240,11,0,0.68912100359875
56,9568,1672112062412,1672129558775,0.2025042013888889,256,15,0,0.3817905431380895
56,9570,1672113016192,1672227722382,1.327617939814815,102,2,0,0.3637500000000001
56,9574,1672127906681,1672129676085,0.020479212962962963,95,6,0,0.41765578472222237
56,9575,1673603466118,1673607402788,0.04556331018518518,50,2,0,0.5950000000000001
56,9587,1672124818178,1672129098717,0.049543275462962964,100,4,0,0.4271097222222223
56,9588,1672219061665,1673845066090,18.81949565972222,13218,684,0,0.7742835490746572
56,9589,1672127426675,1673758154040,18.874159317129628,4340,215,0,0.45430519347953674
56,9590,1672127961287,1673782704075,19.15211560185185,2492,156,0,0.5814691610522716
56,9591,1672127907878,1672129155523,0.014440335648148148,5,1,0,0.42500000000000004
56,9593,1672127635704,1672129529413,0.02191792824074074,20,1,0,0.42500000000000004
56,9594,1672127721515,1672129547315,0.021131944444444443,13,0,0,0.5
56,9595,1672128017000,1672129098850,0.012521412037037037,7,0,0,0.5
56,9596,1672128185547,1672130085406,0.021989108796296297,17,1,0,0.55
56,9597,1672194588991,1672198301968,0.042974270833333335,44,2,0,0.4658333333333334
56,9598,1672128030698,1672129473005,0.016693368055555557,10,0,0,0.5
56,9600,1672128993721,1672129615622,0.007197928240740741,4,1,0,0.42500000000000004
56,9601,1672128346538,1672129669830,0.015315879629629629,34,1,0,0.55
56,9604,1672128038985,1672129664648,0.01881554398148148,25,1,0,0.55
56,9605,1673006516891,1673673693234,7.721948414351852,48,0,0,0.5
56,9606,1672128065775,1672129642590,0.01825017361111111,29,1,0,0.55
56,9607,1672128122499,1672128122499,0.0,1,0,0,0.5
56,9608,1672128139397,1672129392506,0.014503576388888889,17,1,0,0.55
56,9609,1672129107283,1672129564595,0.005292962962962963,29,2,0,0.4658333333333334
56,9611,1672128299194,1672129031491,0.008475659722222223,4,0,0,0.5
56,9613,1672128543154,1672129616910,0.012427731481481482,87,8,0,0.2205491274966243
56,9614,1672128476147,1672129432041,0.011063587962962963,10,0,0,0.5
56,9615,1672129059125,1672129296624,0.0027488310185185185,2,0,0,0.5
56,9616,1672128763482,1672129498799,0.008510613425925927,14,2,0,0.48250000000000004
56,9617,1672128880804,1672129321366,0.005099097222222222,16,1,0,0.55
56,9618,1672129151866,1672129447998,0.003427453703703704,6,0,0,0.5
56,9620,1672195508197,1672201442265,0.06868134259259259,99,4,0,0.3823562500000001
56,9621,1672129432561,1672129554929,0.0014162962962962964,9,0,0,0.5
56,9622,1672128898057,1672129625334,0.00841755787037037,28,1,0,0.42500000000000004
56,9623,1672128932442,1672129572363,0.007406493055555556,27,2,0,0.48250000000000004
56,9624,1672129470863,1672129470863,0.0,1,0,0,0.5
56,9625,1672129302965,1672129487762,0.0021388541666666665,2,0,0,0.5
56,9626,1672129385644,1672129549923,0.0019013773148148147,15,0,0,0.5
56,9628,1672129334339,1672129571500,0.0027449189814814814,41,1,0,0.55
56,9632,1672130146074,1672130146074,0.0,1,0,0,0.5
56,9640,1672130158315,1672130212987,0.0006327777777777778,3,1,0,0.55
56,9648,1672221111159,1672227473340,0.07363635416666667,128,10,0,0.29194590153409294
56,9651,1672227444076,1673784177873,18.017752280092594,265,13,0,0.46921847532093297
56,9652,1673616132997,1673619697685,0.04125796296296296,129,5,0,0.704755
56,9656,1673057163373,1673756889544,8.098682534722222,1394,67,0,0.5655013397906246
56,9657,1673000956328,1673609654041,7.045112418981481,276,20,0,0.6439101569461523
56,9660,1672970765610,1673782604060,9.396278356481481,1595,87,0,0.5197325723123749
56,9663,1672226202996,1672227386298,0.013695625,91,5,0,0.23951770254629637
56,9665,1672224012080,1673843658970,18.745913078703705,48,0,0,0.5
56,9672,1673667043599,1673672619168,0.06453204861111111,31,0,0,0.5
56,9674,1672194452706,1672199763058,0.06146240740740741,100,8,0,0.7847663950000001
56,9677,1672227040938,1673757798562,17.71710212962963,294,19,0,0.633759030857005
56,9679,1672999915138,1673845378737,9.78545832175926,17171,836,0,0.31968098790615573
56,9684,1672224174924,1672227884151,0.04293086805555556,32,2,0,0.3637500000000001
56,9687,1672970704370,1673325194566,4.102895787037037,457,14,0,0.4447063404715609
56,9688,1672194598936,1672201367302,0.07833756944444445,98,7,0,0.5139213208333334
56,9693,1673086096690,1673608151504,6.042301087962963,29,2,0,0.4658333333333334
56,9712,1672999654393,1673844790082,9.78166306712963,15075,706,0,0.6611746918851548
56,9765,1672202305761,1673064864166,9.983314872685185,55,4,0,0.35207847222222227
56,9783,1673000321301,1673844794253,9.7739925,12624,595,0,0.2720492733155501
56,9803,1672218849844,1673845114951,18.8225128125,4715,250,0,0.3604927719855765
56,9805,1673431296944,1673845996910,4.799768125,13312,681,0,0.5150775008615787
56,9810,1672970834052,1673501116303,6.137526053240741,8453,450,0,0.17969234501490364
56,9813,1672223186759,1672227022706,0.04439753472222222,12,0,0,0.5
56,9816,1672219888589,1672228037048,0.09431086805555555,2180,110,0,0.29460371419477765
56,9823,1672221464051,1672227212244,0.06653001157407408,100,3,0,0.4107083333333334
56,9824,1672222065428,1672227442119,0.06223021990740741,100,1,0,0.55
56,9825,1672221745667,1672227850189,0.07065418981481482,100,4,0,0.27287881944444453
56,9826,1672221807947,1672228029421,0.07200780092592593,100,8,0,0.17185193605032048
56,9827,1672221798156,1672227967644,0.07140611111111111,100,7,0,0.6243007375
56,9829,1672221549033,1672227756936,0.07185072916666667,34,1,0,0.42500000000000004
56,9870,1673001725276,1673498671314,5.751690254629629,242,8,0,0.6241266887500002
56,9896,1672224655139,1672228019488,0.038939224537037034,76,2,0,0.3637500000000001
56,9908,1673088966926,1673089608945,0.007430775462962963,12,0,0,0.5
56,9917,1672225135614,1672227444076,0.026718310185185185,19,1,0,0.55
56,9918,1672225180974,1672227795540,0.030261180555555555,91,8,0,0.274117740539159
56,9919,1672225125681,1672225125681,0.0,1,0,0,0.5
56,9920,1673601287752,1673784363064,2.118927222222222,554,30,0,0.5980147744724204
56,9938,1672227835267,1672227928854,0.0010831828703703704,3,1,0,0.42500000000000004
56,9953,1673001335397,1673697489416,8.057338182870371,1011,58,0,0.18376282212565953
56,9954,1673057464211,1673782395389,8.390407152777778,200,5,0,0.4291206250000001
56,9961,1673088564062,1673090204971,0.018992002314814814,10,1,0,0.42500000000000004
56,9967,1673493817362,1673783021295,3.3472677430555557,752,32,0,0.5410944358627419
56,9970,1673000319825,1673673955813,7.796712824074074,5410,272,0,0.4755080742730664
56,9973,1673687315574,1673783138796,1.1090650694444444,2059,101,0,0.4390703177629765
56,9975,1673229926585,1673237669271,0.08961442129629629,500,22,0,0.4109500327209908
56,9978,1673498873644,1673695866804,2.280013425925926,126,5,0,0.52267375
56,9993,1673000196512,1673438807016,5.076510462962963,483,23,0,0.7793399373355614
56,10000,1672970681280,1673845985145,10.130831770833334,16868,826,0,0.3897581298529384
56,10001,1673498361166,1673757334622,2.997377962962963,101,11,0,0.6163598046081252
56,10013,1673003594944,1673843891082,9.72564974537037,3855,200,0,0.21255713328926978
56,10014,1672970788312,1673784574738,9.418824375,22596,1117,0,0.48576643705476996
56,10016,1672970681280,1673673509617,8.134587233796296,2899,142,0,0.4741789325530606
56,10018,1673057182060,1673844535462,9.112886597222221,3894,184,0,0.560578864681111
56,10019,1672970630303,1673784739071,9.422555185185185,2165,108,0,0.3489241909500559
56,10021,1672970675425,1673846372621,10.135384212962963,28341,1368,0,0.7845532863810489
56,10022,1672999796390,1673785174468,9.090024050925926,8969,446,0,0.460217566470562
56,10023,1673145797280,1673151298738,0.06367428240740741,221,10,0,0.5795344762208335
56,10026,1673665240702,1673671133890,0.06820819444444444,10,2,0,0.3637500000000001
56,10027,1673265282315,1673498633113,2.700819421296296,427,24,0,0.8543494784308574
56,10028,1672970629787,1673757768869,9.110406041666666,3382,187,0,0.48665784472873724
56,10029,1672970770924,1673499752216,6.122468657407407,7695,434,0,0.3775414132489759
56,13454,1673320485903,1673843011407,6.047748888888889,1188,58,0,0.2586781526006245
56,13481,1673601164410,1673757305046,1.807183287037037,998,47,0,0.61000021501148
56,13495,1673058003181,1673841972170,9.073715150462963,2400,107,0,0.17272211382890812
56,13498,1673498640511,1673499291091,0.007529861111111111,76,4,0,0.44072083333333334
56,13504,1672999771378,1673845572590,9.78936587962963,4702,237,0,0.9146916568166608
56,13508,1673006950550,1673784356539,8.997754502314814,653,36,0,0.7075315849921546
56,13511,1673001577738,1673616612244,7.118454930555555,201,16,0,0.7298772268272762
56,13515,1672970670195,1673497565445,6.0983246527777775,33067,1583,0,0.256585191126258
56,13518,1672970582785,1673499964611,6.127104467592592,8702,415,0,0.2634744255466017
56,13521,1672970782740,1673500140773,6.126829085648148,8591,448,0,0.2691427457518015
56,13522,1672970714937,1673845333334,10.122898113425926,12542,619,0,0.3970508979505209
56,13525,1673083922319,1673090137401,0.07193381944444445,85,3,0,0.6355000000000001
56,13526,1672970705026,1673843536225,10.10221295138889,5837,304,0,0.5081396105085791
56,13527,1673670967831,1673673857190,0.033441655092592594,73,4,0,0.44072083333333334
56,13530,1672999826608,1673845347072,9.786116481481482,6068,297,0,0.4570297458243158
56,13531,1672970841642,1673845418170,10.122413518518519,23610,1230,0,0.3796808793142518
56,13533,1673231715669,1673325180085,1.0817640740740742,678,31,0,0.730442574959926
56,13534,1673490685742,1673782572281,3.378316423611111,311,14,0,0.7723726252274856
56,13543,1673147758990,1673697484814,6.362567407407408,1334,78,0,0.6548965882025681
56,13555,1673001069896,1673610020386,7.048038078703704,9953,513,0,0.8196890308440465
56,13556,1673438175646,1673844725387,4.7054368171296295,3871,207,0,0.393611141044012
56,13565,1673062033077,1673697931005,7.359929722222223,2041,81,0,0.5123526663298021
56,13567,1672999817043,1673268005552,3.1040336689814816,8515,411,0,0.16743742662532166
56,13568,1672970850910,1673840441900,10.064710532407407,1791,83,0,0.32870763353883586
56,13569,1673057079249,1673175875580,1.3749575347222223,352,20,0,0.6371950907500841
56,13570,1673152399625,1673152601537,0.0023369444444444444,28,3,0,0.5342500000000001
56,13573,1673057046136,1673845415128,9.124641111111112,4610,230,0,0.6790767751175376
56,13576,1673005918648,1673758777011,8.713638460648149,4331,232,0,0.7293485933745502
56,13577,1673609837047,1673696634372,1.0045986689814814,155,8,0,0.6520291637500001
56,13578,1672970830974,1673845336328,10.12158974537037,7300,382,0,0.6086042776317735
56,13579,1673065670393,1673842400482,8.989931585648149,1062,51,0,0.5911526214179905
56,13581,1673057054212,1673776201207,8.323460590277778,637,28,0,0.7772126828962154
56,13587,1673057581436,1673757702324,8.103251018518518,2378,119,0,0.6591117810472255
56,13592,1673000834388,1673845555178,9.77686099537037,18911,932,0,0.5517206767441233
56,13595,1672970726034,1673064506333,1.0854201273148147,765,39,0,0.5351762220791941
56,13596,1673000007198,1673845415128,9.784814004629629,21005,1004,0,0.360390114000323
56,13597,1673000297945,1673845981164,9.788000219907408,21395,1075,0,0.35638259668353867
56,13598,1673057121387,1673781297965,8.381673356481482,232,14,0,0.6045863661601499
56,13600,1673000569673,1673846336194,9.788964363425926,55219,2746,0,0.6166247290435544
56,13602,1673001518342,1673844788298,9.760068935185185,18721,980,0,0.37959633759241507
56,13604,1673007553301,1673007905093,0.004071666666666667,20,1,0,0.55
56,13608,1672970813546,1673004323257,0.3878438773148148,21,1,0,0.55
56,13609,1673002060292,1673845423502,9.761148263888888,23503,1180,0,0.3663980675146713
56,13610,1673322623874,1673844136339,6.036023900462963,1961,93,0,0.7549168027558947
56,13611,1673088467890,1673499220241,4.754078136574074,37,3,0,0.39709722222222227
56,13612,1673000709501,1673843508434,9.754617280092592,1023,49,0,0.13829987796537774
56,13613,1673783070263,1673783302774,0.002691099537037037,10,0,0,0.5
56,13616,1673002009725,1673619036660,7.141515451388889,5963,298,0,0.6076313809588564
56,13618,1673000097249,1673617808437,7.149435046296296,1830,87,0,0.5777884523910107
56,13619,1673085754180,1673089429813,0.04254204861111111,29,5,0,0.5654258333333334
56,13623,1673004596459,1673237175291,2.6918846296296297,1269,59,0,0.5159357383031455
56,13625,1673058049918,1673266551099,2.413208113425926,234,10,0,0.4940345509534724
56,13630,1673004452210,1673844884075,9.727220659722223,10041,509,0,0.6033650180822545
56,13631,1673004318995,1673008410434,0.047354618055555554,100,4,0,0.4271097222222223
56,13632,1673004693205,1673237552010,2.6951250578703703,1180,73,0,0.4730638376288708
56,13633,1673058170854,1673845318692,9.11050738425926,7700,415,0,0.5404052233368232
56,13635,1673260497251,1673783462491,6.052838425925926,692,39,0,0.38928650056117453
56,13640,1673062764354,1673438402200,4.34766025462963,393,22,0,0.41594726190898595
56,13641,1673082249825,1673845996910,8.839665335648148,19678,967,0,0.23366078679311214
56,13642,1673062759285,1673499934753,5.05990125,14090,714,0,0.46649813540256896
56,13643,1673062436603,1673845281478,9.06070457175926,11113,532,0,0.347767207272246
56,13644,1673082260703,1673846336194,8.843466331018519,19318,941,0,0.2390968681893834
56,13645,1673169865079,1673499531971,3.815589027777778,577,31,0,0.48047779421292053
56,13647,1673082453204,1673757162644,7.809137037037037,1254,55,0,0.6214488212770005
56,13648,1673171998391,1673697311707,6.0800152314814815,723,32,0,0.729611979755538
56,13650,1673082473211,1673089808838,0.08490309027777777,400,31,0,0.31611258916094503
56,13651,1673083600033,1673843940069,8.800231898148148,635,40,0,0.5822134309677119
56,13652,1673086514367,1673089677930,0.0366153125,3,0,0,0.5
56,13654,1673143958622,1673845392443,8.118447002314815,8496,440,0,0.5599669439899166
56,13657,1673144440303,1673237347140,1.0753106134259258,139,4,0,0.67195
56,13662,1673318950526,1673758790935,5.090745474537037,351,12,0,0.33853084351234075
56,13664,1673265028647,1673267926978,0.03354549768518519,122,10,0,0.8256607799500002
56,13667,1673173878940,1673324416310,1.7423306712962963,1512,89,0,0.5407686355797995
56,13671,1673230390111,1673321594705,1.055608726851852,1849,80,0,0.3256846509179835
56,13672,1673233062019,1673844297849,7.074488773148148,9121,453,0,0.5038279430100321
56,13674,1673236882703,1673236882703,0.0,1,0,0,0.5
56,13676,1673232210776,1673236991144,0.055328333333333334,13,1,0,0.55
56,13677,1673234109663,1673236576499,0.028551342592592593,2,0,0,0.5
56,13678,1673232138586,1673237023571,0.05653917824074074,12,2,0,0.5950000000000001
56,13680,1673232176494,1673237092691,0.05690042824074074,6,1,0,0.55
56,13684,1673757853134,1673845981164,1.0200003472222223,323,19,0,0.22220337393839903
56,13686,1673494061482,1673609327668,1.334099375,70,1,0,0.55
56,13687,1673430444766,1673438156330,0.08925421296296296,100,3,0,0.6355000000000001
56,13690,1673263363205,1673324367457,0.7060677314814815,387,23,0,0.8878669530072505
56,13691,1673260984255,1673324575974,0.7360152662037037,488,24,0,0.3964855838014217
56,13693,1673320516582,1673324168099,0.04226292824074074,9,2,0,0.5950000000000001
56,13695,1673259887256,1673324426868,0.74698625,230,9,0,0.6575592225833335
56,13701,1673263363606,1673439706296,2.0410033564814816,116,7,0,0.6329949250000002
56,13704,1673323191725,1673673306193,4.052250787037037,381,15,0,0.805049502342615
56,13708,1673261506022,1673267446989,0.06876119212962963,35,4,0,0.67195
56,13710,1673262678975,1673266804635,0.04775069444444444,21,1,0,0.55
56,13711,1673434077983,1673439640580,0.06438190972222223,209,9,0,0.5912762698750001
56,13714,1673265728367,1673498811237,2.697718402777778,4237,202,0,0.26444437138233223
56,13716,1673320388796,1673324886732,0.05205944444444444,230,7,0,0.39179268020833335
56,13717,1673321512545,1673324476969,0.034310462962962966,64,6,0,0.5153172083333334
56,13722,1673434268409,1673844355341,4.746376527777778,149,3,0,0.51925
56,13732,1673319935001,1673324307200,0.05060415509259259,33,2,0,0.5950000000000001
56,13733,1673318862376,1673321191991,0.026963136574074075,2,0,0,0.5
56,13736,1673318228060,1673325207636,0.08078212962962963,245,11,0,0.7076229702925001
56,13739,1673322798387,1673496228008,2.0072872800925925,57,2,0,0.5950000000000001
56,13741,1673434207002,1673439078982,0.05638865740740741,29,4,0,0.44072083333333334
56,13743,1673321706979,1673324545156,0.03284927083333333,2,0,0,0.5
56,13744,1673434350938,1673618277731,2.128782326388889,560,23,0,0.7026496254995568
56,13745,1673320982954,1673324604649,0.0419177662037037,60,1,0,0.55
56,13747,1673322028132,1673323905766,0.021731875,3,0,0,0.5
56,13749,1673322764714,1673324059211,0.014982604166666667,3,0,0,0.5
56,13754,1673491487521,1673757846065,3.0828535185185184,243,16,0,0.5953903656135341
56,13769,1673752139090,1673844335370,1.067086574074074,35,4,0,0.5356583333333335
56,13771,1673430344029,1673674213734,2.8225660300925925,2020,87,0,0.34502830324527856
56,13772,1673431546138,1673697866058,3.0824064814814816,8198,417,0,0.2388709646423532
56,13775,1673430614084,1673671030728,2.782600046296296,779,34,0,0.397377562838231
56,13780,1673431123228,1673499053296,0.7862276388888889,1525,68,0,0.7870247156588185
56,13784,1673438449480,1673781696026,3.972760949074074,413,21,0,0.8479918051495329
56,13785,1673438159264,1673498200785,0.694925011574074,134,7,0,0.6736449250000002
56,13786,1673433855410,1673844763348,4.755878912037037,3579,167,0,0.48751927844495546
56,13788,1673663079135,1673844840723,2.1037220833333334,419,20,0,0.8118697236676653
56,13790,1673430620224,1673497776416,0.7772707407407408,337,18,0,0.4900073734658107
56,13794,1673489338870,1673843674932,4.101111828703703,3510,172,0,0.2765186498460084
56,13796,1673489635508,1673845558226,4.119475902777777,3661,165,0,0.7377943743594106
56,13801,1673492155009,1673497291701,0.0594524537037037,4,0,0,0.5
56,13805,1673492775460,1673495245635,0.028589988425925927,4,0,0,0.5
56,13807,1673493037647,1673497468773,0.051286180555555554,4,1,0,0.42500000000000004
56,13808,1673493352425,1673496352834,0.034726956018518516,4,0,0,0.5
56,13810,1673493556463,1673497443770,0.04499197916666667,4,0,0,0.5
56,13811,1673493726514,1673497124460,0.0393280787037037,5,0,0,0.5
56,13812,1673494186952,1673497501084,0.03835800925925926,3,1,0,0.55
56,13813,1673494564708,1673496531204,0.022760370370370372,4,0,0,0.5
56,13814,1673495039356,1673498166445,0.03619315972222222,4,0,0,0.5
56,13815,1673497019871,1673497713158,0.008024155092592593,2,0,0,0.5
56,13816,1673495925729,1673497240407,0.015216180555555556,4,0,0,0.5
56,13817,1673496490084,1673498640511,0.02488920138888889,3,0,0,0.5
56,13818,1673495702023,1673497410721,0.019776597222222223,4,0,0,0.5
56,13824,1673500331439,1673500343509,0.00013969907407407407,3,0,0,0.5
56,13836,1673601273605,1673845256278,2.823873530092593,10069,513,0,0.13011867387769757
56,13837,1673601425269,1673845414588,2.823950451388889,9924,490,0,0.43655107433721296
56,13839,1673606123536,1673784302833,2.0622603819444443,4215,209,0,0.3341136158957232
56,13841,1673603027109,1673845322144,2.8043406828703703,11857,609,0,0.2567535096878367
56,13842,1673601247968,1673843077790,2.798956273148148,5091,266,0,0.30324934329436454
56,13845,1673603047984,1673845302597,2.803872835648148,17649,862,0,0.6480252934265808
56,13850,1673691831762,1673696183194,0.050363796296296295,66,3,0,0.6355000000000001
56,13851,1673781646894,1673845318692,0.7369421064814815,143,7,0,0.5787854875
56,13852,1673777195157,1673782666818,0.06332940972222222,100,8,0,0.5239297731250001
56,13853,1673608822624,1673612280303,0.040019432870370374,150,6,0,0.37377767708333337
56,13854,1673604997324,1673755883679,1.746369849537037,103,5,0,0.4541209722222223
56,13857,1673601340452,1673608182876,0.07919472222222222,690,38,0,0.33974749497034035
56,13858,1673601386112,1673844314225,2.811667974537037,1931,104,0,0.49108144695546574
56,13861,1673608898895,1673673359068,0.7460668171296296,434,14,0,0.3289605885645645
56,13864,1673602562802,1673619678417,0.19809739583333333,184,8,0,0.6696954325000002
56,13865,1673602996352,1673695712046,1.0730983101851852,1027,44,0,0.5632102886392585
56,13866,1673607238839,1673618721984,0.13290677083333333,56,3,0,0.4107083333333334
56,13867,1673605019502,1673674196333,0.8006577662037037,2027,94,0,0.3393572883602638
56,13868,1673605323191,1673608775768,0.03996038194444444,114,3,0,0.5342500000000001
56,13869,1673611756422,1673845117124,2.700934050925926,523,33,0,0.40728069640260356
56,13870,1673606160532,1673783480108,2.0523099074074076,2273,124,0,0.4599260589195261
56,13872,1673612289610,1673618558553,0.07255721064814814,73,7,0,0.44561242847222243
56,13874,1673612717617,1673845981164,2.699809571759259,3702,161,0,0.2777040665182368
56,13875,1673614301558,1673618874851,0.052931631944444446,80,2,0,0.48250000000000004
56,13876,1673613633078,1673619825613,0.0716728587962963,277,16,0,0.4911132764531173
56,13877,1673615719037,1673619666567,0.04568900462962963,219,11,0,0.4738528971620314
56,13878,1673613997198,1673618870522,0.05640421296296296,126,3,0,0.6355000000000001
56,13879,1673614589524,1673619949567,0.062037534722222225,274,12,0,0.3931646509151381
56,13880,1673617629046,1673845439857,2.636699201388889,4296,218,0,0.40838784373765535
56,13881,1673778601701,1673784333352,0.06633855324074074,67,3,0,0.5025833333333334
56,13882,1673618060952,1673618881008,0.00949138888888889,244,13,0,0.2595907237607414
56,13883,1673618402516,1673696928625,0.9088670023148148,197,11,0,0.595377189983125
56,13884,1673690217856,1673696415064,0.07172694444444444,292,6,0,0.6604682500000002
56,13887,1673664214848,1673842959118,2.0687994212962963,2432,132,0,0.7924753362046969
56,13889,1673667755869,1673673865664,0.07071521990740741,33,4,0,0.5356583333333335
56,13890,1673671202437,1673696926461,0.29773175925925927,109,5,0,0.4541209722222223
56,13892,1673688496952,1673783485319,1.0994023958333334,673,40,0,0.6825823785769811
56,13893,1673664034577,1673669106655,0.05870460648148148,100,8,0,0.4452603496875001
56,13897,1673666666772,1673672310833,0.0653247800925926,63,7,0,0.3688679649305557
56,13898,1673688240893,1673696713960,0.0980679050925926,300,14,0,0.5809092718538997
56,13900,1673687242800,1673691072616,0.044326574074074074,18,1,0,0.42500000000000004
56,13902,1673688816965,1673845287272,1.810998923611111,2483,128,0,0.7266083981248909
56,13903,1673691094062,1673844483038,1.7753353703703705,3025,152,0,0.31610213237621665
56,13904,1673692011680,1673696633046,0.053488032407407404,24,3,0,0.6355000000000001
56,13907,1673749292866,1673783447084,0.39530344907407405,426,19,0,0.47940383668970943
56,13909,1673836547032,1673844131118,0.08777877314814815,220,13,0,0.37187798228022156
56,13910,1673834751501,1673844827407,0.1166192824074074,1006,52,0,0.42214259609286275
56,13915,1673751065895,1673845423502,1.0921019328703703,6043,297,0,0.4839380542011219
56,13916,1673756314085,1673844790082,1.0240277430555556,1800,96,0,0.6787923775849225
56,13920,1673782254344,1673783344086,0.01261275462962963,9,1,0,0.42500000000000004
56,13921,1673835433179,1673844748989,0.107821875,699,40,0,0.1342347246647102
56,13925,1673844859386,1673844859386,0.0,1,0,0,0.5
69,3,1661777390430,1662089221135,3.6091516782407407,7,0,0,0.5
69,5,1661774671999,1661851474185,0.8889141898148148,10,2,0,0.5950000000000001
69,21,1661777237788,1661840957472,0.7374963425925926,10,0,0,0.5
69,23,1661774649458,1661841298403,0.7713998263888889,10,1,0,0.42500000000000004
69,40,1661945179894,1661945179894,0.0,1,0,0,0.5
69,41,1661956564695,1661956774158,0.002424340277777778,4,1,0,0.42500000000000004
69,49,1661774652049,1661826430586,0.5992886226851852,2,0,0,0.5
69,54,1661746966368,1662109103272,4.191399351851852,426,24,0,0.6469815660723074
69,58,1662018944308,1662031308161,0.14310015046296296,10,0,0,0.5
69,63,1661834630821,1662106819375,3.150330486111111,264,12,0,0.5969159324868439
69,64,1661780201825,1661944568121,1.902387685185185,22,1,0,0.55
69,68,1661940703536,1662000204543,0.6886690625,5,0,0,0.5
69,71,1661821529555,1661939658704,1.3672355208333333,8,0,0,0.5
69,81,1661851462838,1662108885220,2.9794257175925924,5,0,0,0.5
69,99,1661780776385,1662106982582,3.7755346875,73,1,0,0.55
69,113,1662011233624,1662028757422,0.20282173611111112,10,0,0,0.5
69,114,1661774182370,1661847268382,0.8459029166666666,10,0,0,0.5
69,126,1661778950914,1662032013718,2.928967638888889,88,6,0,0.6604682500000002
69,128,1661742868164,1662041398941,3.455217326388889,166,6,0,0.7342795000000001
69,150,1661780286699,1662038121153,2.9841950694444446,70,5,0,0.31531315972222224
69,164,1661780684108,1662103883900,3.7407383333333333,128,2,0,0.48250000000000004
69,209,1661774489535,1661953916601,2.0767021527777776,5,0,0,0.5
69,229,1661942568152,1661945382372,0.03257199074074074,10,2,0,0.4658333333333334
69,248,1661921287716,1661955422067,0.39507350694444443,5,0,0,0.5
69,252,1661742595887,1662107371820,4.221943668981481,121,6,0,0.47843109722222227
69,263,1661749896643,1662106606900,4.1285909375,691,22,0,0.5731826536705896
69,272,1661780201825,1662037822548,2.9817213310185187,144,6,0,0.7342795000000001
69,278,1661741607620,1662039939084,3.452910462962963,151,9,0,0.5049821708125002
69,288,1661774568129,1661917618471,1.6556752546296296,40,1,0,0.55
69,294,1661780201825,1662031822554,2.9122769560185184,26,1,0,0.42500000000000004
69,300,1661744224895,1662032586370,3.337517071759259,17,1,0,0.55
69,301,1661819694173,1662106219238,3.316262326388889,21,1,0,0.55
69,302,1661826743523,1661941728558,1.3308453125,10,0,0,0.5
69,314,1661782247566,1662107190587,3.7609145949074074,214,11,0,0.5763128659159377
69,315,1661746515606,1662109203424,4.197775671296296,224,11,0,0.4732766519422396
69,319,1661780776385,1661944858127,1.8990942361111112,20,1,0,0.55
69,325,1661774489535,1662109203424,3.8740033449074076,196,10,0,0.6819996203875003
69,339,1661781914075,1661940083222,1.8306614236111112,3,0,0,0.5
69,350,1661945317487,1662031472604,0.9971657060185185,24,2,0,0.3637500000000001
69,355,1661744939958,1661942568152,2.2873633564814817,88,0,0,0.5
69,365,1661751655631,1662031160022,3.235004525462963,7,0,0,0.5
69,368,1661827815718,1662092406034,3.0623879166666668,225,11,0,0.68912100359875
69,369,1661774260611,1661852439975,0.90485375,3,0,0,0.5
69,372,1661749896643,1662109203424,4.1586432986111115,816,40,0,0.521470935181534
69,375,1661916064072,1662106406762,2.2030403935185183,586,27,0,0.6224153427011764
69,376,1661741607620,1662089221135,4.023304571759259,36,1,0,0.55
69,379,1661750638905,1662031565404,3.2514641087962963,31,2,0,0.5950000000000001
69,380,1661916518828,1662095991878,2.077234375,75,6,0,0.37377767708333337
69,381,1661944275920,1662097116282,1.7689856712962964,91,3,0,0.6355000000000001
69,382,1661749505361,1662109147416,4.1625237847222225,337,11,0,0.6554337785987503
69,384,1662031565404,1662096855651,0.7556741550925926,60,2,0,0.4658333333333334
69,386,1662085994436,1662092888919,0.07979725694444445,10,0,0,0.5
69,388,1661781029610,1662106982582,3.7726038425925927,175,7,0,0.4137369927083334
69,389,1661913284997,1661988549293,0.871114537037037,3,0,0,0.5
69,391,1662028919030,1662098154438,0.8013357407407408,50,3,0,0.51925
69,398,1662073511100,1662099603398,0.3019941898148148,10,0,0,0.5
69,399,1662028423280,1662097785390,0.802802199074074,60,2,0,0.4658333333333334
69,403,1662082839073,1662093752344,0.12631100694444444,80,4,0,0.3656895833333334
69,407,1661819208692,1661836284661,0.19763853009259258,11,1,0,0.42500000000000004
69,408,1661867560479,1662106570802,2.7663231828703703,74,5,0,0.4799820833333333
69,414,1661783913471,1662031633573,2.867130810185185,9,0,0,0.5
69,422,1661853022955,1661955303396,1.183801400462963,15,0,0,0.5
69,424,1662039347740,1662106847159,0.781243275462963,158,6,0,0.4222631458333334
69,425,1662028019252,1662099548673,0.8278868171296296,68,3,0,0.5025833333333334
69,426,1662031533520,1662106672637,0.8696657060185186,410,20,0,0.6644785153249522
69,427,1662084252835,1662088385584,0.04783274305555556,10,1,0,0.55
69,428,1662084252835,1662090841217,0.0762544212962963,40,2,0,0.3637500000000001
69,429,1661900866679,1662099908937,2.303729837962963,49,2,0,0.48250000000000004
69,430,1662029072052,1662099548673,0.8157016319444444,29,3,0,0.51925
69,431,1661922551216,1662033364170,1.282557337962963,44,3,0,0.4273750000000001
69,432,1662029629984,1662106617888,0.8910637037037037,299,17,0,0.5176477793041012
69,433,1661742595887,1662025680770,3.2764454050925926,59,3,0,0.5342500000000001
69,434,1661856416118,1662109203424,2.9257790046296295,371,14,0,0.6594996945430733
69,435,1662028223302,1662106750286,0.9088771296296296,21,1,0,0.42500000000000004
69,436,1662036627342,1662087688534,0.5909860185185185,70,4,0,0.34096273148148154
69,437,1662030447917,1662035287318,0.05601158564814815,49,3,0,0.4273750000000001
69,439,1661749505361,1662101757819,4.076996041666667,405,18,0,0.5410824524902035
69,440,1661744224895,1662109147416,4.223640289351851,253,15,0,0.6203340427468751
69,441,1661746515606,1662109203424,4.197775671296296,2262,106,0,0.4638740895706326
69,444,1661850598710,1662039841760,2.1903130787037037,29,3,0,0.6355000000000001
69,447,1661742868164,1662034609097,3.3766311689814814,617,35,0,0.5001304569112832
69,452,1661742458571,1662101757819,4.158556111111111,1439,70,0,0.6027042362347392
69,456,1661780201825,1662104976984,3.758971747685185,1262,64,0,0.4354623507677285
69,458,1661742458571,1662039165174,3.4341042013888887,131,6,0,0.6373832500000002
69,463,1661780201825,1662089504404,3.579890960648148,24,0,0,0.5
69,465,1662033489428,1662088223891,0.6335007291666667,100,5,0,0.4910070833333335
69,466,1662029620513,1662108885220,0.9174155902777777,313,11,0,0.5089203592909378
69,485,1662038373177,1662089038781,0.5864074537037037,166,6,0,0.2650945588348766
69,489,1661776902776,1662087873136,3.5991939814814815,100,10,0,0.38067855733671885
69,498,1661942184427,1661942184427,0.0,1,0,0,0.5
69,513,1661942835800,1661942835800,0.0,1,0,0,0.5
69,514,1661834733329,1661943624472,1.2603141550925927,9,0,0,0.5
69,515,1661941035677,1661941035677,0.0,1,0,0,0.5
69,517,1661826621530,1661826621530,0.0,1,0,0,0.5
69,523,1661826821988,1661826821988,0.0,1,1,0,0.55
69,526,1661827107644,1662025064071,2.291162349537037,20,0,0,0.5
69,529,1661866143868,1661944188160,0.9032904166666667,3,0,0,0.5
69,558,1661921530732,1662023419363,1.1792665625,10,2,0,0.5950000000000001
69,577,1661826821988,1662000204543,2.006742534722222,8,1,0,0.55
69,580,1661943326019,1661943326019,0.0,1,0,0,0.5
69,594,1661825898606,1661846421815,0.2375371412037037,10,1,0,0.55
69,598,1662038426578,1662104026746,0.7592612037037038,131,5,0,0.6227425000000002
69,603,1661996762059,1662033226566,0.42204290509259257,10,0,0,0.5
69,605,1661836284661,1661836284661,0.0,1,0,0,0.5
69,607,1661784754383,1661953734057,1.9557832638888888,21,0,0,0.5
69,608,1661846653279,1662038121153,2.2160633564814813,57,4,0,0.67195
69,609,1662093656680,1662106451345,0.14808640046296295,10,0,0,0.5
69,624,1661921362700,1662107042972,2.149077222222222,244,9,0,0.2560952311628569
69,626,1661781495955,1661956078352,2.0206295949074073,36,1,0,0.42500000000000004
69,631,1661780684108,1662106111228,3.7665175925925927,102,4,0,0.35207847222222227
69,636,1661932859977,1661932859977,0.0,1,1,0,0.55
69,640,1662022766681,1662033787410,0.1275547337962963,30,1,0,0.42500000000000004
69,648,1661873829973,1661954520669,0.9339200925925926,24,2,0,0.5950000000000001
69,650,1661742595887,1662087193486,3.988398136574074,218,11,0,0.3170016324942506
69,651,1661741607620,1662034609097,3.391220798611111,204,9,0,0.5004656666458334
69,656,1661873885851,1662081941418,2.4080505439814814,118,5,0,0.3654729398148149
69,657,1661782524338,1662013280506,2.6707889814814814,20,1,0,0.55
69,665,1662084354812,1662088747024,0.05083578703703704,10,0,0,0.5
69,668,1662029629984,1662099603398,0.8098774768518519,104,3,0,0.4273750000000001
69,670,1661954623325,1662109203424,1.7891215162037037,300,15,0,0.44823073544095066
69,671,1661958283457,1662000382464,0.48725702546296296,3,0,0,0.5
69,673,1661956321729,1662090841217,1.5569385185185185,118,5,0,0.41245395833333337
69,676,1661830488080,1662038121153,2.4031605671296297,29,2,0,0.4658333333333334
69,677,1661744986061,1662109147416,4.214830497685186,22,1,0,0.55
69,683,1661863757860,1662108885220,2.8371222222222223,42,0,0,0.5
69,691,1661782247566,1662104698831,3.7320748263888888,69,3,0,0.5342500000000001
69,693,1661746966368,1662097715612,4.059597731481482,209,13,0,0.475276670455308
69,694,1661742458571,1661917992230,2.0316395717592592,60,3,0,0.5342500000000001
69,695,1661749505361,1662036815154,3.3253448263888887,135,3,0,0.5025833333333334
69,696,1661750638905,1662032814426,3.2659203819444445,276,18,0,0.18846253337029686
69,701,1661774260611,1661831516587,0.6626849074074074,10,0,0,0.5
69,706,1661783314294,1661866854150,0.9668964814814814,6,0,0,0.5
69,707,1661788558774,1661936086364,1.7074952546296296,8,0,0,0.5
69,714,1661998187660,1662031308161,0.38333913194444447,20,0,0,0.5
69,716,1661998686829,1662040296359,0.4815917824074074,30,3,0,0.4107083333333334
69,717,1662000133703,1662098006443,1.1327863425925926,10,0,0,0.5
69,719,1662021654288,1662038756701,0.1979445949074074,43,2,0,0.48250000000000004
69,720,1662017338301,1662106425552,1.0311024421296295,40,0,0,0.5
69,721,1662017709467,1662033994401,0.1884830324074074,20,1,0,0.55
69,722,1662029000719,1662088169458,0.6848233680555555,11,1,0,0.42500000000000004
69,723,1662019409746,1662088328436,0.7976700231481482,20,1,0,0.55
69,725,1662026513605,1662032013718,0.06365871527777778,10,0,0,0.5
69,726,1662097988153,1662101757819,0.043630393518518516,10,1,0,0.55
69,730,1662103144442,1662104339962,0.013837037037037037,5,0,0,0.5
69,733,1662024862942,1662034729548,0.1141968287037037,10,2,0,0.48250000000000004
69,734,1662024986788,1662025286039,0.0034635532407407406,2,0,0,0.5
69,735,1662026772411,1662031615388,0.05605297453703704,10,1,0,0.55
69,736,1662024745055,1662088646709,0.7396024768518519,20,0,0,0.5
69,737,1662025454142,1662035893515,0.12082607638888888,10,0,0,0.5
69,738,1662024978420,1662032061484,0.0819799074074074,7,0,0,0.5
69,739,1662024927835,1662085508332,0.7011631597222222,12,3,0,0.6355000000000001
69,740,1662025113708,1662089475702,0.7449304861111111,20,2,0,0.3637500000000001
69,742,1662025829268,1662031890859,0.07015730324074074,10,0,0,0.5
69,743,1662028423280,1662088421372,0.6944223611111111,20,0,0,0.5
69,744,1662025183312,1662025440841,0.0029806597222222222,10,2,0,0.5950000000000001
69,745,1662025260716,1662032787022,0.08711002314814814,26,3,0,0.5025833333333334
69,746,1662025407392,1662026073527,0.007709895833333333,10,2,0,0.4658333333333334
69,747,1662025348588,1662031701831,0.0735329050925926,10,3,0,0.4273750000000001
69,748,1662025286039,1662035590847,0.11926861111111112,8,0,0,0.5
69,749,1662106559245,1662106588860,0.0003427662037037037,2,0,0,0.5
69,750,1662025454142,1662085841025,0.6989222569444444,12,1,0,0.55
69,751,1662025286039,1662031897346,0.07651975694444445,7,0,0,0.5
69,752,1662107962105,1662107962105,0.0,1,0,0,0.5
69,753,1662025348588,1662031602128,0.07237893518518519,10,1,0,0.42500000000000004
69,754,1662025926280,1662028226643,0.02662457175925926,10,0,0,0.5
69,755,1662025407392,1662025553924,0.0016959722222222222,5,1,0,0.55
69,760,1662026433737,1662103499881,0.8919692592592593,11,1,0,0.55
69,761,1662026027767,1662026073527,0.0005296296296296297,2,1,0,0.42500000000000004
69,762,1662026433737,1662031688529,0.060819351851851854,5,1,0,0.42500000000000004
69,764,1662027898391,1662107907139,0.9260271759259259,3,0,0,0.5
69,765,1662027755895,1662087546485,0.6920207175925925,56,4,0,0.5808250000000001
69,766,1662029597556,1662097544980,0.7864285185185185,140,8,0,0.5200014109722223
69,767,1662027769168,1662029871416,0.024331574074074075,12,1,0,0.55
69,770,1662028347724,1662055358907,0.31262943287037037,155,8,0,0.3088309830883489
69,771,1662031335033,1662101003581,0.8063489351851851,38,1,0,0.55
69,772,1662031988685,1662040532184,0.09888309027777778,51,7,0,0.76085155
69,773,1662028178281,1662086084527,0.6702111805555555,41,2,0,0.5950000000000001
69,774,1662032232492,1662107564844,0.8719022222222222,40,0,0,0.5
69,775,1662027898391,1662095657500,0.7842489467592593,282,18,0,0.5850318901684938
69,776,1662045603732,1662098906465,0.6169297800925926,77,3,0,0.39709722222222227
69,778,1662030539852,1662086127805,0.6433790856481482,60,2,0,0.5950000000000001
69,779,1662029039588,1662035134376,0.07054152777777778,20,0,0,0.5
69,781,1662029079424,1662092354060,0.732345324074074,70,5,0,0.3765886805555556
69,782,1662028401860,1662106847159,0.9079317013888889,133,4,0,0.5523250000000001
69,783,1662029013541,1662100138345,0.82320375,114,8,0,0.6696954325000002
69,784,1662028559832,1662087001583,0.6764091550925926,94,6,0,0.44351689583333337
69,785,1662035697441,1662089338533,0.6208459722222223,264,12,0,0.7228169007388751
69,786,1662028083888,1662086958956,0.6814243981481481,53,2,0,0.5950000000000001
69,787,1662028074522,1662097993209,0.8092440625,80,3,0,0.6355000000000001
69,788,1662030635016,1662109147416,0.9087083333333333,55,1,0,0.55
69,789,1662027995341,1662106141562,0.904470150462963,76,6,0,0.37377767708333337
69,791,1662083889983,1662088140218,0.04919253472222222,10,0,0,0.5
69,792,1662028148774,1662108885220,0.9344496064814815,735,33,0,0.3530629462405889
69,793,1662028242779,1662109147416,0.9363962615740741,124,6,0,0.7342795000000001
69,794,1662028046543,1662029431161,0.016025671296296295,15,0,0,0.5
69,795,1662028178281,1662098746664,0.8167636921296296,71,6,0,0.7342795000000001
69,796,1662029071796,1662097993209,0.7977015393518518,60,1,0,0.42500000000000004
69,797,1662028696014,1662098889657,0.8124264236111111,155,11,0,0.258109924302848
69,798,1662028197383,1662039794082,0.13422105324074074,50,1,0,0.55
69,799,1662029000719,1662033159570,0.04813484953703704,10,0,0,0.5
69,800,1662028498925,1662106406762,0.9017110763888889,80,7,0,0.4743951645833334
69,801,1662028869907,1662109115203,0.928765,227,12,0,0.6971239032388752
69,802,1662030441665,1662089431144,0.682748599537037,47,2,0,0.4658333333333334
69,803,1662032259755,1662041144224,0.10282950231481482,50,2,0,0.5950000000000001
69,804,1662031778342,1662043840006,0.13960259259259258,56,5,0,0.4541209722222223
69,805,1662029222617,1662109103272,0.9245446180555555,203,12,0,0.5873362150223128
69,806,1662042788039,1662106728494,0.7400515625,206,10,0,0.4995422870645835
69,807,1662028426921,1662106230604,0.9005055902777778,64,4,0,0.45297083333333343
69,808,1662031890859,1662089492588,0.6666866782407408,187,9,0,0.39807068245312516
69,810,1662028505775,1662095991878,0.7810891550925926,60,3,0,0.5025833333333334
69,811,1662036382929,1662087040261,0.5863117129629629,10,0,0,0.5
69,812,1662028794325,1662104737169,0.8789681018518518,37,2,0,0.5950000000000001
69,813,1662029609119,1662106750286,0.8928375810185185,119,4,0,0.67195
69,814,1662088466551,1662103404576,0.17289380787037037,30,0,0,0.5
69,815,1662030079331,1662107018746,0.8905024884259259,123,5,0,0.4910070833333335
69,816,1662028473038,1662029588701,0.012912766203703704,10,0,0,0.5
69,817,1662037435170,1662044436621,0.0810353125,20,0,0,0.5
69,818,1662035213061,1662106487222,0.8249324189814815,47,2,0,0.3637500000000001
69,819,1662029677809,1662066686335,0.4283394212962963,53,0,0,0.5
69,820,1662028741652,1662107907139,0.9162672106481482,175,5,0,0.6105925
69,821,1662028757422,1662099739652,0.821553587962963,186,6,0,0.43451314583333345
69,822,1662028808651,1662089475702,0.7021649421296297,31,1,0,0.55
69,823,1662032255105,1662081828481,0.5737659259259259,7,0,0,0.5
69,824,1662029298924,1662106218804,0.8902763888888889,74,4,0,0.5523250000000001
69,825,1662042233369,1662092670606,0.5837643171296296,26,1,0,0.55
69,826,1662029701391,1662040146567,0.12089324074074075,30,0,0,0.5
69,827,1662037565907,1662109203424,0.8291379282407407,343,15,0,0.37970375889255403
69,828,1662029368803,1662087871591,0.6771156018518518,98,2,0,0.5950000000000001
69,829,1662029280308,1662106406762,0.8926672916666667,107,2,0,0.5950000000000001
69,830,1662029533335,1662106208375,0.8874425925925926,116,8,0,0.37482548848958336
69,831,1662029179282,1662089504404,0.6982074305555556,85,3,0,0.6355000000000001
69,832,1662108597267,1662108597267,0.0,1,0,0,0.5
69,833,1662029210456,1662092887524,0.7370031018518518,133,7,0,0.34009267239583346
69,834,1662029760091,1662107042972,0.8944777893518518,160,8,0,0.31790883802662045
69,835,1662029205088,1662100855308,0.8292849537037037,16,3,0,0.6355000000000001
69,836,1662029392095,1662033247624,0.04462417824074074,20,0,0,0.5
69,837,1662030025691,1662098121128,0.7881416319444444,100,7,0,0.5877157375000002
69,838,1662030386930,1662040038210,0.11170462962962963,11,0,0,0.5
69,839,1662030038894,1662106819375,0.888662974537037,365,19,0,0.5431676112471723
69,840,1662034729548,1662034729548,0.0,1,1,0,0.55
69,841,1662039777624,1662083707555,0.508448275462963,10,0,0,0.5
69,842,1662030314504,1662100855308,0.8164444907407408,80,5,0,0.48439875000000016
69,843,1662029983954,1662033994401,0.04641721064814815,10,0,0,0.5
69,844,1662029871416,1662108885220,0.9145116203703704,284,14,0,0.5364782157434832
69,845,1662030022367,1662040532184,0.12164140046296296,58,5,0,0.704755
69,846,1662030305520,1662106218804,0.8786259722222223,170,7,0,0.6163282583333334
69,847,1662030357194,1662107068119,0.8878579282407407,44,2,0,0.48250000000000004
69,848,1662030092851,1662090566339,0.6999246296296296,101,1,0,0.42500000000000004
69,849,1662044466895,1662097803220,0.6173185763888889,30,1,0,0.42500000000000004
69,850,1662030530202,1662098176867,0.782947511574074,136,11,0,0.7226229702925002
69,851,1662030552698,1662106982582,0.8846051388888889,91,6,0,0.49204220833333345
69,852,1662037004356,1662097174469,0.6964133449074074,120,3,0,0.5342500000000001
69,853,1662030997817,1662086395228,0.641173738425926,14,0,0,0.5
69,854,1662030635016,1662031315602,0.007877152777777778,16,0,0,0.5
69,855,1662030977137,1662088901167,0.6704170138888889,22,0,0,0.5
69,858,1662038896104,1662038956424,0.0006981481481481482,2,0,0,0.5
69,859,1662031040712,1662097116282,0.7647635416666667,90,3,0,0.39709722222222227
69,863,1662031218843,1662104706327,0.8505495833333333,55,5,0,0.6105925
69,864,1662031160022,1662097841981,0.7717819328703703,20,1,0,0.42500000000000004
69,865,1662032062291,1662086763136,0.6331116319444444,124,4,0,0.5808250000000001
69,866,1662086428893,1662090286390,0.04464695601851852,20,1,0,0.42500000000000004
69,867,1662080775588,1662107564844,0.31006083333333334,65,1,0,0.55
69,868,1662031472604,1662031923339,0.005216840277777778,10,0,0,0.5
69,869,1662032099296,1662034944709,0.03293302083333333,12,1,0,0.55
69,870,1662032110498,1662089728878,0.6668793981481481,104,8,0,0.5668100220833336
69,871,1662032844474,1662100703153,0.7854013773148149,64,3,0,0.5342500000000001
69,872,1662032016996,1662032338449,0.0037205208333333335,2,0,0,0.5
69,873,1662032423792,1662102204875,0.8076514236111111,70,4,0,0.67195
69,874,1662032725600,1662081828481,0.5683203819444445,16,0,0,0.5
69,875,1662036257832,1662101255795,0.7522912384259259,40,4,0,0.44072083333333334
69,876,1662033416056,1662106847159,0.849897025462963,558,28,0,0.4230887201200528
69,877,1662035117353,1662086831488,0.5985432291666667,111,3,0,0.5342500000000001
69,878,1662033917311,1662105537338,0.8289354976851852,188,6,0,0.6495332500000001
69,879,1662034147820,1662105718899,0.8283689699074074,99,6,0,0.6238832500000001
69,882,1662035590847,1662107190587,0.8287006944444445,125,3,0,0.6355000000000001
69,883,1662035590847,1662036846646,0.014534710648148147,13,0,0,0.5
69,884,1662038358947,1662087625568,0.5702155208333334,20,2,0,0.4658333333333334
69,885,1662036595369,1662106923493,0.8139829166666667,37,0,0,0.5
69,886,1662036639022,1662098389435,0.7147038541666667,222,13,0,0.4419684753209331
69,887,1662036339099,1662044808960,0.09803079861111111,52,2,0,0.5950000000000001
69,888,1662036339099,1662088118734,0.5993013310185186,52,1,0,0.55
69,889,1662086449992,1662088140218,0.019562800925925924,10,0,0,0.5
69,890,1662036846127,1662098154438,0.7095869328703703,71,7,0,0.3688679649305557
69,891,1662082960674,1662090061921,0.0821903587962963,41,2,0,0.4658333333333334
69,892,1662095591964,1662097422708,0.021189166666666665,10,0,0,0.5
69,893,1662040038210,1662090286390,0.5815761574074074,31,0,0,0.5
69,894,1662040685276,1662042785034,0.02430275462962963,10,0,0,0.5
69,895,1662040888322,1662100173443,0.6861703819444445,50,2,0,0.4658333333333334
69,896,1662041235335,1662042907544,0.019354270833333333,10,0,0,0.5
69,897,1662042173937,1662100775349,0.6782570833333333,51,5,0,0.38659284722222237
69,898,1662041566776,1662041566776,0.0,1,0,0,0.5
69,899,1662041844868,1662107068119,0.7548987384259259,84,2,0,0.48250000000000004
69,900,1662042097397,1662043857091,0.020366828703703703,2,0,0,0.5
69,902,1662043582970,1662061415800,0.20639849537037036,17,0,0,0.5
69,903,1662044466895,1662107371820,0.7280662615740741,109,5,0,0.3654729398148149
69,904,1662045838059,1662098445990,0.6088880902777778,32,2,0,0.5950000000000001
69,905,1662047232866,1662105526981,0.6747004050925925,62,4,0,0.5356583333333335
69,906,1662082064842,1662107907139,0.2991006597222222,83,7,0,0.5787854875
69,907,1662098378137,1662098378137,0.0,1,0,0,0.5
69,908,1662099350504,1662099876252,0.006085046296296296,6,0,0,0.5
69,910,1662047517538,1662105718899,0.6736268634259259,12,0,0,0.5
69,912,1662048708086,1662108597267,0.6931618171296297,66,2,0,0.5950000000000001
69,913,1662055330602,1662107018746,0.5982424074074074,93,6,0,0.5922165833333335
69,914,1662086878442,1662106028173,0.22164040509259259,12,0,0,0.5
69,915,1662078858660,1662104882444,0.3012012037037037,116,7,0,0.6479949250000001
69,916,1662080073394,1662099306352,0.22260368055555554,10,2,0,0.48250000000000004
69,918,1662085803190,1662099432942,0.15775175925925927,11,0,0,0.5
69,920,1662082393553,1662098746664,0.18927211805555555,69,5,0,0.4910070833333335
69,921,1662081655932,1662106522726,0.2878101157407407,110,4,0,0.67195
69,922,1662082449042,1662099876252,0.20170381944444443,127,7,0,0.3824790760416668
69,923,1662083051450,1662088169458,0.0592362037037037,42,2,0,0.4658333333333334
69,924,1662083092971,1662087871591,0.05530810185185185,106,3,0,0.6355000000000001
69,926,1662084913897,1662106251069,0.24695800925925926,30,0,0,0.5
69,927,1662083520999,1662106982582,0.271546099537037,129,9,0,0.8062897555000001
69,930,1662085637736,1662106219238,0.2382118287037037,20,1,0,0.55
69,931,1662084068794,1662091970718,0.0914574537037037,80,8,0,0.5458625220833335
69,932,1662084100940,1662107550311,0.27140475694444444,72,1,0,0.42500000000000004
69,933,1662085868973,1662089354625,0.040343194444444445,80,5,0,0.704755
69,934,1662089396055,1662106982582,0.2035477662037037,33,3,0,0.6355000000000001
69,935,1662084022239,1662085986453,0.02273395833333333,10,2,0,0.4658333333333334
69,936,1662085609302,1662093334469,0.08941165509259259,25,2,0,0.5950000000000001
69,937,1662087220236,1662089402012,0.025252037037037038,19,1,0,0.42500000000000004
69,940,1662088881515,1662109147416,0.23455903935185185,55,2,0,0.5950000000000001
69,941,1662091266661,1662097422708,0.07125054398148148,53,4,0,0.45297083333333343
69,942,1662090242788,1662096137755,0.06822878472222223,10,0,0,0.5
69,943,1662097817510,1662108597267,0.12476570601851852,21,0,0,0.5
69,944,1662107747922,1662108885220,0.013163171296296296,2,0,0,0.5
126,128,1671619277611,1671633108384,0.1600783912037037,710,46,0,0.2838614396424264
126,252,1671617736583,1671622767194,0.05822466435185185,200,17,0,0.6596376475719004
126,301,1671615372610,1671631381785,0.18529137731481482,200,8,0,0.7249792825000001
126,314,1671620517020,1671635438031,0.1726968865740741,2507,122,0,0.6388290975818013
126,315,1671621971747,1671632976299,0.1273675,730,44,0,0.3352063590023234
126,422,1671625473909,1671632560497,0.08202069444444444,127,8,0,0.47236329343750005
126,431,1671626704915,1671635438031,0.10107773148148148,1438,68,0,0.6710913225225308
126,770,1671429026549,1671429748823,0.008359652777777778,5,0,0,0.5
126,806,1671625371444,1671634386662,0.10434280092592593,1001,40,0,0.5163172779486321
126,832,1671617050425,1671621390188,0.05022873842592593,200,5,0,0.704755
126,885,1671429204745,1671429733964,0.006125219907407407,16,0,0,0.5
126,1000,1671429026549,1671632976299,2.360529513888889,65,2,0,0.5950000000000001
126,1014,1671623134671,1671633278514,0.11740559027777778,1489,85,0,0.6383840901250807
126,1139,1671621475640,1671634097298,0.14608400462962964,1939,91,0,0.28925258884464794
126,1180,1671615545357,1671621183235,0.06525321759259259,200,6,0,0.6088832500000001
126,1330,1671621371692,1671626755285,0.062310104166666665,599,21,0,0.7678566333327302
126,1572,1671622780795,1671632808044,0.11605612268518518,649,32,0,0.590901150118566
126,1682,1671626823320,1671626935752,0.0013012962962962963,12,0,0,0.5
126,1688,1671616644242,1671618815509,0.02513040509259259,100,7,0,0.6163282583333334
126,1886,1671621020575,1671633467370,0.14406012731481482,200,7,0,0.5578379875000001
126,2067,1671429263944,1671632534520,2.3526687037037037,1015,48,0,0.3799530673632212
126,2072,1671619560848,1671625556956,0.06939939814814815,992,49,0,0.4035287245552536
126,2073,1671428978223,1671633834062,2.3710166550925926,450,20,0,0.5368554733058849
126,2197,1671620695455,1671628330633,0.08837011574074075,505,37,0,0.42272394058239526
126,2204,1671630962697,1671632140770,0.013635104166666667,40,1,0,0.55
126,2228,1671625226699,1671633859416,0.09991570601851851,863,39,0,0.5503336236373115
126,2444,1671625924573,1671632534520,0.0765040162037037,46,2,0,0.4658333333333334
126,2513,1671429973899,1671627282267,2.2836616666666667,90,4,0,0.34096273148148154
126,2801,1671615005477,1671632813759,0.206114375,1154,62,0,0.2083882192184734
126,2828,1671429732879,1671632868040,2.351101400462963,578,32,0,0.37804715725667615
126,2851,1671625133846,1671631842744,0.07764928240740741,100,5,0,0.5820925000000001
126,3012,1671619961660,1671623325572,0.038934166666666666,100,7,0,0.5578379875000001
126,3025,1671624327876,1671630163471,0.0675416087962963,705,47,0,0.7556513797584292
126,3092,1671625703581,1671634096090,0.09713552083333334,499,24,0,0.5535615701014067
126,3368,1671429952539,1671429952539,0.0,1,0,0,0.5
126,4413,1671618209605,1671628455576,0.11858762731481481,110,7,0,0.4375090534722223
126,4423,1671627698229,1671628330633,0.007319490740740741,38,3,0,0.6355000000000001
126,4730,1671624390164,1671632803433,0.0973757986111111,421,22,0,0.6061415174446463
126,4802,1671429943441,1671620972323,2.2109824305555557,39,3,0,0.5025833333333334
126,5166,1671429084319,1671624569103,2.2625553703703702,537,27,0,0.37585073133654995
126,5185,1671428978223,1671429330200,0.00407380787037037,28,1,0,0.55
126,5223,1671429094919,1671429732879,0.007383796296296296,24,0,0,0.5
126,5279,1671429605755,1671429748823,0.0016558796296296295,5,0,0,0.5
126,5281,1671429226351,1671429230739,5.078703703703704e-05,2,0,0,0.5
126,5520,1671623110243,1671624835759,0.01997125,100,2,0,0.5950000000000001
126,5521,1671624301482,1671631814130,0.08695194444444444,600,27,0,0.4877373380585886
126,5522,1671620247323,1671629929370,0.11206072916666666,2118,102,0,0.43895831573919963
126,5557,1671627224153,1671634175175,0.08045164351851852,121,3,0,0.3137291666666668
126,5589,1671429379281,1671627270467,2.2904072453703703,128,8,0,0.44759325177083337
126,5592,1671429726922,1671429748823,0.0002534837962962963,4,0,0,0.5
126,5594,1671616195699,1671633773276,0.20344417824074074,198,8,0,0.4726421621875001
126,5612,1671429225365,1671633231144,2.361177997685185,1947,107,0,0.4176379601482421
126,5614,1671623489688,1671632792524,0.10767171296296296,395,25,0,0.6956248911216092
126,5662,1671429303730,1671429973899,0.007756585648148148,42,2,0,0.4658333333333334
126,5673,1671625536820,1671633231144,0.08905467592592592,385,16,0,0.6608998284636395
126,5692,1671617265192,1671631434846,0.164000625,331,22,0,0.3829828365805766
126,5710,1671629034710,1671633859416,0.055841504629629626,229,8,0,0.7249792825000001
126,5938,1671628893928,1671631142663,0.026027025462962962,130,4,0,0.3823562500000001
126,5969,1671615483886,1671633498277,0.20849989583333334,1788,102,0,0.42836037612411765
126,6000,1671429722736,1671631570007,2.3361952662037035,427,21,0,0.5784011422384263
126,6020,1671620033677,1671629958044,0.1148653587962963,2046,114,0,0.3373509452367558
126,6072,1671619229188,1671632879859,0.15799387731481482,100,8,0,0.5003664814583334
126,6074,1671429493503,1671629929370,2.319859571759259,99,2,0,0.5950000000000001
126,6089,1671621234780,1671633600760,0.14312476851851852,200,13,0,0.6440965772700815
126,6092,1671429392484,1671635438031,2.384786423611111,1911,106,0,0.2872859241951416
126,6102,1671622531833,1671632829264,0.11918322916666667,100,4,0,0.4271097222222223
126,6140,1671617205501,1671633829696,0.19240966435185186,224,8,0,0.4922631064583335
126,6144,1671619237946,1671629876090,0.12312666666666666,1983,98,0,0.4060410053050893
126,6156,1671618024975,1671635438031,0.20154,1427,71,0,0.6984930378361595
126,6232,1671619498372,1671635438031,0.1844867939814815,657,33,0,0.5026293402924731
126,6318,1671623339019,1671631142663,0.0903199537037037,1184,65,0,0.3970369579770207
126,6353,1671624629060,1671633859416,0.10683282407407407,484,27,0,0.38576596410408526
126,6400,1671429592949,1671633988453,2.3656887037037038,804,47,0,0.7970018435306734
126,6411,1671623742408,1671634769498,0.1276283564814815,2101,115,0,0.5823423407844126
126,6564,1671614593763,1671621041543,0.07462708333333333,100,9,0,0.5635846032083336
126,6626,1671618796527,1671633817572,0.1738546875,1491,89,0,0.7114282780114705
126,6646,1671429733699,1671623579653,2.2435874305555554,104,4,0,0.5356583333333335
126,6658,1671627724736,1671634149242,0.07435770833333333,162,8,0,0.7062804325000002
126,6666,1671615693231,1671619442693,0.043396550925925925,200,9,0,0.6892258892500001
126,6673,1671620251617,1671631604087,0.1313943287037037,518,38,0,0.4046908902847136
126,6703,1671620867171,1671631759028,0.12606315972222223,692,36,0,0.36532355306253494
126,6742,1671429427898,1671633967091,2.3673517708333334,498,29,0,0.5970412983466591
126,6853,1671431035266,1671431035266,0.0,1,0,0,0.5
126,6884,1671616195699,1671626936407,0.12431375,1900,97,0,0.5646807280388538
126,6972,1671429731603,1671633834062,2.3622969791666666,1407,66,0,0.3286282986380035
126,6979,1671620485567,1671629804144,0.10785390046296296,1752,100,0,0.3626531963548254
126,6980,1671429543416,1671633509083,2.360713738425926,835,45,0,0.6823388330299226
126,6987,1671623342398,1671631565474,0.09517449074074075,102,6,0,0.6088832500000001
126,6989,1671620776511,1671634433512,0.15806714120370371,2206,111,0,0.46317513817851724
126,7153,1671618761061,1671633159192,0.16664503472222222,1400,75,0,0.5227539281514257
126,7214,1671429290697,1671429943441,0.007554907407407408,5,0,0,0.5
126,7280,1671624642932,1671633859416,0.10667226851851852,723,44,0,0.3590616107911807
126,7301,1671429335825,1671633907328,2.3677257291666667,204,13,0,0.3597799612351044
126,7308,1671617725494,1671634195513,0.1906252199074074,2546,144,0,0.4011376750292958
126,7316,1671620505598,1671635422629,0.17265082175925925,3615,174,0,0.8132240254750298
126,7332,1671619428475,1671622754151,0.03849162037037037,100,5,0,0.39019979166666674
126,7477,1671429880872,1671632140770,2.3409710416666667,3259,193,0,0.4991597669574521
126,7523,1671621966488,1671632140770,0.11775789351851852,748,48,0,0.3566087374080048
126,7548,1671620794200,1671634469471,0.15827859953703705,847,38,0,0.2589735290601185
126,7560,1671625207325,1671635438031,0.11841094907407407,951,33,0,0.6506057351741432
126,7562,1671617205037,1671621547890,0.050264502314814816,200,13,0,0.5594788350390554
126,7580,1671616488943,1671621041543,0.05269212962962963,100,2,0,0.5950000000000001
126,7597,1671628535085,1671633859416,0.06162420138888889,355,20,0,0.4849620120027959
126,7610,1671616581981,1671624440403,0.09095395833333333,107,5,0,0.6105925
126,7629,1671625356839,1671632779424,0.08590954861111111,912,48,0,0.36373188041962634
126,7683,1671615200827,1671621183235,0.06924083333333333,200,11,0,0.4899531555803474
126,7718,1671614533509,1671633834062,0.22338603009259259,1500,70,0,0.5337162242879201
126,7721,1671429614900,1671635438031,2.3822121643518517,1402,63,0,0.7366011508342517
126,7727,1671429398183,1671429880872,0.005586678240740741,19,1,0,0.55
126,7738,1671429645886,1671632688126,2.3500259259259257,236,11,0,0.7076229702925001
126,7765,1671625205205,1671633557535,0.0966704861111111,98,6,0,0.6373832500000002
126,7788,1671616903141,1671621872521,0.057515972222222225,200,9,0,0.7148758892500001
126,7830,1671623384606,1671630960163,0.08768005787037036,199,12,0,0.73686067326325
126,7891,1671621858816,1671628905794,0.08156224537037036,994,59,0,0.5021540635672587
126,7932,1671429057080,1671429330200,0.003161111111111111,14,0,0,0.5
126,7933,1671626844580,1671626908469,0.0007394560185185185,6,0,0,0.5
126,7935,1671621734936,1671633829901,0.13998802083333334,582,31,0,0.7185751277035793
126,7946,1671622287616,1671625392388,0.03593486111111111,100,9,0,0.5746096032083335
126,7950,1671620914344,1671633443951,0.14501859953703702,457,27,0,0.33331798762160264
126,7951,1671624328056,1671631840844,0.08695356481481481,348,11,0,0.5324809333581251
126,7965,1671617537186,1671631080771,0.1567544560185185,1893,116,0,0.6973804430637394
126,7969,1671623724685,1671625622304,0.02196318287037037,100,6,0,0.7342795000000001
126,7974,1671621782733,1671625622304,0.044439479166666664,596,30,0,0.9023427605968906
126,8003,1671627226824,1671634469471,0.08382693287037037,273,7,0,0.6044354875000001
126,8050,1671625605891,1671632558018,0.08046443287037038,100,4,0,0.67195
126,8209,1671619360989,1671621996686,0.030505752314814814,100,7,0,0.36695594409722226
126,8244,1671624069216,1671626369539,0.026624108796296297,28,1,0,0.55
126,8247,1671616195699,1671623018209,0.07896423611111111,200,14,0,0.4903498457497332
126,8255,1671429727338,1671633760210,2.361491574074074,1107,62,0,0.4672258147891899
126,8299,1671429008227,1671634014442,2.3727571180555556,1649,83,0,0.692689261642342
126,8314,1671617840658,1671624842813,0.08104346064814814,1491,73,0,0.21468341891611917
126,8327,1671617634688,1671633509083,0.1837314236111111,3548,190,0,0.5355328047639338
126,8337,1671429973899,1671429973899,0.0,1,0,0,0.5
126,8356,1671624850297,1671635438031,0.1225432175925926,2170,108,0,0.24528563044146154
126,8381,1671620460456,1671629804144,0.10814453703703704,2082,90,0,0.3291676913033872
126,8383,1671632463107,1671632976299,0.005939722222222222,30,2,0,0.48250000000000004
126,8385,1671620176856,1671629958044,0.11320819444444444,1899,88,0,0.2842555818995736
126,8394,1671624657083,1671632803433,0.09428645833333334,300,13,0,0.8729067085835502
126,8493,1671625432341,1671625531311,0.001145486111111111,12,1,0,0.55
126,8507,1671628810955,1671633855915,0.05839074074074074,46,1,0,0.42500000000000004
126,8511,1671429140695,1671431035266,0.021927905092592594,40,0,0,0.5
126,8549,1671429097534,1671429306468,0.0024182175925925925,5,0,0,0.5
126,8550,1671429097534,1671635432891,2.3881407060185187,2263,128,0,0.6055929794748927
126,8552,1671622528227,1671632808044,0.11897936342592592,335,20,0,0.4728670022805626
126,8563,1671615372610,1671633856393,0.21393267361111112,3314,177,0,0.5553246737700304
126,8569,1671634421222,1671635438031,0.011768622685185186,26,0,0,0.5
126,8572,1671628728692,1671633863821,0.059434363425925923,86,5,0,0.4966487500000001
126,8587,1671618970124,1671621654403,0.031068043981481483,100,5,0,0.704755
126,8601,1671617446180,1671633859416,0.18996800925925925,2598,147,0,0.33974145881972295
126,8606,1671626448355,1671633514260,0.08178130787037037,175,5,0,0.5361737500000001
126,8609,1671619870758,1671632550788,0.14675960648148148,203,9,0,0.5952512698750002
126,8615,1671428982932,1671431035266,0.023753865740740742,31,0,0,0.5
126,8624,1671619968997,1671632800454,0.1485122337962963,747,37,0,0.1597370571229014
126,8626,1671620011275,1671632798276,0.14799769675925925,727,32,0,0.28672988331794313
126,8630,1671429540828,1671429880872,0.003935694444444445,14,0,0,0.5
126,8635,1671623877932,1671626792076,0.03372851851851852,100,4,0,0.567325
126,8640,1671625025402,1671634514556,0.1098281712962963,1504,68,0,0.5584253412451101
126,8649,1671628472028,1671633957071,0.06348429398148148,327,17,0,0.15646860015142414
126,8657,1671628467096,1671634082924,0.06499800925925926,87,1,0,0.42500000000000004
126,8663,1671617990821,1671629795112,0.13662373842592593,1512,66,0,0.8446638845144097
126,8681,1671429724119,1671429748823,0.0002859259259259259,8,0,0,0.5
126,8683,1671614533509,1671618579596,0.04682971064814815,100,5,0,0.704755
126,8685,1671622716563,1671634056848,0.13125329861111112,1556,76,0,0.7046864568807488
126,8687,1671622424581,1671632786161,0.11992569444444444,1193,62,0,0.7662045346720596
126,8705,1671620409324,1671631537945,0.1288034837962963,100,6,0,0.44793356250000016
126,8709,1671429099732,1671429306468,0.002392777777777778,4,0,0,0.5
126,8721,1671429352744,1671632182065,2.347561585648148,115,4,0,0.4271097222222223
126,8734,1671624670990,1671634149242,0.10970199074074075,535,25,0,0.5176401710276729
126,8742,1671622731098,1671632681967,0.1151720949074074,688,41,0,0.8874841361799666
126,8747,1671616581981,1671626792076,0.11817239583333333,2193,113,0,0.5992563905809265
126,8748,1671629345242,1671633424955,0.04721890046296296,7,0,0,0.5
126,8768,1671622844222,1671626792076,0.04569275462962963,392,23,0,0.4328290038349862
126,8817,1671627012192,1671634391933,0.08541366898148148,264,10,0,0.34424932018394105
126,8818,1671617730469,1671632800454,0.1744211226851852,1303,63,0,0.29795748432492214
126,8828,1671617454710,1671621540928,0.04729418981481481,83,6,0,0.4389298125000001
126,8829,1671620070405,1671632903383,0.14852983796296296,295,10,0,0.48053437039791674
126,8833,1671619495607,1671633583646,0.16305600694444444,1648,103,0,0.4465365127980255
126,8849,1671626923173,1671629958044,0.03512582175925926,528,27,0,0.4292926130217958
126,8850,1671620408708,1671634105738,0.15853043981481482,1660,88,0,0.5802535340921567
126,8853,1671623840663,1671627208933,0.038984606481481485,96,4,0,0.5523250000000001
126,8857,1671627513400,1671627513400,0.0,1,0,0,0.5
126,8860,1671619801112,1671633423023,0.15766100694444443,357,18,0,0.457071796732776
126,8869,1671625996131,1671632779424,0.07851033564814815,109,5,0,0.5654258333333334
126,8897,1671620623745,1671633423023,0.14813979166666666,899,40,0,0.5594537630048346
126,8909,1671429442094,1671624842813,2.2615823958333334,511,32,0,0.25474748832652816
126,8912,1671628774929,1671629803365,0.011903194444444444,208,8,0,0.6289441637500002
126,8921,1671618529865,1671632220798,0.1584598726851852,448,20,0,0.5936539501550078
126,8922,1671619233632,1671632976299,0.15905864583333335,349,16,0,0.45158334326114863
126,8926,1671628968393,1671629164213,0.002266435185185185,8,1,0,0.42500000000000004
126,8927,1671429330200,1671631149017,2.3358659375,163,7,0,0.76085155
126,8932,1671617395125,1671632157732,0.17086350694444444,200,13,0,0.6742455406613316
126,8969,1671622839704,1671635417710,0.14557877314814816,996,51,0,0.6594500893019171
126,8989,1671616054150,1671623361784,0.08457909722222222,300,20,0,0.5837947487371404
126,9003,1671627425335,1671634446312,0.08126130787037036,100,4,0,0.67195
126,9004,1671615491940,1671629929370,0.16709988425925926,396,15,0,0.36523260854669565
126,9025,1671618874360,1671633603207,0.1704727662037037,100,7,0,0.47103308125000015
126,9027,1671621553828,1671633988453,0.14391927083333333,540,23,0,0.6232467882599805
126,9045,1671428978223,1671429099732,0.0014063541666666666,9,1,0,0.55
126,9051,1671618695777,1671631514375,0.14836340277777776,100,7,0,0.76085155
126,9054,1671625368116,1671635432891,0.11649045138888889,830,37,0,0.6820953547393097
126,9097,1671618686583,1671622700816,0.046461030092592594,100,8,0,0.5502791887500001
126,9098,1671429423975,1671632681967,2.3525230555555554,372,18,0,0.31330504200805037
126,9102,1671429042355,1671633923209,2.3713061805555555,61,4,0,0.5523250000000001
126,9105,1671625876868,1671633280896,0.08569476851851852,253,10,0,0.6289840749812501
126,9114,1671617881807,1671633802878,0.18427165509259258,500,17,0,0.7744633793469005
126,9117,1671616253438,1671623195079,0.08034306712962963,399,19,0,0.2764483478566772
126,9124,1671614533509,1671619576551,0.05836854166666667,100,5,0,0.4541209722222223
126,9126,1671429648032,1671429854539,0.002390127314814815,6,0,0,0.5
126,9127,1671628817856,1671631020246,0.025490625,139,6,0,0.6238832500000001
126,9133,1671617526402,1671619592074,0.02390824074074074,100,7,0,0.28144150611496915
126,9158,1671624174272,1671626403823,0.025804988425925927,96,8,0,0.6380287658333336
126,9160,1671618710502,1671633433545,0.17040559027777777,500,20,0,0.5212828518925625
126,9169,1671617454710,1671621547890,0.04737476851851852,100,7,0,0.6614949250000002
126,9192,1671429722736,1671429854539,0.0015254976851851853,4,0,0,0.5
126,9205,1671617552080,1671621356501,0.044032650462962966,100,4,0,0.5523250000000001
126,9209,1671620535410,1671629812896,0.10737831018518519,2177,114,0,0.19382168620977336
126,9210,1671620314867,1671629958044,0.11161084490740741,1987,98,0,0.2507247990325327
126,9211,1671429230067,1671429706705,0.005516643518518519,44,3,0,0.6355000000000001
126,9220,1671621740456,1671632774353,0.12770714120370372,998,44,0,0.49577037744147867
126,9225,1671625664514,1671632779424,0.08234849537037037,727,39,0,0.47931707787429556
126,9234,1671626340004,1671628893928,0.029559305555555554,100,7,0,0.5578379875000001
126,9263,1671617246118,1671632976299,0.1820622800925926,1000,70,0,0.6445272992597655
126,9273,1671625334244,1671631049638,0.06615039351851852,655,33,0,0.8275256365125828
126,9274,1671617979457,1671631142663,0.1523519212962963,1271,70,0,0.26750752832618535
126,9300,1671627471223,1671634427549,0.08051303240740741,317,12,0,0.5750078566799689
126,9308,1671429384722,1671429733964,0.004042152777777778,5,0,0,0.5
126,9348,1671620373275,1671633443951,0.15128097222222223,1503,83,0,0.6190773017362011
126,9354,1671625386617,1671633262991,0.09116173611111111,266,13,0,0.5894777738863313
126,9357,1671619431568,1671633821058,0.16654502314814815,618,25,0,0.23467048043721342
126,9360,1671620173444,1671633829901,0.1580608449074074,992,50,0,0.47241005313689105
126,9378,1671624634769,1671634031526,0.10875876157407408,663,35,0,0.4610915078118722
126,9385,1671623549100,1671633136344,0.11096347222222222,398,22,0,0.8051635927416525
126,9387,1671623615586,1671632140770,0.09867111111111111,706,37,0,0.4559106324362992
126,9388,1671629583606,1671629583606,0.0,1,0,0,0.5
126,9394,1671619792642,1671621185673,0.016123043981481483,21,1,0,0.55
126,9395,1671622659048,1671625350730,0.031153726851851853,100,8,0,0.4812381064583334
126,9396,1671625548373,1671631657558,0.07070815972222222,200,12,0,0.48370289495080226
