seed,family,attack,rho,endpoint,lir_pptd_primary_loss,mean_vote_primary_loss,delta_lir_minus_mean,final_reputation_gap,effective_attacked_report_fraction,calibration_attacked_count,on_off_starting_phase
4001,synthetic_num_small,persistent,0,MAE,0.0094154848195143810,0.0094142816776775042,0.0000012031418368767973,,0.0,0,not_applicable
4002,synthetic_num_small,persistent,0,MAE,0.0088542224790237673,0.0088555142310047087,-0.0000012917519809413709,,0.0,0,not_applicable
4003,synthetic_num_small,persistent,0,MAE,0.010100524752485033,0.010093758509674869,0.0000067662428101637985,,0.0,0,not_applicable
4004,synthetic_num_small,persistent,0,MAE,0.0089253131283006037,0.0089367573974147788,-0.000011444269114175151,,0.0,0,not_applicable
4005,synthetic_num_small,persistent,0,MAE,0.0091058917048258886,0.0091117493843632674,-0.0000058576795373788373,,0.0,0,not_applicable
4006,synthetic_num_small,persistent,0,MAE,0.0093375643750048219,0.0093341018751970559,0.0000034624998077659754,,0.0,0,not_applicable
4007,synthetic_num_small,persistent,0,MAE,0.0087654700899360418,0.0087753220237290823,-0.0000098519337930404063,,0.0,0,not_applicable
4008,synthetic_num_small,persistent,0,MAE,0.0089895427588558280,0.0089875611122901621,0.0000019816465656659110,,0.0,0,not_applicable
4009,synthetic_num_small,persistent,0,MAE,0.0087120958283582097,0.0087058679930633669,0.0000062278352948427351,,0.0,0,not_applicable
4010,synthetic_num_small,persistent,0,MAE,0.0093467186735110598,0.0093453526369308447,0.0000013660365802151652,,0.0,0,not_applicable
4011,synthetic_num_small,persistent,0,MAE,0.0089802089567158251,0.0089780028233075879,0.0000022061334082372388,,0.0,0,not_applicable
4012,synthetic_num_small,persistent,0,MAE,0.0088882542938675684,0.0088907758854284686,-0.0000025215915609001831,,0.0,0,not_applicable
4013,synthetic_num_small,persistent,0,MAE,0.0093081678598436364,0.0092977684568876610,0.000010399402955975467,,0.0,0,not_applicable
4014,synthetic_num_small,persistent,0,MAE,0.0092483284565731050,0.0092492810995805381,-9.5264300743317365e-7,,0.0,0,not_applicable
4015,synthetic_num_small,persistent,0,MAE,0.0094511913252962935,0.0094496885314852911,0.0000015027938110024457,,0.0,0,not_applicable
4016,synthetic_num_small,persistent,0,MAE,0.0086750309960758374,0.0086709272272656243,0.0000041037688102130957,,0.0,0,not_applicable
4017,synthetic_num_small,persistent,0,MAE,0.0087232184574098351,0.0087177403615897750,0.0000054780958200601125,,0.0,0,not_applicable
4018,synthetic_num_small,persistent,0,MAE,0.0086223153443871018,0.0086197009281418380,0.0000026144162452637983,,0.0,0,not_applicable
4019,synthetic_num_small,persistent,0,MAE,0.0084102108759764234,0.0084099539110728820,2.5696490354139929e-7,,0.0,0,not_applicable
4020,synthetic_num_small,persistent,0,MAE,0.0087235186767932118,0.0087266889565725501,-0.0000031702797793383499,,0.0,0,not_applicable
4001,synthetic_num_small,persistent,1/10,MAE,0.018293228922868563,0.026282617098459452,-0.0079893881755908892,0.19073882723916868,0.1,5,not_applicable
4002,synthetic_num_small,persistent,1/10,MAE,0.019342932765579587,0.027121231212773919,-0.0077782984471943321,0.14746725311878106,0.1,5,not_applicable
4003,synthetic_num_small,persistent,1/10,MAE,0.018497700404745669,0.025841572357001916,-0.0073438719522562469,0.14694953655906928,0.1,5,not_applicable
4004,synthetic_num_small,persistent,1/10,MAE,0.017577186233433441,0.024910788948020109,-0.0073336027145866677,0.13369367524120135,0.1,5,not_applicable
4005,synthetic_num_small,persistent,1/10,MAE,0.018829410120545927,0.026698376544199116,-0.0078689664236531885,0.13536265712863715,0.1,5,not_applicable
4006,synthetic_num_small,persistent,1/10,MAE,0.018999068440275959,0.026810077145956108,-0.0078110087056801490,0.17355061823729634,0.1,5,not_applicable
4007,synthetic_num_small,persistent,1/10,MAE,0.017711015532599051,0.024504329499758566,-0.0067933139671595152,0.15131338952287787,0.1,5,not_applicable
4008,synthetic_num_small,persistent,1/10,MAE,0.019293757618171244,0.026906647114888198,-0.0076128894967169544,0.17160715818214,0.1,5,not_applicable
4009,synthetic_num_small,persistent,1/10,MAE,0.017302894747954555,0.025003961435369552,-0.0077010666874149972,0.1892720433743338,0.1,5,not_applicable
4010,synthetic_num_small,persistent,1/10,MAE,0.017943589049326923,0.026706159130206040,-0.0087625700808791163,0.18177877266626163,0.1,5,not_applicable
4011,synthetic_num_small,persistent,1/10,MAE,0.017785392744355461,0.025664725308530846,-0.0078793325641753855,0.21198826190149211,0.1,5,not_applicable
4012,synthetic_num_small,persistent,1/10,MAE,0.017789842038339000,0.025322132182937266,-0.0075322901445982661,0.18961222785277332,0.1,5,not_applicable
4013,synthetic_num_small,persistent,1/10,MAE,0.018308274665040493,0.026455416626507307,-0.0081471419614668136,0.21696624350352872,0.1,5,not_applicable
4014,synthetic_num_small,persistent,1/10,MAE,0.018749052212102338,0.025711348401666767,-0.0069622961895644289,0.1814307756844422,0.1,5,not_applicable
4015,synthetic_num_small,persistent,1/10,MAE,0.019294824343133233,0.027294354553197899,-0.0079995302100646654,0.18511911323677677,0.1,5,not_applicable
4016,synthetic_num_small,persistent,1/10,MAE,0.018402644069465457,0.025564788316863517,-0.0071621442473980603,0.1681340356420511,0.1,5,not_applicable
4017,synthetic_num_small,persistent,1/10,MAE,0.018920538104812326,0.026739079641714842,-0.0078185415369025166,0.14278463373752592,0.1,5,not_applicable
4018,synthetic_num_small,persistent,1/10,MAE,0.018480125252861584,0.025809035471822106,-0.0073289102189605217,0.1470054962500723,0.1,5,not_applicable
4019,synthetic_num_small,persistent,1/10,MAE,0.018325799884219281,0.025710017270666481,-0.0073842173864472002,0.1534349263136876,0.1,5,not_applicable
4020,synthetic_num_small,persistent,1/10,MAE,0.018500684230333963,0.026073461131338941,-0.0075727769010049783,0.16930133126758073,0.1,5,not_applicable
4001,synthetic_num_small,persistent,3/10,MAE,0.058055991023887503,0.076215898197224254,-0.018159907173336751,0.1947580021541987,0.3,5,not_applicable
4002,synthetic_num_small,persistent,3/10,MAE,0.061301168877806041,0.076788254044890533,-0.015487085167084492,0.14811607041665265,0.3,5,not_applicable
4003,synthetic_num_small,persistent,3/10,MAE,0.060400038058670805,0.074830934324472083,-0.014430896265801279,0.14732443755054103,0.3,5,not_applicable
4004,synthetic_num_small,persistent,3/10,MAE,0.059203589583803515,0.074303836304186885,-0.015100246720383369,0.1353214629449747,0.3,5,not_applicable
4005,synthetic_num_small,persistent,3/10,MAE,0.060788345345204744,0.077355342848235243,-0.016566997503030499,0.13788269262759134,0.3,5,not_applicable
4006,synthetic_num_small,persistent,3/10,MAE,0.057879787989880472,0.074392862283564550,-0.016513074293684078,0.17853426539245376,0.3,5,not_applicable
4007,synthetic_num_small,persistent,3/10,MAE,0.055882581664233386,0.070471178383769177,-0.014588596719535792,0.14992804346864286,0.3,5,not_applicable
4008,synthetic_num_small,persistent,3/10,MAE,0.059473549432540493,0.075295570055363633,-0.015822020622823141,0.17218370384585346,0.3,5,not_applicable
4009,synthetic_num_small,persistent,3/10,MAE,0.055748621549799782,0.072142645384910641,-0.016394023835110859,0.19838605964475725,0.3,5,not_applicable
4010,synthetic_num_small,persistent,3/10,MAE,0.058358011127679408,0.077506052102976690,-0.019148040975297282,0.1864492179790035,0.3,5,not_applicable
4011,synthetic_num_small,persistent,3/10,MAE,0.058012370999844335,0.075872314501389257,-0.017859943501544921,0.21324652105672642,0.3,5,not_applicable
4012,synthetic_num_small,persistent,3/10,MAE,0.059021689121685850,0.075075480454523257,-0.016053791332837407,0.1856381457906925,0.3,5,not_applicable
4013,synthetic_num_small,persistent,3/10,MAE,0.058500688740844875,0.076050893559407888,-0.017550204818563013,0.21546840184035504,0.3,5,not_applicable
4014,synthetic_num_small,persistent,3/10,MAE,0.057436110808638280,0.071745526793659853,-0.014309415985021573,0.17114233192633754,0.3,5,not_applicable
4015,synthetic_num_small,persistent,3/10,MAE,0.060586943073586979,0.076589078705883106,-0.016002135632296127,0.1805115225657994,0.3,5,not_applicable
4016,synthetic_num_small,persistent,3/10,MAE,0.056163348279072777,0.072030838035852848,-0.015867489756780072,0.17335064418325885,0.3,5,not_applicable
4017,synthetic_num_small,persistent,3/10,MAE,0.059935643532330455,0.075450236755293277,-0.015514593222962822,0.13475761327425595,0.3,5,not_applicable
4018,synthetic_num_small,persistent,3/10,MAE,0.058746487524426723,0.073587441230247021,-0.014840953705820298,0.1488891518706411,0.3,5,not_applicable
4019,synthetic_num_small,persistent,3/10,MAE,0.060356608085750927,0.075490186664303871,-0.015133578578552944,0.1500756696437563,0.3,5,not_applicable
4020,synthetic_num_small,persistent,3/10,MAE,0.058593089680148899,0.074583654177203788,-0.015990564497054889,0.1746466292347285,0.3,5,not_applicable
4001,synthetic_num_small,persistent,1/2,MAE,0.11301339417376110,0.12549364566311330,-0.012480251489352200,0.18947757337259707,0.5,5,not_applicable
4002,synthetic_num_small,persistent,1/2,MAE,0.12016776898727451,0.12856470759656525,-0.0083969386092907392,0.15121195147026156,0.5,5,not_applicable
4003,synthetic_num_small,persistent,1/2,MAE,0.11828817904326088,0.12599933610016302,-0.0077111570569021462,0.1461515576025495,0.5,5,not_applicable
4004,synthetic_num_small,persistent,1/2,MAE,0.11445124319163680,0.12320367257748233,-0.0087524293858455229,0.13807532325539218,0.5,5,not_applicable
4005,synthetic_num_small,persistent,1/2,MAE,0.11847284234233096,0.12847119240401565,-0.0099983500616846938,0.13805407036808914,0.5,5,not_applicable
4006,synthetic_num_small,persistent,1/2,MAE,0.11165791200123801,0.12307960685490624,-0.011421694853668233,0.18026723187431126,0.5,5,not_applicable
4007,synthetic_num_small,persistent,1/2,MAE,0.10808863881775751,0.11745608643066084,-0.0093674476129033349,0.14472739091571307,0.5,5,not_applicable
4008,synthetic_num_small,persistent,1/2,MAE,0.11455675207867094,0.12446502947241167,-0.0099082773937407338,0.17474134958159548,0.5,5,not_applicable
4009,synthetic_num_small,persistent,1/2,MAE,0.10829081543493329,0.11944927929538124,-0.011158463860447951,0.19459280835824944,0.5,5,not_applicable
4010,synthetic_num_small,persistent,1/2,MAE,0.11654209116854893,0.13028847853502358,-0.013746387366474649,0.18702438973979807,0.5,5,not_applicable
4011,synthetic_num_small,persistent,1/2,MAE,0.11307634627726348,0.12482870727282914,-0.011752360995565666,0.21214759785932114,0.5,5,not_applicable
4012,synthetic_num_small,persistent,1/2,MAE,0.11474816077607501,0.12443003276590796,-0.0096818719898329411,0.18583801413511936,0.5,5,not_applicable
4013,synthetic_num_small,persistent,1/2,MAE,0.11527962042053986,0.12699580661373528,-0.011716186193195420,0.21651854633605128,0.5,5,not_applicable
4014,synthetic_num_small,persistent,1/2,MAE,0.10954608190953355,0.11838948909727466,-0.0088434071877411062,0.16901869954858106,0.5,5,not_applicable
4015,synthetic_num_small,persistent,1/2,MAE,0.11799058056317873,0.12744555870251905,-0.0094549781393403215,0.1810549615835405,0.5,5,not_applicable
4016,synthetic_num_small,persistent,1/2,MAE,0.10742073809299741,0.11845826384630497,-0.011037525753307561,0.1694824606057097,0.5,5,not_applicable
4017,synthetic_num_small,persistent,1/2,MAE,0.11564449773286560,0.12477423525392071,-0.0091297375210551072,0.13589377286123505,0.5,5,not_applicable
4018,synthetic_num_small,persistent,1/2,MAE,0.11370694503719463,0.12238133683770306,-0.0086743918005084303,0.15149802446655702,0.5,5,not_applicable
4019,synthetic_num_small,persistent,1/2,MAE,0.11707132952814982,0.12529695949849278,-0.0082256299703429547,0.15355799035601192,0.5,5,not_applicable
4020,synthetic_num_small,persistent,1/2,MAE,0.11489049784343449,0.12441853651999926,-0.0095280386765647749,0.16349889693049102,0.5,5,not_applicable
4001,synthetic_num_small,persistent,7/10,MAE,0.17514773414341604,0.17514019832020911,0.0000075358232069326245,0.1914662166228096,0.7,5,not_applicable
4002,synthetic_num_small,persistent,7/10,MAE,0.18290222901490214,0.17928038023799040,0.0036218487769117375,0.15079173581183003,0.7,5,not_applicable
4003,synthetic_num_small,persistent,7/10,MAE,0.17888529473911390,0.17535285823444812,0.0035324365046657824,0.14635088643136873,0.7,5,not_applicable
4004,synthetic_num_small,persistent,7/10,MAE,0.17467418909323567,0.17221654935848323,0.0024576397347524380,0.13636913655392913,0.7,5,not_applicable
4005,synthetic_num_small,persistent,7/10,MAE,0.18264597740907455,0.18021392789406468,0.0024320495150098715,0.13848888756383315,0.7,5,not_applicable
4006,synthetic_num_small,persistent,7/10,MAE,0.17272615209168925,0.17308015585148005,-0.00035400375979079963,0.1802938685420552,0.7,5,not_applicable
4007,synthetic_num_small,persistent,7/10,MAE,0.16478934191400036,0.16422004941124571,0.00056929250275464862,0.1516636347349345,0.7,5,not_applicable
4008,synthetic_num_small,persistent,7/10,MAE,0.17572079706046239,0.17349696498037835,0.0022238320800840383,0.1715867069357523,0.7,5,not_applicable
4009,synthetic_num_small,persistent,7/10,MAE,0.16654436676124052,0.16690629803633383,-0.00036193127509330701,0.19643630549636842,0.7,5,not_applicable
4010,synthetic_num_small,persistent,7/10,MAE,0.18084934072054709,0.18132440859351478,-0.00047506787296768965,0.18907298719515087,0.7,5,not_applicable
4011,synthetic_num_small,persistent,7/10,MAE,0.17578738605659257,0.17506424328871792,0.00072314276787464259,0.21200447151045176,0.7,5,not_applicable
4012,synthetic_num_small,persistent,7/10,MAE,0.17642940819405686,0.17434180817907915,0.0020876000149777136,0.18415703141336448,0.7,5,not_applicable
4013,synthetic_num_small,persistent,7/10,MAE,0.17937943643308509,0.17850942095345322,0.00087001547963187675,0.21671157302436866,0.7,5,not_applicable
4014,synthetic_num_small,persistent,7/10,MAE,0.16642483286874714,0.16490399037986713,0.0015208424888800131,0.17086262343163694,0.7,5,not_applicable
4015,synthetic_num_small,persistent,7/10,MAE,0.17988180765062078,0.17739162224430608,0.0024901854063146937,0.18327203141930726,0.7,5,not_applicable
4016,synthetic_num_small,persistent,7/10,MAE,0.16652474599721172,0.16685097243296829,-0.00032622643575657342,0.1687900276898585,0.7,5,not_applicable
4017,synthetic_num_small,persistent,7/10,MAE,0.17578279870209955,0.17342629293872162,0.0023565057633779323,0.1338095338495231,0.7,5,not_applicable
4018,synthetic_num_small,persistent,7/10,MAE,0.17373540388595328,0.17135213025085477,0.0023832736350985008,0.15229738373472013,0.7,5,not_applicable
4019,synthetic_num_small,persistent,7/10,MAE,0.17830858021530502,0.17498649758027057,0.0033220826350344501,0.15499597471430182,0.7,5,not_applicable
4020,synthetic_num_small,persistent,7/10,MAE,0.17525952136916994,0.17347373356287907,0.0017857878062908688,0.1708251367947049,0.7,5,not_applicable
4001,synthetic_num_small,persistent,9/10,MAE,0.22846454099982035,0.22545052512698208,0.0030140158728382753,0.1924750972867405,0.9,5,not_applicable
4002,synthetic_num_small,persistent,9/10,MAE,0.23409031743786944,0.22959919535545004,0.0044911220824194072,0.14980162235495464,0.9,5,not_applicable
4003,synthetic_num_small,persistent,9/10,MAE,0.22887265733051924,0.22465212841999546,0.0042205289105237877,0.14919718787616076,0.9,5,not_applicable
4004,synthetic_num_small,persistent,9/10,MAE,0.22536822322380936,0.22152306657371016,0.0038451566500991990,0.132708020810409,0.9,5,not_applicable
4005,synthetic_num_small,persistent,9/10,MAE,0.23545598484015586,0.23147834407406363,0.0039776407660922252,0.1410373891542589,0.9,5,not_applicable
4006,synthetic_num_small,persistent,9/10,MAE,0.22431666664789904,0.22140684588987848,0.0029098207580205664,0.17946784008655026,0.9,5,not_applicable
4007,synthetic_num_small,persistent,9/10,MAE,0.21383389611240179,0.21090937127171686,0.0029245248406849317,0.14374037143456986,0.9,5,not_applicable
4008,synthetic_num_small,persistent,9/10,MAE,0.22556922875313226,0.22174022998387250,0.0038289987692597688,0.1702040878081974,0.9,5,not_applicable
4009,synthetic_num_small,persistent,9/10,MAE,0.21808583875066541,0.21528540547427631,0.0028004332763890961,0.1928850646628829,0.9,5,not_applicable
4010,synthetic_num_small,persistent,9/10,MAE,0.23675309114340946,0.23352284599112679,0.0032302451522826700,0.18334785448615132,0.9,5,not_applicable
4011,synthetic_num_small,persistent,9/10,MAE,0.22807102790088711,0.22457702557127845,0.0034940023296086544,0.21275731243062784,0.9,5,not_applicable
4012,synthetic_num_small,persistent,9/10,MAE,0.22831003219258269,0.22456686804770940,0.0037431641448732910,0.18607528398293038,0.9,5,not_applicable
4013,synthetic_num_small,persistent,9/10,MAE,0.23208202934425750,0.22862434773759409,0.0034576816066634093,0.21981928893996927,0.9,5,not_applicable
4014,synthetic_num_small,persistent,9/10,MAE,0.21509995960001529,0.21179791152422909,0.0033020480757861987,0.16686207622001614,0.9,5,not_applicable
4015,synthetic_num_small,persistent,9/10,MAE,0.23174736779786851,0.22765696766131364,0.0040904001365548635,0.183118217360284,0.9,5,not_applicable
4016,synthetic_num_small,persistent,9/10,MAE,0.21713051612766591,0.21456745577597674,0.0025630603516891663,0.1694302037643931,0.9,5,not_applicable
4017,synthetic_num_small,persistent,9/10,MAE,0.22746527430446685,0.22370027765058507,0.0037649966538817849,0.13586094472823285,0.9,5,not_applicable
4018,synthetic_num_small,persistent,9/10,MAE,0.22440145191793718,0.22070326769914185,0.0036981842187953258,0.15348044448467013,0.9,5,not_applicable
4019,synthetic_num_small,persistent,9/10,MAE,0.22866735835351808,0.22459799564198975,0.0040693627115283211,0.15252010890382584,0.9,5,not_applicable
4020,synthetic_num_small,persistent,9/10,MAE,0.22663904288188956,0.22300805812803471,0.0036309847538548512,0.16987324766511025,0.9,5,not_applicable
4001,synthetic_num_small,random,0,MAE,0.0094154848195143810,0.0094142816776775042,0.0000012031418368767973,,0.0,0,not_applicable
4002,synthetic_num_small,random,0,MAE,0.0088542224790237673,0.0088555142310047087,-0.0000012917519809413709,,0.0,0,not_applicable
4003,synthetic_num_small,random,0,MAE,0.010100524752485033,0.010093758509674869,0.0000067662428101637985,,0.0,0,not_applicable
4004,synthetic_num_small,random,0,MAE,0.0089253131283006037,0.0089367573974147788,-0.000011444269114175151,,0.0,0,not_applicable
4005,synthetic_num_small,random,0,MAE,0.0091058917048258886,0.0091117493843632674,-0.0000058576795373788373,,0.0,0,not_applicable
4006,synthetic_num_small,random,0,MAE,0.0093375643750048219,0.0093341018751970559,0.0000034624998077659754,,0.0,0,not_applicable
4007,synthetic_num_small,random,0,MAE,0.0087654700899360418,0.0087753220237290823,-0.0000098519337930404063,,0.0,0,not_applicable
4008,synthetic_num_small,random,0,MAE,0.0089895427588558280,0.0089875611122901621,0.0000019816465656659110,,0.0,0,not_applicable
4009,synthetic_num_small,random,0,MAE,0.0087120958283582097,0.0087058679930633669,0.0000062278352948427351,,0.0,0,not_applicable
4010,synthetic_num_small,random,0,MAE,0.0093467186735110598,0.0093453526369308447,0.0000013660365802151652,,0.0,0,not_applicable
4011,synthetic_num_small,random,0,MAE,0.0089802089567158251,0.0089780028233075879,0.0000022061334082372388,,0.0,0,not_applicable
4012,synthetic_num_small,random,0,MAE,0.0088882542938675684,0.0088907758854284686,-0.0000025215915609001831,,0.0,0,not_applicable
4013,synthetic_num_small,random,0,MAE,0.0093081678598436364,0.0092977684568876610,0.000010399402955975467,,0.0,0,not_applicable
4014,synthetic_num_small,random,0,MAE,0.0092483284565731050,0.0092492810995805381,-9.5264300743317365e-7,,0.0,0,not_applicable
4015,synthetic_num_small,random,0,MAE,0.0094511913252962935,0.0094496885314852911,0.0000015027938110024457,,0.0,0,not_applicable
4016,synthetic_num_small,random,0,MAE,0.0086750309960758374,0.0086709272272656243,0.0000041037688102130957,,0.0,0,not_applicable
4017,synthetic_num_small,random,0,MAE,0.0087232184574098351,0.0087177403615897750,0.0000054780958200601125,,0.0,0,not_applicable
4018,synthetic_num_small,random,0,MAE,0.0086223153443871018,0.0086197009281418380,0.0000026144162452637983,,0.0,0,not_applicable
4019,synthetic_num_small,random,0,MAE,0.0084102108759764234,0.0084099539110728820,2.5696490354139929e-7,,0.0,0,not_applicable
4020,synthetic_num_small,random,0,MAE,0.0087235186767932118,0.0087266889565725501,-0.0000031702797793383499,,0.0,0,not_applicable
4001,synthetic_num_small,random,1/10,MAE,0.014758295365357884,0.020957073356295600,-0.0061987779909377157,0.17955558914971204,0.1,5,not_applicable
4002,synthetic_num_small,random,1/10,MAE,0.015093243284315275,0.022217470718950899,-0.0071242274346356243,0.18442457490431452,0.1,5,not_applicable
4003,synthetic_num_small,random,1/10,MAE,0.015550870318198531,0.022196884227038009,-0.0066460139088394772,0.18031594023991948,0.1,5,not_applicable
4004,synthetic_num_small,random,1/10,MAE,0.014736502943428369,0.022385277384335079,-0.0076487744409067096,0.18895201214388735,0.1,5,not_applicable
4005,synthetic_num_small,random,1/10,MAE,0.015145386307552392,0.021886281664591588,-0.0067408953570391956,0.17126086840688004,0.1,5,not_applicable
4006,synthetic_num_small,random,1/10,MAE,0.014941901631668066,0.021665514807302956,-0.0067236131756348903,0.2103605970389374,0.1,5,not_applicable
4007,synthetic_num_small,random,1/10,MAE,0.014756799207970335,0.021139123207701446,-0.0063823239997311101,0.18772540950936545,0.1,5,not_applicable
4008,synthetic_num_small,random,1/10,MAE,0.015502074482644289,0.022421877495735259,-0.0069198030130909704,0.18839392185476056,0.1,5,not_applicable
4009,synthetic_num_small,random,1/10,MAE,0.014860013237431330,0.022344142566385488,-0.0074841293289541585,0.22106075312875895,0.1,5,not_applicable
4010,synthetic_num_small,random,1/10,MAE,0.014492551398078529,0.020925339600877644,-0.0064327882027991148,0.15413337971618069,0.1,5,not_applicable
4011,synthetic_num_small,random,1/10,MAE,0.015232596693837421,0.022269997200352396,-0.0070374005065149755,0.22169502720277579,0.1,5,not_applicable
4012,synthetic_num_small,random,1/10,MAE,0.014724294663746170,0.022001484155687452,-0.0072771894919412823,0.1970316678806764,0.1,5,not_applicable
4013,synthetic_num_small,random,1/10,MAE,0.014759005118591345,0.021880672194200445,-0.0071216670756091003,0.20869448737627466,0.1,5,not_applicable
4014,synthetic_num_small,random,1/10,MAE,0.014958818376996164,0.021356138710200421,-0.0063973203332042568,0.17911371090043282,0.1,5,not_applicable
4015,synthetic_num_small,random,1/10,MAE,0.015750511702365179,0.023307970194231557,-0.0075574584918663783,0.2135381359890417,0.1,5,not_applicable
4016,synthetic_num_small,random,1/10,MAE,0.014979809233725753,0.022270328659797476,-0.0072905194260717227,0.22607911017212,0.1,5,not_applicable
4017,synthetic_num_small,random,1/10,MAE,0.014831929225323864,0.021891376275142285,-0.0070594470498184207,0.19853327368668616,0.1,5,not_applicable
4018,synthetic_num_small,random,1/10,MAE,0.015191743280520055,0.022626784191839593,-0.0074350409113195383,0.15642891977600637,0.1,5,not_applicable
4019,synthetic_num_small,random,1/10,MAE,0.014646878681218201,0.021743614515775235,-0.0070967358345570330,0.17867434581557018,0.1,5,not_applicable
4020,synthetic_num_small,random,1/10,MAE,0.014587986311849795,0.021567675057983614,-0.0069796887461338188,0.1620470845419416,0.1,5,not_applicable
4001,synthetic_num_small,random,3/10,MAE,0.030805060944738627,0.045349138506818731,-0.014544077562080104,0.19495712818896338,0.3,5,not_applicable
4002,synthetic_num_small,random,3/10,MAE,0.030795059135246668,0.045397500255876705,-0.014602441120630037,0.1885456967456336,0.3,5,not_applicable
4003,synthetic_num_small,random,3/10,MAE,0.031551271861506169,0.046415918848945306,-0.014864646987439138,0.17025458245728808,0.3,5,not_applicable
4004,synthetic_num_small,random,3/10,MAE,0.030775980522184612,0.046468834961355248,-0.015692854439170636,0.20037479701101157,0.3,5,not_applicable
4005,synthetic_num_small,random,3/10,MAE,0.031082634860371389,0.046664789518282933,-0.015582154657911544,0.1906262144533638,0.3,5,not_applicable
4006,synthetic_num_small,random,3/10,MAE,0.029964811803656967,0.045092191690996816,-0.015127379887339849,0.19646197257462716,0.3,5,not_applicable
4007,synthetic_num_small,random,3/10,MAE,0.030204585347604681,0.044279775541161377,-0.014075190193556696,0.19166415022180583,0.3,5,not_applicable
4008,synthetic_num_small,random,3/10,MAE,0.031711296820545206,0.046228383457525998,-0.014517086636980793,0.19095968137855313,0.3,5,not_applicable
4009,synthetic_num_small,random,3/10,MAE,0.030404906954913677,0.044692866583824888,-0.014287959628911211,0.2164726620778492,0.3,5,not_applicable
4010,synthetic_num_small,random,3/10,MAE,0.031611579215534985,0.048135717899855394,-0.016524138684320409,0.19439227326620756,0.3,5,not_applicable
4011,synthetic_num_small,random,3/10,MAE,0.031736778430975730,0.047769956117705223,-0.016033177686729494,0.2200974072414673,0.3,5,not_applicable
4012,synthetic_num_small,random,3/10,MAE,0.030970648919470780,0.045883872193569728,-0.014913223274098947,0.214513607772294,0.3,5,not_applicable
4013,synthetic_num_small,random,3/10,MAE,0.029729076610434917,0.045503468510262529,-0.015774391899827612,0.21222515575703088,0.3,5,not_applicable
4014,synthetic_num_small,random,3/10,MAE,0.029637320186132220,0.043693364224227681,-0.014056044038095461,0.1906470919197505,0.3,5,not_applicable
4015,synthetic_num_small,random,3/10,MAE,0.030264697124417680,0.044639449670896787,-0.014374752546479107,0.19664580865978282,0.3,5,not_applicable
4016,synthetic_num_small,random,3/10,MAE,0.030997648019543401,0.046693561471174227,-0.015695913451630826,0.19043328443957286,0.3,5,not_applicable
4017,synthetic_num_small,random,3/10,MAE,0.031713350449658779,0.047405328036556494,-0.015691977586897715,0.18391956848862634,0.3,5,not_applicable
4018,synthetic_num_small,random,3/10,MAE,0.031400119233282996,0.047580788581646119,-0.016180669348363124,0.19322762291171136,0.3,5,not_applicable
4019,synthetic_num_small,random,3/10,MAE,0.031660999017741483,0.046654943889820026,-0.014993944872078544,0.1778651781682863,0.3,5,not_applicable
4020,synthetic_num_small,random,3/10,MAE,0.032595262095533237,0.048672048762733081,-0.016076786667199844,0.18758786954433782,0.3,5,not_applicable
4001,synthetic_num_small,random,1/2,MAE,0.052146019291096963,0.070598308818498466,-0.018452289527401503,0.1987735210763888,0.5,5,not_applicable
4002,synthetic_num_small,random,1/2,MAE,0.053479974294050363,0.070976109435780682,-0.017496135141730319,0.18238993315970198,0.5,5,not_applicable
4003,synthetic_num_small,random,1/2,MAE,0.054811747115587376,0.072646723580562462,-0.017834976464975086,0.18924495010413778,0.5,5,not_applicable
4004,synthetic_num_small,random,1/2,MAE,0.050931147649979158,0.068921102209911893,-0.017989954559932734,0.1899963696670166,0.5,5,not_applicable
4005,synthetic_num_small,random,1/2,MAE,0.052905356807227660,0.071975367736306167,-0.019070010929078507,0.2001553249458149,0.5,5,not_applicable
4006,synthetic_num_small,random,1/2,MAE,0.049304657930854271,0.067829548836763140,-0.018524890905908869,0.20582738046805377,0.5,5,not_applicable
4007,synthetic_num_small,random,1/2,MAE,0.049967474289454014,0.066634233352921024,-0.016666759063467010,0.19347033178237938,0.5,5,not_applicable
4008,synthetic_num_small,random,1/2,MAE,0.052582756629897657,0.070645921756173885,-0.018063165126276229,0.19064246184488998,0.5,5,not_applicable
4009,synthetic_num_small,random,1/2,MAE,0.049489322973223730,0.067877581161587667,-0.018388258188363937,0.21542205301379336,0.5,5,not_applicable
4010,synthetic_num_small,random,1/2,MAE,0.052645556816913692,0.072005472574335323,-0.019359915757421631,0.19802459574298675,0.5,5,not_applicable
4011,synthetic_num_small,random,1/2,MAE,0.052885613888112211,0.071913416396649992,-0.019027802508537781,0.21134142000749134,0.5,5,not_applicable
4012,synthetic_num_small,random,1/2,MAE,0.054458651183158102,0.073353023990421578,-0.018894372807263476,0.19971106128050026,0.5,5,not_applicable
4013,synthetic_num_small,random,1/2,MAE,0.053165592603794163,0.072227225589541922,-0.019061632985747759,0.21270116822835272,0.5,5,not_applicable
4014,synthetic_num_small,random,1/2,MAE,0.050195806725119397,0.066393581480399269,-0.016197774755279872,0.17650063342730749,0.5,5,not_applicable
4015,synthetic_num_small,random,1/2,MAE,0.055018613750641009,0.074048570679619049,-0.019029956928978040,0.20391877792934032,0.5,5,not_applicable
4016,synthetic_num_small,random,1/2,MAE,0.052083948264592031,0.070437578335719056,-0.018353630071127026,0.19501969166489685,0.5,5,not_applicable
4017,synthetic_num_small,random,1/2,MAE,0.054638371894434047,0.073022926163665321,-0.018384554269231274,0.18733501104058403,0.5,5,not_applicable
4018,synthetic_num_small,random,1/2,MAE,0.053850494006437400,0.072450410438568006,-0.018599916432130606,0.18131150799374895,0.5,5,not_applicable
4019,synthetic_num_small,random,1/2,MAE,0.053147403679970345,0.071072847462142328,-0.017925443782171983,0.16789226794661682,0.5,5,not_applicable
4020,synthetic_num_small,random,1/2,MAE,0.052480833392453917,0.070312256299872131,-0.017831422907418214,0.1657012921540849,0.5,5,not_applicable
4001,synthetic_num_small,random,7/10,MAE,0.081737741546494242,0.097032124779597581,-0.015294383233103339,0.20227724180014284,0.7,5,not_applicable
4002,synthetic_num_small,random,7/10,MAE,0.080071184746056727,0.095079478151942394,-0.015008293405885668,0.17197137165465082,0.7,5,not_applicable
4003,synthetic_num_small,random,7/10,MAE,0.081234760445285339,0.095923303048204613,-0.014688542602919274,0.1787560475289397,0.7,5,not_applicable
4004,synthetic_num_small,random,7/10,MAE,0.079546711120536483,0.094675870050528585,-0.015129158929992102,0.18711557121268463,0.7,5,not_applicable
4005,synthetic_num_small,random,7/10,MAE,0.079945560345638529,0.095164134523878440,-0.015218574178239910,0.18881950479455445,0.7,5,not_applicable
4006,synthetic_num_small,random,7/10,MAE,0.075804940854186234,0.092021971064014582,-0.016217030209828347,0.2055845840148824,0.7,5,not_applicable
4007,synthetic_num_small,random,7/10,MAE,0.077217305241360231,0.091432203561518281,-0.014214898320158049,0.18716166721891592,0.7,5,not_applicable
4008,synthetic_num_small,random,7/10,MAE,0.080844187318074689,0.096177828869173335,-0.015333641551098646,0.19503600023779266,0.7,5,not_applicable
4009,synthetic_num_small,random,7/10,MAE,0.077719475763629686,0.092233210425352041,-0.014513734661722355,0.2010227305591623,0.7,5,not_applicable
4010,synthetic_num_small,random,7/10,MAE,0.084011948864197983,0.10100286534393671,-0.016990916479738727,0.19668525344997112,0.7,5,not_applicable
4011,synthetic_num_small,random,7/10,MAE,0.081742638292277485,0.097446562809195195,-0.015703924516917710,0.2083581432002501,0.7,5,not_applicable
4012,synthetic_num_small,random,7/10,MAE,0.079596350711292598,0.095235913917051829,-0.015639563205759230,0.19365706813977746,0.7,5,not_applicable
4013,synthetic_num_small,random,7/10,MAE,0.076981678272716400,0.092045091012515029,-0.015063412739798629,0.20647262983290304,0.7,5,not_applicable
4014,synthetic_num_small,random,7/10,MAE,0.074451970304275356,0.088087868744023456,-0.013635898439748100,0.1855705585624231,0.7,5,not_applicable
4015,synthetic_num_small,random,7/10,MAE,0.081313248892158127,0.097435359667004984,-0.016122110774846857,0.2101813102004207,0.7,5,not_applicable
4016,synthetic_num_small,random,7/10,MAE,0.078566265264362042,0.093185966092464556,-0.014619700828102514,0.19000990832965237,0.7,5,not_applicable
4017,synthetic_num_small,random,7/10,MAE,0.082722515066567722,0.098443659680850005,-0.015721144614282282,0.18220611336723447,0.7,5,not_applicable
4018,synthetic_num_small,random,7/10,MAE,0.080569012833760001,0.095618003758213257,-0.015048990924453256,0.19135470205456628,0.7,5,not_applicable
4019,synthetic_num_small,random,7/10,MAE,0.079588011979880730,0.094015348204279879,-0.014427336224399149,0.17709149358680953,0.7,5,not_applicable
4020,synthetic_num_small,random,7/10,MAE,0.081788559686652944,0.097160037646134285,-0.015371477959481341,0.1721691946554399,0.7,5,not_applicable
4001,synthetic_num_small,random,9/10,MAE,0.11684878200691261,0.12204769958194716,-0.0051989175750345571,0.2013360037315261,0.9,5,not_applicable
4002,synthetic_num_small,random,9/10,MAE,0.11624600260373002,0.12201948175878100,-0.0057734791550509787,0.1708467365280788,0.9,5,not_applicable
4003,synthetic_num_small,random,9/10,MAE,0.11708909470141536,0.12288499540101415,-0.0057959006995987861,0.19161503884769981,0.9,5,not_applicable
4004,synthetic_num_small,random,9/10,MAE,0.11495595987660375,0.12114989015592259,-0.0061939302793188358,0.19096866059160256,0.9,5,not_applicable
4005,synthetic_num_small,random,9/10,MAE,0.11306426640580192,0.11914454708062749,-0.0060802806748255706,0.19773657924592059,0.9,5,not_applicable
4006,synthetic_num_small,random,9/10,MAE,0.11237887134228023,0.11875651386660337,-0.0063776425243231390,0.20153305502839924,0.9,5,not_applicable
4007,synthetic_num_small,random,9/10,MAE,0.10717140408055825,0.11265500246354737,-0.0054835983829891178,0.18488453822774387,0.9,5,not_applicable
4008,synthetic_num_small,random,9/10,MAE,0.11426622982823013,0.12007663343606430,-0.0058104036078341721,0.19504432833372265,0.9,5,not_applicable
4009,synthetic_num_small,random,9/10,MAE,0.10789027843028342,0.11364335397543671,-0.0057530755451532877,0.20146286118301054,0.9,5,not_applicable
4010,synthetic_num_small,random,9/10,MAE,0.12129879635216062,0.12786441606347439,-0.0065656197113137713,0.1909981816636731,0.9,5,not_applicable
4011,synthetic_num_small,random,9/10,MAE,0.11509755911584883,0.12104593558677604,-0.0059483764709272119,0.2063199310668538,0.9,5,not_applicable
4012,synthetic_num_small,random,9/10,MAE,0.11548400487421714,0.12140655543616928,-0.0059225505619521389,0.19966916822710346,0.9,5,not_applicable
4013,synthetic_num_small,random,9/10,MAE,0.11359724780679710,0.11931398405433404,-0.0057167362475369437,0.21604936279776155,0.9,5,not_applicable
4014,synthetic_num_small,random,9/10,MAE,0.10320651942283695,0.10850659636730072,-0.0053000769444637752,0.1821595353811104,0.9,5,not_applicable
4015,synthetic_num_small,random,9/10,MAE,0.11751193974705815,0.12329693351555761,-0.0057849937684994589,0.2048075568263354,0.9,5,not_applicable
4016,synthetic_num_small,random,9/10,MAE,0.11412197580260531,0.11954682271175789,-0.0054248469091525852,0.1984926027938529,0.9,5,not_applicable
4017,synthetic_num_small,random,9/10,MAE,0.11898834450862396,0.12449371230841770,-0.0055053677997937314,0.18596271840273726,0.9,5,not_applicable
4018,synthetic_num_small,random,9/10,MAE,0.11490003311107124,0.12101112276725470,-0.0061110896561834582,0.19970042151761902,0.9,5,not_applicable
4019,synthetic_num_small,random,9/10,MAE,0.11409018144989936,0.11942942274560225,-0.0053392412957028913,0.17875303072569704,0.9,5,not_applicable
4020,synthetic_num_small,random,9/10,MAE,0.11658093706680522,0.12248300624039523,-0.0059020691735900107,0.17456166001240636,0.9,5,not_applicable
4001,synthetic_num_small,on_off,0,MAE,0.0094154848195143810,0.0094142816776775042,0.0000012031418368767973,,0.0,0,benign-first
4002,synthetic_num_small,on_off,0,MAE,0.0088542224790237673,0.0088555142310047087,-0.0000012917519809413709,,0.0,0,benign-first
4003,synthetic_num_small,on_off,0,MAE,0.010100524752485033,0.010093758509674869,0.0000067662428101637985,,0.0,0,benign-first
4004,synthetic_num_small,on_off,0,MAE,0.0089253131283006037,0.0089367573974147788,-0.000011444269114175151,,0.0,0,benign-first
4005,synthetic_num_small,on_off,0,MAE,0.0091058917048258886,0.0091117493843632674,-0.0000058576795373788373,,0.0,0,benign-first
4006,synthetic_num_small,on_off,0,MAE,0.0093375643750048219,0.0093341018751970559,0.0000034624998077659754,,0.0,0,benign-first
4007,synthetic_num_small,on_off,0,MAE,0.0087654700899360418,0.0087753220237290823,-0.0000098519337930404063,,0.0,0,benign-first
4008,synthetic_num_small,on_off,0,MAE,0.0089895427588558280,0.0089875611122901621,0.0000019816465656659110,,0.0,0,benign-first
4009,synthetic_num_small,on_off,0,MAE,0.0087120958283582097,0.0087058679930633669,0.0000062278352948427351,,0.0,0,benign-first
4010,synthetic_num_small,on_off,0,MAE,0.0093467186735110598,0.0093453526369308447,0.0000013660365802151652,,0.0,0,benign-first
4011,synthetic_num_small,on_off,0,MAE,0.0089802089567158251,0.0089780028233075879,0.0000022061334082372388,,0.0,0,attack-first
4012,synthetic_num_small,on_off,0,MAE,0.0088882542938675684,0.0088907758854284686,-0.0000025215915609001831,,0.0,0,attack-first
4013,synthetic_num_small,on_off,0,MAE,0.0093081678598436364,0.0092977684568876610,0.000010399402955975467,,0.0,0,attack-first
4014,synthetic_num_small,on_off,0,MAE,0.0092483284565731050,0.0092492810995805381,-9.5264300743317365e-7,,0.0,0,attack-first
4015,synthetic_num_small,on_off,0,MAE,0.0094511913252962935,0.0094496885314852911,0.0000015027938110024457,,0.0,0,attack-first
4016,synthetic_num_small,on_off,0,MAE,0.0086750309960758374,0.0086709272272656243,0.0000041037688102130957,,0.0,0,attack-first
4017,synthetic_num_small,on_off,0,MAE,0.0087232184574098351,0.0087177403615897750,0.0000054780958200601125,,0.0,0,attack-first
4018,synthetic_num_small,on_off,0,MAE,0.0086223153443871018,0.0086197009281418380,0.0000026144162452637983,,0.0,0,attack-first
4019,synthetic_num_small,on_off,0,MAE,0.0084102108759764234,0.0084099539110728820,2.5696490354139929e-7,,0.0,0,attack-first
4020,synthetic_num_small,on_off,0,MAE,0.0087235186767932118,0.0087266889565725501,-0.0000031702797793383499,,0.0,0,attack-first
4001,synthetic_num_small,on_off,1/10,MAE,0.013363189305714129,0.017088091527883715,-0.0037249022221695862,0.19073882723916868,0.05,5,benign-first
4002,synthetic_num_small,on_off,1/10,MAE,0.013507151357059599,0.016898456110838584,-0.0033913047537789850,0.14746725311878106,0.05,5,benign-first
4003,synthetic_num_small,on_off,1/10,MAE,0.013949072639402999,0.017468792159243525,-0.0035197195198405266,0.14694953655906928,0.05,5,benign-first
4004,synthetic_num_small,on_off,1/10,MAE,0.012863254153107898,0.016220146218411346,-0.0033568920653034484,0.13369367524120135,0.05,5,benign-first
4005,synthetic_num_small,on_off,1/10,MAE,0.013870909343402126,0.017477018838859749,-0.0036061094954576224,0.13536265712863715,0.05,5,benign-first
4006,synthetic_num_small,on_off,1/10,MAE,0.014171974717498195,0.017838187315256873,-0.0036662125977586780,0.17355061823729634,0.05,5,benign-first
4007,synthetic_num_small,on_off,1/10,MAE,0.013336005592989093,0.016341319991979070,-0.0030053143989899773,0.15131338952287787,0.05,5,benign-first
4008,synthetic_num_small,on_off,1/10,MAE,0.013948083374466226,0.017748473279410182,-0.0038003899049439561,0.17160715818214,0.05,5,benign-first
4009,synthetic_num_small,on_off,1/10,MAE,0.012855279282347844,0.016537818017670872,-0.0036825387353230274,0.1892720433743338,0.05,5,benign-first
4010,synthetic_num_small,on_off,1/10,MAE,0.012999810857705692,0.016858080407179871,-0.0038582695494741797,0.18177877266626163,0.05,5,benign-first
4011,synthetic_num_small,on_off,1/10,MAE,0.014604868520590224,0.017895481984856417,-0.0032906134642661927,0.0019859524095278136,0.05,0,attack-first
4012,synthetic_num_small,on_off,1/10,MAE,0.014924304502171185,0.018124690517299537,-0.0032003860151283518,-0.0009256125107661717,0.05,0,attack-first
4013,synthetic_num_small,on_off,1/10,MAE,0.015390867269723965,0.018740367550340479,-0.0033495002806165132,-0.0015435470755210678,0.05,0,attack-first
4014,synthetic_num_small,on_off,1/10,MAE,0.015632785762344909,0.018484676053770712,-0.0028518902914258031,0.0010276228030916545,0.05,0,attack-first
4015,synthetic_num_small,on_off,1/10,MAE,0.015479525317113232,0.019180063370140267,-0.0037005380530270351,0.00035545376139001217,0.05,0,attack-first
4016,synthetic_num_small,on_off,1/10,MAE,0.015015387926841122,0.017699325119583927,-0.0026839371927428050,0.00182262639084263,0.05,0,attack-first
4017,synthetic_num_small,on_off,1/10,MAE,0.015465329977457602,0.018706249301767089,-0.0032409193243094875,0.0002540046097544435,0.05,0,attack-first
4018,synthetic_num_small,on_off,1/10,MAE,0.014649774216673540,0.018049157198571603,-0.0033993829818980634,0.0003398655000089734,0.05,0,attack-first
4019,synthetic_num_small,on_off,1/10,MAE,0.015081742249038015,0.018485181517131724,-0.0034034392680937086,0.0018136338091989668,0.05,0,attack-first
4020,synthetic_num_small,on_off,1/10,MAE,0.014964560049454931,0.018250282549725883,-0.0032857225002709511,-0.0023927300145223374,0.05,0,attack-first
4001,synthetic_num_small,on_off,3/10,MAE,0.032299225429864454,0.040953543144532941,-0.0086543177146684865,0.1947580021541987,0.15,5,benign-first
4002,synthetic_num_small,on_off,3/10,MAE,0.032162127647549624,0.038786235981495565,-0.0066241083339459404,0.14811607041665265,0.15,5,benign-first
4003,synthetic_num_small,on_off,3/10,MAE,0.033875366833564714,0.040993141516875922,-0.0071177746833112073,0.14732443755054103,0.15,5,benign-first
4004,synthetic_num_small,on_off,3/10,MAE,0.033368350040978042,0.040384448422056064,-0.0070160983810780222,0.1353214629449747,0.15,5,benign-first
4005,synthetic_num_small,on_off,3/10,MAE,0.033865169156438264,0.041553466436135300,-0.0076882972796970363,0.13788269262759134,0.15,5,benign-first
4006,synthetic_num_small,on_off,3/10,MAE,0.032388364655661159,0.040184910119902563,-0.0077965454642414046,0.17853426539245376,0.15,5,benign-first
4007,synthetic_num_small,on_off,3/10,MAE,0.031048944484601509,0.037598727425903179,-0.0065497829413016701,0.14992804346864286,0.15,5,benign-first
4008,synthetic_num_small,on_off,3/10,MAE,0.033442879176019950,0.041452615244390612,-0.0080097360683706613,0.17218370384585346,0.15,5,benign-first
4009,synthetic_num_small,on_off,3/10,MAE,0.031577817045334855,0.039329381336255237,-0.0077515642909203812,0.19838605964475725,0.15,5,benign-first
4010,synthetic_num_small,on_off,3/10,MAE,0.031360018543670445,0.039837983649024010,-0.0084779651053535649,0.1864492179790035,0.15,5,benign-first
4011,synthetic_num_small,on_off,3/10,MAE,0.039549601173646276,0.044932567856546801,-0.0053829666829005249,-0.0006369411131161851,0.15,0,attack-first
4012,synthetic_num_small,on_off,3/10,MAE,0.040169118215229492,0.045494445973185509,-0.0053253277579560168,0.0011353230671398151,0.15,0,attack-first
4013,synthetic_num_small,on_off,3/10,MAE,0.040120153000319424,0.045549529663447075,-0.0054293766631276519,0.0018186698919578914,0.15,0,attack-first
4014,synthetic_num_small,on_off,3/10,MAE,0.038584538126363144,0.043300852428937674,-0.0047163143025745307,0.00032791983536406555,0.15,0,attack-first
4015,synthetic_num_small,on_off,3/10,MAE,0.040455159360994166,0.046159725177716964,-0.0057045658167227978,-0.0015780690131477204,0.15,0,attack-first
4016,synthetic_num_small,on_off,3/10,MAE,0.037443665005324107,0.041851542884357493,-0.0044078778790333861,0.001001476919680333,0.15,0,attack-first
4017,synthetic_num_small,on_off,3/10,MAE,0.039662226306878416,0.044595840031338599,-0.0049336137244601829,-0.0013584306898103415,0.15,0,attack-first
4018,synthetic_num_small,on_off,3/10,MAE,0.039405835601930399,0.044860403785860263,-0.0054545681839298645,-0.0003326640153027416,0.15,0,attack-first
4019,synthetic_num_small,on_off,3/10,MAE,0.040442054903800089,0.046051333217510090,-0.0056092783137100007,0.000552607721947207,0.15,0,attack-first
4020,synthetic_num_small,on_off,3/10,MAE,0.039426867522725877,0.044873036658671105,-0.0054461691359452282,0.00237825358035626,0.15,0,attack-first
4001,synthetic_num_small,on_off,1/2,MAE,0.058908903530228996,0.064831550280210784,-0.0059226467499817883,0.18947757337259707,0.25,5,benign-first
4002,synthetic_num_small,on_off,1/2,MAE,0.058287518343116173,0.061977964967821572,-0.0036904466247053985,0.15121195147026156,0.25,5,benign-first
4003,synthetic_num_small,on_off,1/2,MAE,0.061094671846955427,0.064955950497233155,-0.0038612786502777277,0.1461515576025495,0.25,5,benign-first
4004,synthetic_num_small,on_off,1/2,MAE,0.059330907519953059,0.063392775568262278,-0.0040618680483092188,0.13807532325539218,0.25,5,benign-first
4005,synthetic_num_small,on_off,1/2,MAE,0.061292208095687548,0.065915369775622685,-0.0046231616799351365,0.13805407036808914,0.25,5,benign-first
4006,synthetic_num_small,on_off,1/2,MAE,0.057428936306390068,0.063043213856676069,-0.0056142775502860013,0.18026723187431126,0.25,5,benign-first
4007,synthetic_num_small,on_off,1/2,MAE,0.054656227189126081,0.058937304920841836,-0.0042810777317157554,0.14472739091571307,0.25,5,benign-first
4008,synthetic_num_small,on_off,1/2,MAE,0.060746145797756975,0.065638889618517055,-0.0048927438207600808,0.17474134958159548,0.25,5,benign-first
4009,synthetic_num_small,on_off,1/2,MAE,0.056603302262261176,0.061633949576110611,-0.0050306473138494350,0.19459280835824944,0.25,5,benign-first
4010,synthetic_num_small,on_off,1/2,MAE,0.058030699746403495,0.064217459595143938,-0.0061867598487404436,0.18702438973979807,0.25,5,benign-first
4011,synthetic_num_small,on_off,1/2,MAE,0.071972919409083981,0.072002873014973674,-0.000029953605889692819,0.00025028074085819974,0.25,0,attack-first
4012,synthetic_num_small,on_off,1/2,MAE,0.071934145816788528,0.071957116884884594,-0.000022971068096066825,0.0007825463341462058,0.25,0,attack-first
4013,synthetic_num_small,on_off,1/2,MAE,0.072730103157588679,0.072749290286445440,-0.000019187128856760225,-3.184729396865649e-05,0.25,0,attack-first
4014,synthetic_num_small,on_off,1/2,MAE,0.068228267697161602,0.068187429841320599,0.000040837855841002747,-0.0010182006942864863,0.25,0,attack-first
4015,synthetic_num_small,on_off,1/2,MAE,0.074074754270170952,0.073999168533360477,0.000075585736810474800,-0.0014132562486108835,0.25,0,attack-first
4016,synthetic_num_small,on_off,1/2,MAE,0.066438620137098847,0.066487084665570476,-0.000048464528471629015,0.0008821250369163147,0.25,0,attack-first
4017,synthetic_num_small,on_off,1/2,MAE,0.070876360373249664,0.070906797403413151,-0.000030437030163487667,0.0014973562765253634,0.25,0,attack-first
4018,synthetic_num_small,on_off,1/2,MAE,0.072375926579969641,0.072348192737505475,0.000027733842464165574,-0.00017081963767306974,0.25,0,attack-first
4019,synthetic_num_small,on_off,1/2,MAE,0.073163691933107087,0.073099943448142473,0.000063748484964614796,-0.0017117264772097407,0.25,0,attack-first
4020,synthetic_num_small,on_off,1/2,MAE,0.072724872418889669,0.072706465267054968,0.000018407151834700711,-0.0016952205365740047,0.25,0,attack-first
4001,synthetic_num_small,on_off,7/10,MAE,0.088338157481907397,0.088300511689336994,0.000037645792570402939,0.1914662166228096,0.35,5,benign-first
4002,synthetic_num_small,on_off,7/10,MAE,0.086002942602885354,0.084699086363864850,0.0013038562390205042,0.15079173581183003,0.35,5,benign-first
4003,synthetic_num_small,on_off,7/10,MAE,0.090838165600091383,0.089056565988542355,0.0017815996115490277,0.14635088643136873,0.35,5,benign-first
4004,synthetic_num_small,on_off,7/10,MAE,0.087224285513639532,0.086164116521598378,0.0010601689920411540,0.13636913655392913,0.35,5,benign-first
4005,synthetic_num_small,on_off,7/10,MAE,0.091065784305717014,0.089962839966999126,0.0011029443387178876,0.13848888756383315,0.35,5,benign-first
4006,synthetic_num_small,on_off,7/10,MAE,0.086232022364827495,0.086627221057621650,-0.00039519869279415540,0.1802938685420552,0.35,5,benign-first
4007,synthetic_num_small,on_off,7/10,MAE,0.080305386739694865,0.080297215060426957,0.0000081716792679083798,0.1516636347349345,0.35,5,benign-first
4008,synthetic_num_small,on_off,7/10,MAE,0.091655373669127697,0.090279435195654833,0.0013759384734728641,0.1715867069357523,0.35,5,benign-first
4009,synthetic_num_small,on_off,7/10,MAE,0.084987547154793078,0.084847408617250103,0.00014013853754297489,0.19643630549636842,0.35,5,benign-first
4010,synthetic_num_small,on_off,7/10,MAE,0.087124194317239844,0.087491848927395663,-0.00036765461015581910,0.18907298719515087,0.35,5,benign-first
4011,synthetic_num_small,on_off,7/10,MAE,0.10407041672198532,0.098672189776422575,0.0053982269455627462,-0.000331500987540978,0.35,0,attack-first
4012,synthetic_num_small,on_off,7/10,MAE,0.10405914239564909,0.098797471189082906,0.0052616712065661856,-0.0012006100221860772,0.35,0,attack-first
4013,synthetic_num_small,on_off,7/10,MAE,0.10527792548733248,0.099856290937233061,0.0054216345500994239,-0.0009886250914414862,0.35,0,attack-first
4014,synthetic_num_small,on_off,7/10,MAE,0.097890532683952081,0.093218719033069655,0.0046718136508824268,0.002020865478584599,0.35,0,attack-first
4015,synthetic_num_small,on_off,7/10,MAE,0.10819343885907837,0.10253259219854748,0.0056608466605308842,0.000775260801515687,0.35,0,attack-first
4016,synthetic_num_small,on_off,7/10,MAE,0.096508460540951000,0.092145244728217073,0.0043632158127339272,-7.27379880660628e-06,0.35,0,attack-first
4017,synthetic_num_small,on_off,7/10,MAE,0.10204778593848312,0.097066979109436126,0.0049808068290469898,-0.0014743319557395385,0.35,0,attack-first
4018,synthetic_num_small,on_off,7/10,MAE,0.10517629158884857,0.099628307808696141,0.0055479837801524263,0.0007743946276621561,0.35,0,attack-first
4019,synthetic_num_small,on_off,7/10,MAE,0.10567653636757723,0.10023862928665078,0.0054379070809264455,0.0018138186946500268,0.35,0,attack-first
4020,synthetic_num_small,on_off,7/10,MAE,0.10488401580792795,0.099409964779878656,0.0054740510280492893,0.0005166793983482076,0.35,0,attack-first
4001,synthetic_num_small,on_off,9/10,MAE,0.11399008316306474,0.11249807637244209,0.0014920067906226578,0.1924750972867405,0.45,5,benign-first
4002,synthetic_num_small,on_off,9/10,MAE,0.10937181016347971,0.10749429795795660,0.0018775122055231066,0.14980162235495464,0.45,5,benign-first
4003,synthetic_num_small,on_off,9/10,MAE,0.11430791855001469,0.11223646280172651,0.0020714557482881816,0.14919718787616076,0.45,5,benign-first
4004,synthetic_num_small,on_off,9/10,MAE,0.11191281130140165,0.11015813725672503,0.0017546740446766254,0.132708020810409,0.45,5,benign-first
4005,synthetic_num_small,on_off,9/10,MAE,0.11663971452278954,0.11482379663167461,0.0018159178911149293,0.1410373891542589,0.45,5,benign-first
4006,synthetic_num_small,on_off,9/10,MAE,0.11059229992409263,0.10932541118160167,0.0012668887424909581,0.17946784008655026,0.45,5,benign-first
4007,synthetic_num_small,on_off,9/10,MAE,0.10326129904764677,0.10206757310351696,0.0011937259441298120,0.14374037143456986,0.45,5,benign-first
4008,synthetic_num_small,on_off,9/10,MAE,0.11586483684391831,0.11381793350866779,0.0020469033352505183,0.1702040878081974,0.45,5,benign-first
4009,synthetic_num_small,on_off,9/10,MAE,0.10939594974290368,0.10798644088280265,0.0014095088601010314,0.1928850646628829,0.45,5,benign-first
4010,synthetic_num_small,on_off,9/10,MAE,0.11298113917911055,0.11160915805860204,0.0013719811205085098,0.18334785448615132,0.45,5,benign-first
4011,synthetic_num_small,on_off,9/10,MAE,0.12903072640573386,0.12550155216184649,0.0035291742438873719,-0.0003759366420460486,0.45,0,attack-first
4012,synthetic_num_small,on_off,9/10,MAE,0.12911360904678091,0.12570570138957427,0.0034079076572066392,0.0009044179733587177,0.45,0,attack-first
4013,synthetic_num_small,on_off,9/10,MAE,0.13044194777948601,0.12696803781342468,0.0034739099660613319,0.0020818024246330724,0.45,0,attack-first
4014,synthetic_num_small,on_off,9/10,MAE,0.12178574488432742,0.11873121735189591,0.0030545275324315032,-0.0029466670342708223,0.45,0,attack-first
4015,synthetic_num_small,on_off,9/10,MAE,0.13349048527857877,0.12980219036776863,0.0036882949108101365,0.0011868053304279202,0.45,0,attack-first
4016,synthetic_num_small,on_off,9/10,MAE,0.11997515729730622,0.11705535454282459,0.0029198027544816296,-0.0002593846835243774,0.45,0,attack-first
4017,synthetic_num_small,on_off,9/10,MAE,0.12672445471031220,0.12344494947003511,0.0032795052402770846,0.00039568856831928567,0.45,0,attack-first
4018,synthetic_num_small,on_off,9/10,MAE,0.13056618105657948,0.12700011258777237,0.0035660684688071118,0.0024875185638182362,0.45,0,attack-first
4019,synthetic_num_small,on_off,9/10,MAE,0.13077685146239790,0.12731457181177846,0.0034622796506194413,-0.0023127392501742783,0.45,0,attack-first
4020,synthetic_num_small,on_off,9/10,MAE,0.12999116633131046,0.12646027319338564,0.0035308931379248183,0.0016273016263680384,0.45,0,attack-first
4001,synthetic_num_shifted,persistent,0,MAE,0.0085294739620279895,0.0085231256224784736,0.0000063483395495158542,,0.0,0,not_applicable
4002,synthetic_num_shifted,persistent,0,MAE,0.0092091026969107094,0.0092024737525964528,0.0000066289443142565955,,0.0,0,not_applicable
4003,synthetic_num_shifted,persistent,0,MAE,0.0090399430451596418,0.0090361162960434771,0.0000038267491161646572,,0.0,0,not_applicable
4004,synthetic_num_shifted,persistent,0,MAE,0.0090372252161641538,0.0090349767822551450,0.0000022484339090087761,,0.0,0,not_applicable
4005,synthetic_num_shifted,persistent,0,MAE,0.0092619674578964728,0.0092567105882238368,0.0000052568696726360106,,0.0,0,not_applicable
4006,synthetic_num_shifted,persistent,0,MAE,0.0081782629065861772,0.0081837461160661640,-0.0000054832094799868182,,0.0,0,not_applicable
4007,synthetic_num_shifted,persistent,0,MAE,0.0083301206131470101,0.008327553412483688,0.0000025672006633220831,,0.0,0,not_applicable
4008,synthetic_num_shifted,persistent,0,MAE,0.0091381356106335022,0.0091288296176602486,0.0000093059929732536069,,0.0,0,not_applicable
4009,synthetic_num_shifted,persistent,0,MAE,0.0086538495896057065,0.0086561571178471635,-0.0000023075282414569886,,0.0,0,not_applicable
4010,synthetic_num_shifted,persistent,0,MAE,0.0088991454768302414,0.0089018669124383732,-0.0000027214356081318184,,0.0,0,not_applicable
4011,synthetic_num_shifted,persistent,0,MAE,0.0087453850363389270,0.0087445601167255343,8.2491961339273657e-7,,0.0,0,not_applicable
4012,synthetic_num_shifted,persistent,0,MAE,0.0087814587142298286,0.0087880677827848306,-0.0000066090685550019614,,0.0,0,not_applicable
4013,synthetic_num_shifted,persistent,0,MAE,0.0092199474848305197,0.0092262192704976552,-0.0000062717856671355157,,0.0,0,not_applicable
4014,synthetic_num_shifted,persistent,0,MAE,0.0088546834038539136,0.0088508437777432947,0.0000038396261106189576,,0.0,0,not_applicable
4015,synthetic_num_shifted,persistent,0,MAE,0.0089935692076192841,0.0089881864978228074,0.0000053827097964766502,,0.0,0,not_applicable
4016,synthetic_num_shifted,persistent,0,MAE,0.0089749765278291802,0.0089721127600753815,0.0000028637677537987753,,0.0,0,not_applicable
4017,synthetic_num_shifted,persistent,0,MAE,0.0093797573893023955,0.0093779868153590815,0.0000017705739433139455,,0.0,0,not_applicable
4018,synthetic_num_shifted,persistent,0,MAE,0.0091915529777957228,0.0091920640237840030,-5.1104598828020720e-7,,0.0,0,not_applicable
4019,synthetic_num_shifted,persistent,0,MAE,0.0092037583668797691,0.0092094121216160991,-0.0000056537547363300181,,0.0,0,not_applicable
4020,synthetic_num_shifted,persistent,0,MAE,0.0088781977525956419,0.0088798083389776532,-0.0000016105863820112998,,0.0,0,not_applicable
4001,synthetic_num_shifted,persistent,1/10,MAE,0.018454226993517339,0.031469804233186870,-0.013015577239669530,0.2339243433950443,0.1,5,not_applicable
4002,synthetic_num_shifted,persistent,1/10,MAE,0.018819889213906152,0.030019517835314417,-0.011199628621408265,0.19778345872788317,0.1,5,not_applicable
4003,synthetic_num_shifted,persistent,1/10,MAE,0.018612973007368707,0.029857287077532131,-0.011244314070163423,0.21078489110318183,0.1,5,not_applicable
4004,synthetic_num_shifted,persistent,1/10,MAE,0.018216661031954071,0.029736401284534206,-0.011519740252580135,0.23813491419645216,0.1,5,not_applicable
4005,synthetic_num_shifted,persistent,1/10,MAE,0.018539953776879277,0.029347490404635510,-0.010807536627756233,0.20562520696888964,0.1,5,not_applicable
4006,synthetic_num_shifted,persistent,1/10,MAE,0.017943713295578777,0.031074245845986156,-0.013130532550407379,0.2635368941615499,0.1,5,not_applicable
4007,synthetic_num_shifted,persistent,1/10,MAE,0.017781000027875057,0.029943065404742135,-0.012162065376867077,0.1996879727723972,0.1,5,not_applicable
4008,synthetic_num_shifted,persistent,1/10,MAE,0.019696165973563036,0.032918482272677861,-0.013222316299114825,0.24763427427813522,0.1,5,not_applicable
4009,synthetic_num_shifted,persistent,1/10,MAE,0.019685302536836001,0.031194616610178679,-0.011509314073342677,0.18230959084887055,0.1,5,not_applicable
4010,synthetic_num_shifted,persistent,1/10,MAE,0.018762884406465281,0.030137119250722989,-0.011374234844257708,0.18832052424896994,0.1,5,not_applicable
4011,synthetic_num_shifted,persistent,1/10,MAE,0.018226740222689686,0.030429185591503780,-0.012202445368814094,0.23537261494195882,0.1,5,not_applicable
4012,synthetic_num_shifted,persistent,1/10,MAE,0.019381748352546710,0.030859224446709575,-0.011477476094162865,0.23736016103958651,0.1,5,not_applicable
4013,synthetic_num_shifted,persistent,1/10,MAE,0.019107703459342129,0.030504472345807751,-0.011396768886465622,0.21402244977257673,0.1,5,not_applicable
4014,synthetic_num_shifted,persistent,1/10,MAE,0.019205481115709896,0.029476740130431238,-0.010271259014721342,0.2080315177959675,0.1,5,not_applicable
4015,synthetic_num_shifted,persistent,1/10,MAE,0.019395778833921416,0.031672955405642385,-0.012277176571720968,0.23633902524754646,0.1,5,not_applicable
4016,synthetic_num_shifted,persistent,1/10,MAE,0.019654713462565757,0.031981250597332184,-0.012326537134766427,0.19610206348082415,0.1,5,not_applicable
4017,synthetic_num_shifted,persistent,1/10,MAE,0.019995225947341041,0.031870933391473139,-0.011875707444132098,0.1723419376941212,0.1,5,not_applicable
4018,synthetic_num_shifted,persistent,1/10,MAE,0.020066834814314127,0.032106099121236525,-0.012039264306922398,0.2351567657262661,0.1,5,not_applicable
4019,synthetic_num_shifted,persistent,1/10,MAE,0.018600763329424345,0.030124769862577689,-0.011524006533153344,0.19988178592594952,0.1,5,not_applicable
4020,synthetic_num_shifted,persistent,1/10,MAE,0.017828361698722055,0.030066819079601053,-0.012238457380878998,0.25439160978650377,0.1,5,not_applicable
4001,synthetic_num_shifted,persistent,3/10,MAE,0.063290239883444487,0.093210418682620983,-0.029920178799176496,0.2322508485133129,0.3,5,not_applicable
4002,synthetic_num_shifted,persistent,3/10,MAE,0.063934038740403479,0.088709609429059038,-0.024775570688655559,0.19584453634165266,0.3,5,not_applicable
4003,synthetic_num_shifted,persistent,3/10,MAE,0.062244756542312865,0.086908157744039981,-0.024663401201727116,0.21448962039219904,0.3,5,not_applicable
4004,synthetic_num_shifted,persistent,3/10,MAE,0.060439129151187842,0.087336544649867063,-0.026897415498679221,0.23673127376419556,0.3,5,not_applicable
4005,synthetic_num_shifted,persistent,3/10,MAE,0.064894759040484081,0.087794733751342964,-0.022899974710858882,0.2032067812117722,0.3,5,not_applicable
4006,synthetic_num_shifted,persistent,3/10,MAE,0.061326869840446999,0.091452789758646646,-0.030125919918199647,0.2617999988605572,0.3,5,not_applicable
4007,synthetic_num_shifted,persistent,3/10,MAE,0.061010547637329291,0.088633105792759416,-0.027622558155430125,0.20710492601852826,0.3,5,not_applicable
4008,synthetic_num_shifted,persistent,3/10,MAE,0.064549769777803450,0.093986380558055078,-0.029436610780251628,0.2503334323439286,0.3,5,not_applicable
4009,synthetic_num_shifted,persistent,3/10,MAE,0.064208043307322947,0.088061675156143000,-0.023853631848820053,0.1730019144082381,0.3,5,not_applicable
4010,synthetic_num_shifted,persistent,3/10,MAE,0.062882068500919775,0.088822716708170930,-0.025940648207251155,0.18878004757652733,0.3,5,not_applicable
4011,synthetic_num_shifted,persistent,3/10,MAE,0.062695473756949439,0.090314487998750595,-0.027619014241801156,0.22988903649664216,0.3,5,not_applicable
4012,synthetic_num_shifted,persistent,3/10,MAE,0.064708333440370593,0.089748138551533928,-0.025039805111163336,0.23503636277380657,0.3,5,not_applicable
4013,synthetic_num_shifted,persistent,3/10,MAE,0.062737853947599010,0.088214382692987194,-0.025476528745388184,0.21543833203987717,0.3,5,not_applicable
4014,synthetic_num_shifted,persistent,3/10,MAE,0.063767314606047043,0.085123630662011195,-0.021356316055964152,0.20298576636577587,0.3,5,not_applicable
4015,synthetic_num_shifted,persistent,3/10,MAE,0.062495505307640724,0.090454002864693014,-0.027958497557052290,0.22527555249887854,0.3,5,not_applicable
4016,synthetic_num_shifted,persistent,3/10,MAE,0.065399708362461458,0.092753204511878602,-0.027353496149417144,0.1991986681690714,0.3,5,not_applicable
4017,synthetic_num_shifted,persistent,3/10,MAE,0.067404790030714025,0.092306306352709888,-0.024901516321995863,0.17808644899302772,0.3,5,not_applicable
4018,synthetic_num_shifted,persistent,3/10,MAE,0.066485680546330582,0.092545065830953824,-0.026059385284623241,0.2286108774182975,0.3,5,not_applicable
4019,synthetic_num_shifted,persistent,3/10,MAE,0.062845326386818065,0.088766128726203451,-0.025920802339385386,0.20435397848130843,0.3,5,not_applicable
4020,synthetic_num_shifted,persistent,3/10,MAE,0.060654496601652415,0.089472313869364739,-0.028817817267712324,0.25069390964490135,0.3,5,not_applicable
4001,synthetic_num_shifted,persistent,1/2,MAE,0.13523203763883962,0.15658888985307743,-0.021356852214237815,0.23241083263268797,0.5,5,not_applicable
4002,synthetic_num_shifted,persistent,1/2,MAE,0.13006280559712307,0.14629492348815040,-0.016232117891027328,0.19981498566046113,0.5,5,not_applicable
4003,synthetic_num_shifted,persistent,1/2,MAE,0.12894157085852105,0.14508816455696529,-0.016146593698444243,0.2170844802940068,0.5,5,not_applicable
4004,synthetic_num_shifted,persistent,1/2,MAE,0.12486918539908776,0.14452544450694156,-0.019656259107853796,0.2372777550585477,0.5,5,not_applicable
4005,synthetic_num_shifted,persistent,1/2,MAE,0.13082137909668314,0.14516548922400840,-0.014344110127325255,0.20627016889853006,0.5,5,not_applicable
4006,synthetic_num_shifted,persistent,1/2,MAE,0.12969819808200376,0.15262587552195339,-0.022927677439949630,0.26213686823872245,0.5,5,not_applicable
4007,synthetic_num_shifted,persistent,1/2,MAE,0.12766282059725567,0.14732671742039260,-0.019663896823136933,0.202592171434255,0.5,5,not_applicable
4008,synthetic_num_shifted,persistent,1/2,MAE,0.13620090499460675,0.15611902928759129,-0.019918124292984545,0.24799655568095935,0.5,5,not_applicable
4009,synthetic_num_shifted,persistent,1/2,MAE,0.13396545934185971,0.14863530987779017,-0.014669850535930458,0.17846383777189911,0.5,5,not_applicable
4010,synthetic_num_shifted,persistent,1/2,MAE,0.12952503976595373,0.14637365682764647,-0.016848617061692732,0.18374583959910107,0.5,5,not_applicable
4011,synthetic_num_shifted,persistent,1/2,MAE,0.12971062510646246,0.14950695716816484,-0.019796332061702384,0.2327734566432902,0.5,5,not_applicable
4012,synthetic_num_shifted,persistent,1/2,MAE,0.13144789609411251,0.14743369456045119,-0.015985798466338672,0.24007654508397724,0.5,5,not_applicable
4013,synthetic_num_shifted,persistent,1/2,MAE,0.12863176266165962,0.14596017196502524,-0.017328409303365611,0.21797737053434618,0.5,5,not_applicable
4014,synthetic_num_shifted,persistent,1/2,MAE,0.12853374474765218,0.14068665599395934,-0.012152911246307157,0.20507492452793646,0.5,5,not_applicable
4015,synthetic_num_shifted,persistent,1/2,MAE,0.13044846780327797,0.15103596377507006,-0.020587495971792087,0.2297284019735133,0.5,5,not_applicable
4016,synthetic_num_shifted,persistent,1/2,MAE,0.13542535866403182,0.15290956824917757,-0.017484209585145750,0.19637226166025235,0.5,5,not_applicable
4017,synthetic_num_shifted,persistent,1/2,MAE,0.14161567494725490,0.15432553996145090,-0.012709865014196001,0.17365654409783382,0.5,5,not_applicable
4018,synthetic_num_shifted,persistent,1/2,MAE,0.13759058921729157,0.15380582991890565,-0.016215240701614075,0.23164783833578845,0.5,5,not_applicable
4019,synthetic_num_shifted,persistent,1/2,MAE,0.12911672779362929,0.14750147175140118,-0.018384743957771893,0.2062138230564547,0.5,5,not_applicable
4020,synthetic_num_shifted,persistent,1/2,MAE,0.12581041653929156,0.14812973537048673,-0.022319318831195172,0.25146531316154647,0.5,5,not_applicable
4001,synthetic_num_shifted,persistent,7/10,MAE,0.22087882302876105,0.21886603240166544,0.0020127906270956033,0.23610035859526152,0.7,5,not_applicable
4002,synthetic_num_shifted,persistent,7/10,MAE,0.20800281068740021,0.20443168698677560,0.0035711237006246169,0.19699504565232184,0.7,5,not_applicable
4003,synthetic_num_shifted,persistent,7/10,MAE,0.20704177368005779,0.20340352548220962,0.0036382481978481689,0.21697968648417887,0.7,5,not_applicable
4004,synthetic_num_shifted,persistent,7/10,MAE,0.20208117961092029,0.20202936368075348,0.000051815930166807187,0.2379438105782256,0.7,5,not_applicable
4005,synthetic_num_shifted,persistent,7/10,MAE,0.20996998566681157,0.20614408897688175,0.0038258966899298213,0.20347745727374017,0.7,5,not_applicable
4006,synthetic_num_shifted,persistent,7/10,MAE,0.21372273795700160,0.21331205988142801,0.00041067807557358330,0.2614425939802385,0.7,5,not_applicable
4007,synthetic_num_shifted,persistent,7/10,MAE,0.20751604648905020,0.20613143651991450,0.0013846099691356953,0.20782496515050736,0.7,5,not_applicable
4008,synthetic_num_shifted,persistent,7/10,MAE,0.22069238349409976,0.21796858210197337,0.0027238013921263896,0.25243203269480635,0.7,5,not_applicable
4009,synthetic_num_shifted,persistent,7/10,MAE,0.21220117346343108,0.20703546976098832,0.0051657037024427534,0.1769584732543653,0.7,5,not_applicable
4010,synthetic_num_shifted,persistent,7/10,MAE,0.20814725693195213,0.20590081822975630,0.0022464387021958244,0.18955028262048546,0.7,5,not_applicable
4011,synthetic_num_shifted,persistent,7/10,MAE,0.21025894133369456,0.20933563022914611,0.00092331110454844855,0.230260219387247,0.7,5,not_applicable
4012,synthetic_num_shifted,persistent,7/10,MAE,0.21132994920207768,0.20674171886273603,0.0045882303393416487,0.23653875508259276,0.7,5,not_applicable
4013,synthetic_num_shifted,persistent,7/10,MAE,0.20624653948185871,0.20473744250075558,0.0015090969811031215,0.21477354837200796,0.7,5,not_applicable
4014,synthetic_num_shifted,persistent,7/10,MAE,0.20223429822407586,0.19717938570491842,0.0050549125191574402,0.20755088704995744,0.7,5,not_applicable
4015,synthetic_num_shifted,persistent,7/10,MAE,0.21170703362157281,0.21112505245295116,0.00058198116862165171,0.2265607103495646,0.7,5,not_applicable
4016,synthetic_num_shifted,persistent,7/10,MAE,0.21814670951675287,0.21415530444083870,0.0039914050759141691,0.19741318077817832,0.7,5,not_applicable
4017,synthetic_num_shifted,persistent,7/10,MAE,0.22275069215941554,0.21417092289064310,0.0085797692687724443,0.17659945120130438,0.7,5,not_applicable
4018,synthetic_num_shifted,persistent,7/10,MAE,0.21900607333893226,0.21392190669327026,0.0050841666456620007,0.2290423890179185,0.7,5,not_applicable
4019,synthetic_num_shifted,persistent,7/10,MAE,0.20809988343589348,0.20648067948300803,0.0016192039528854421,0.20196953991152639,0.7,5,not_applicable
4020,synthetic_num_shifted,persistent,7/10,MAE,0.20650262618427481,0.20748477828258848,-0.00098215209831366408,0.2487234189683683,0.7,5,not_applicable
4001,synthetic_num_shifted,persistent,9/10,MAE,0.28778006755651302,0.28179245202201584,0.0059876155344971768,0.2327012201844469,0.9,5,not_applicable
4002,synthetic_num_shifted,persistent,9/10,MAE,0.26845394203890338,0.26266246446335499,0.0057914775755483966,0.19614677810425452,0.9,5,not_applicable
4003,synthetic_num_shifted,persistent,9/10,MAE,0.26722247784476933,0.26144828237142338,0.0057741954733459526,0.21306221357403826,0.9,5,not_applicable
4004,synthetic_num_shifted,persistent,9/10,MAE,0.26400358129296088,0.25970751892607424,0.0042960623668866327,0.2377620057811619,0.9,5,not_applicable
4005,synthetic_num_shifted,persistent,9/10,MAE,0.26950530117062428,0.26367215856289964,0.0058331426077246364,0.20472213100917136,0.9,5,not_applicable
4006,synthetic_num_shifted,persistent,9/10,MAE,0.28054904552221623,0.27539167029914869,0.0051573752230675371,0.2612082744185105,0.9,5,not_applicable
4007,synthetic_num_shifted,persistent,9/10,MAE,0.27053689578061691,0.26524988908328384,0.0052870066973330687,0.20593061438552224,0.9,5,not_applicable
4008,synthetic_num_shifted,persistent,9/10,MAE,0.28713375193290662,0.28101137034543983,0.0061223815874667992,0.2534525382925139,0.9,5,not_applicable
4009,synthetic_num_shifted,persistent,9/10,MAE,0.27161698644790659,0.26515871535692697,0.0064582710909796253,0.17119700831286533,0.9,5,not_applicable
4010,synthetic_num_shifted,persistent,9/10,MAE,0.26904625214151907,0.26366845439245966,0.0053777977490594084,0.18789442798160516,0.9,5,not_applicable
4011,synthetic_num_shifted,persistent,9/10,MAE,0.27444655579842505,0.26938470133814564,0.0050618544602794135,0.23098073559115878,0.9,5,not_applicable
4012,synthetic_num_shifted,persistent,9/10,MAE,0.27227287557545840,0.26599860967337116,0.0062742659020872397,0.2339381203787877,0.9,5,not_applicable
4013,synthetic_num_shifted,persistent,9/10,MAE,0.26757344251890996,0.26251356029936908,0.0050598822195408842,0.21601441941700505,0.9,5,not_applicable
4014,synthetic_num_shifted,persistent,9/10,MAE,0.25959468747042721,0.25373466280128899,0.0058600246691382167,0.20457732740488488,0.9,5,not_applicable
4015,synthetic_num_shifted,persistent,9/10,MAE,0.27586073031868466,0.27072504717197438,0.0051356831467102783,0.2267183954153515,0.9,5,not_applicable
4016,synthetic_num_shifted,persistent,9/10,MAE,0.28274652254576090,0.27658894487784359,0.0061575776679173080,0.1965548757471014,0.9,5,not_applicable
4017,synthetic_num_shifted,persistent,9/10,MAE,0.28381251649132945,0.27608225059696726,0.0077302658943621930,0.1755360519362026,0.9,5,not_applicable
4018,synthetic_num_shifted,persistent,9/10,MAE,0.28170572713003035,0.27524855983749531,0.0064571672925350383,0.2273124597893324,0.9,5,not_applicable
4019,synthetic_num_shifted,persistent,9/10,MAE,0.27021983133647188,0.26512543564112886,0.0050943956953430256,0.2051466258356638,0.9,5,not_applicable
4020,synthetic_num_shifted,persistent,9/10,MAE,0.27087449635112613,0.26656986682668053,0.0043046295244455947,0.25084501546218607,0.9,5,not_applicable
4001,synthetic_num_shifted,random,0,MAE,0.0085294739620279895,0.0085231256224784736,0.0000063483395495158542,,0.0,0,not_applicable
4002,synthetic_num_shifted,random,0,MAE,0.0092091026969107094,0.0092024737525964528,0.0000066289443142565955,,0.0,0,not_applicable
4003,synthetic_num_shifted,random,0,MAE,0.0090399430451596418,0.0090361162960434771,0.0000038267491161646572,,0.0,0,not_applicable
4004,synthetic_num_shifted,random,0,MAE,0.0090372252161641538,0.0090349767822551450,0.0000022484339090087761,,0.0,0,not_applicable
4005,synthetic_num_shifted,random,0,MAE,0.0092619674578964728,0.0092567105882238368,0.0000052568696726360106,,0.0,0,not_applicable
4006,synthetic_num_shifted,random,0,MAE,0.0081782629065861772,0.0081837461160661640,-0.0000054832094799868182,,0.0,0,not_applicable
4007,synthetic_num_shifted,random,0,MAE,0.0083301206131470101,0.008327553412483688,0.0000025672006633220831,,0.0,0,not_applicable
4008,synthetic_num_shifted,random,0,MAE,0.0091381356106335022,0.0091288296176602486,0.0000093059929732536069,,0.0,0,not_applicable
4009,synthetic_num_shifted,random,0,MAE,0.0086538495896057065,0.0086561571178471635,-0.0000023075282414569886,,0.0,0,not_applicable
4010,synthetic_num_shifted,random,0,MAE,0.0088991454768302414,0.0089018669124383732,-0.0000027214356081318184,,0.0,0,not_applicable
4011,synthetic_num_shifted,random,0,MAE,0.0087453850363389270,0.0087445601167255343,8.2491961339273657e-7,,0.0,0,not_applicable
4012,synthetic_num_shifted,random,0,MAE,0.0087814587142298286,0.0087880677827848306,-0.0000066090685550019614,,0.0,0,not_applicable
4013,synthetic_num_shifted,random,0,MAE,0.0092199474848305197,0.0092262192704976552,-0.0000062717856671355157,,0.0,0,not_applicable
4014,synthetic_num_shifted,random,0,MAE,0.0088546834038539136,0.0088508437777432947,0.0000038396261106189576,,0.0,0,not_applicable
4015,synthetic_num_shifted,random,0,MAE,0.0089935692076192841,0.0089881864978228074,0.0000053827097964766502,,0.0,0,not_applicable
4016,synthetic_num_shifted,random,0,MAE,0.0089749765278291802,0.0089721127600753815,0.0000028637677537987753,,0.0,0,not_applicable
4017,synthetic_num_shifted,random,0,MAE,0.0093797573893023955,0.0093779868153590815,0.0000017705739433139455,,0.0,0,not_applicable
4018,synthetic_num_shifted,random,0,MAE,0.0091915529777957228,0.0091920640237840030,-5.1104598828020720e-7,,0.0,0,not_applicable
4019,synthetic_num_shifted,random,0,MAE,0.0092037583668797691,0.0092094121216160991,-0.0000056537547363300181,,0.0,0,not_applicable
4020,synthetic_num_shifted,random,0,MAE,0.0088781977525956419,0.0088798083389776532,-0.0000016105863820112998,,0.0,0,not_applicable
4001,synthetic_num_shifted,random,1/10,MAE,0.014906067969297640,0.023209001632318664,-0.0083029336630210246,0.18597164473319527,0.1,5,not_applicable
4002,synthetic_num_shifted,random,1/10,MAE,0.015073355591304676,0.023324976320597460,-0.0082516207292927837,0.20152499656285655,0.1,5,not_applicable
4003,synthetic_num_shifted,random,1/10,MAE,0.015154018598663819,0.023213316273085337,-0.0080592976744215180,0.18257141752900807,0.1,5,not_applicable
4004,synthetic_num_shifted,random,1/10,MAE,0.015280617209004344,0.023166662062493321,-0.0078860448534889777,0.19439213193160698,0.1,5,not_applicable
4005,synthetic_num_shifted,random,1/10,MAE,0.014767430450187585,0.022606775214435864,-0.0078393447642482794,0.18841749323626522,0.1,5,not_applicable
4006,synthetic_num_shifted,random,1/10,MAE,0.014343421707402110,0.022884755557504401,-0.0085413338501022911,0.20553507103790836,0.1,5,not_applicable
4007,synthetic_num_shifted,random,1/10,MAE,0.015290219577384549,0.024201370898423096,-0.0089111513210385471,0.17477401737613818,0.1,5,not_applicable
4008,synthetic_num_shifted,random,1/10,MAE,0.015400543100254842,0.023992158709410447,-0.0085916156091556047,0.21450234917861055,0.1,5,not_applicable
4009,synthetic_num_shifted,random,1/10,MAE,0.015342747839115901,0.022358111534207487,-0.0070153636950915856,0.184315794562819,0.1,5,not_applicable
4010,synthetic_num_shifted,random,1/10,MAE,0.015752427981010264,0.024127717071021501,-0.0083752890900112367,0.177755812081285,0.1,5,not_applicable
4011,synthetic_num_shifted,random,1/10,MAE,0.015296542231993586,0.022582634242333220,-0.0072860920103396334,0.2026036125985699,0.1,5,not_applicable
4012,synthetic_num_shifted,random,1/10,MAE,0.015145281949438026,0.023391754229355889,-0.0082464722799178633,0.19066549807309752,0.1,5,not_applicable
4013,synthetic_num_shifted,random,1/10,MAE,0.015106636620175654,0.023389675484797906,-0.0082830388646222517,0.2126689654708538,0.1,5,not_applicable
4014,synthetic_num_shifted,random,1/10,MAE,0.014632673678236984,0.022276203262254367,-0.0076435295840173826,0.2225381425902231,0.1,5,not_applicable
4015,synthetic_num_shifted,random,1/10,MAE,0.014967496003988179,0.022717202003855892,-0.0077497059998677131,0.20211770525768802,0.1,5,not_applicable
4016,synthetic_num_shifted,random,1/10,MAE,0.015464700693795589,0.023335730426273188,-0.0078710297324775995,0.18701335914648942,0.1,5,not_applicable
4017,synthetic_num_shifted,random,1/10,MAE,0.016047841864027727,0.024757050307881310,-0.0087092084438535826,0.19730850521859788,0.1,5,not_applicable
4018,synthetic_num_shifted,random,1/10,MAE,0.015505624748942225,0.023638581225282659,-0.0081329564763404338,0.2128423546111049,0.1,5,not_applicable
4019,synthetic_num_shifted,random,1/10,MAE,0.015285696676993012,0.023443435549173872,-0.0081577388721808599,0.2035128003784386,0.1,5,not_applicable
4020,synthetic_num_shifted,random,1/10,MAE,0.014827885902844393,0.023131554715866374,-0.0083036688130219810,0.20786715645502463,0.1,5,not_applicable
4001,synthetic_num_shifted,random,3/10,MAE,0.034596112355216358,0.054060389221482721,-0.019464276866266363,0.19612823751234598,0.3,5,not_applicable
4002,synthetic_num_shifted,random,3/10,MAE,0.034984069449159968,0.052779584018478848,-0.017795514569318880,0.17576301389896254,0.3,5,not_applicable
4003,synthetic_num_shifted,random,3/10,MAE,0.035158205033217374,0.054419218796963789,-0.019261013763746415,0.21669097427822087,0.3,5,not_applicable
4004,synthetic_num_shifted,random,3/10,MAE,0.033654502330264085,0.052373578456086858,-0.018719076125822773,0.2141118836665672,0.3,5,not_applicable
4005,synthetic_num_shifted,random,3/10,MAE,0.033320635538772187,0.051053987722776634,-0.017733352184004447,0.20917930292828024,0.3,5,not_applicable
4006,synthetic_num_shifted,random,3/10,MAE,0.034361679764009276,0.054423648978260869,-0.020061969214251593,0.21536864937483846,0.3,5,not_applicable
4007,synthetic_num_shifted,random,3/10,MAE,0.034515827670351175,0.053925528975803014,-0.019409701305451839,0.19547767839703167,0.3,5,not_applicable
4008,synthetic_num_shifted,random,3/10,MAE,0.035922930488262957,0.055535294058073169,-0.019612363569810212,0.20527290257063602,0.3,5,not_applicable
4009,synthetic_num_shifted,random,3/10,MAE,0.032846460377516730,0.050789106543798103,-0.017942646166281374,0.1991932874242881,0.3,5,not_applicable
4010,synthetic_num_shifted,random,3/10,MAE,0.033768867538276959,0.051655048744087516,-0.017886181205810557,0.19361858138607813,0.3,5,not_applicable
4011,synthetic_num_shifted,random,3/10,MAE,0.032972717202062712,0.049071561485094152,-0.016098844283031440,0.18316974964958221,0.3,5,not_applicable
4012,synthetic_num_shifted,random,3/10,MAE,0.034962634235679801,0.052431895747067039,-0.017469261511387238,0.18296152259741838,0.3,5,not_applicable
4013,synthetic_num_shifted,random,3/10,MAE,0.035048772661127884,0.052901879885627864,-0.017853107224499980,0.1959773883302277,0.3,5,not_applicable
4014,synthetic_num_shifted,random,3/10,MAE,0.032463400957765585,0.048923213835416724,-0.016459812877651139,0.20355792009675733,0.3,5,not_applicable
4015,synthetic_num_shifted,random,3/10,MAE,0.033488293345435338,0.051558720524739979,-0.018070427179304640,0.2131814970089816,0.3,5,not_applicable
4016,synthetic_num_shifted,random,3/10,MAE,0.034117047038148032,0.052890033554218440,-0.018772986516070408,0.20283378439639765,0.3,5,not_applicable
4017,synthetic_num_shifted,random,3/10,MAE,0.034676279493504715,0.053745527757480931,-0.019069248263976216,0.21595119639172577,0.3,5,not_applicable
4018,synthetic_num_shifted,random,3/10,MAE,0.036362629286983823,0.055834792729916552,-0.019472163442932729,0.2004456431260121,0.3,5,not_applicable
4019,synthetic_num_shifted,random,3/10,MAE,0.035305937461610219,0.054156405782964129,-0.018850468321353910,0.20167307271858548,0.3,5,not_applicable
4020,synthetic_num_shifted,random,3/10,MAE,0.034376979189761445,0.053508761948732929,-0.019131782758971484,0.2077758920748239,0.3,5,not_applicable
4001,synthetic_num_shifted,random,1/2,MAE,0.061948617079555312,0.084703207517512770,-0.022754590437957458,0.20153173793264634,0.5,5,not_applicable
4002,synthetic_num_shifted,random,1/2,MAE,0.059575993141304479,0.080533706823944253,-0.020957713682639773,0.19304224654525204,0.5,5,not_applicable
4003,synthetic_num_shifted,random,1/2,MAE,0.060752357958701237,0.082532365644440568,-0.021780007685739331,0.19992361481118892,0.5,5,not_applicable
4004,synthetic_num_shifted,random,1/2,MAE,0.058902056318680251,0.081188340899269181,-0.022286284580588930,0.21750882573135122,0.5,5,not_applicable
4005,synthetic_num_shifted,random,1/2,MAE,0.054369851559065210,0.075909644869337304,-0.021539793310272095,0.20957614613306752,0.5,5,not_applicable
4006,synthetic_num_shifted,random,1/2,MAE,0.063217531731252214,0.087088967939158618,-0.023871436207906404,0.21511491758142337,0.5,5,not_applicable
4007,synthetic_num_shifted,random,1/2,MAE,0.059334144066416052,0.082288768198474732,-0.022954624132058680,0.19697594879671787,0.5,5,not_applicable
4008,synthetic_num_shifted,random,1/2,MAE,0.062351638136710129,0.085948207882093668,-0.023596569745383539,0.2138059801331469,0.5,5,not_applicable
4009,synthetic_num_shifted,random,1/2,MAE,0.060930627785922924,0.081340699097470373,-0.020410071311547448,0.18906201341239048,0.5,5,not_applicable
4010,synthetic_num_shifted,random,1/2,MAE,0.059474596006806618,0.080523333101489188,-0.021048737094682569,0.18996350328785072,0.5,5,not_applicable
4011,synthetic_num_shifted,random,1/2,MAE,0.058891299961212313,0.079374696439658161,-0.020483396478445848,0.19594848453547342,0.5,5,not_applicable
4012,synthetic_num_shifted,random,1/2,MAE,0.060938994322842251,0.082560340862740013,-0.021621346539897762,0.19066452667478784,0.5,5,not_applicable
4013,synthetic_num_shifted,random,1/2,MAE,0.060096545845777405,0.082092611802698779,-0.021996065956921374,0.20162536897234318,0.5,5,not_applicable
4014,synthetic_num_shifted,random,1/2,MAE,0.052877790298380658,0.071737127604747203,-0.018859337306366545,0.19306866559843128,0.5,5,not_applicable
4015,synthetic_num_shifted,random,1/2,MAE,0.058750781360163547,0.080923971638114497,-0.022173190277950949,0.2083468715745717,0.5,5,not_applicable
4016,synthetic_num_shifted,random,1/2,MAE,0.060656596610189109,0.083097634639167128,-0.022441038028978020,0.19988811971494164,0.5,5,not_applicable
4017,synthetic_num_shifted,random,1/2,MAE,0.061202230542844909,0.083405298508028126,-0.022203067965183216,0.19433559647531362,0.5,5,not_applicable
4018,synthetic_num_shifted,random,1/2,MAE,0.063358457637445150,0.087076831064547752,-0.023718373427102602,0.21252973562267952,0.5,5,not_applicable
4019,synthetic_num_shifted,random,1/2,MAE,0.060570872824754541,0.083092561950491191,-0.022521689125736650,0.2011666942828063,0.5,5,not_applicable
4020,synthetic_num_shifted,random,1/2,MAE,0.059351226868742184,0.082162241380850718,-0.022811014512108534,0.208706070550223,0.5,5,not_applicable
4001,synthetic_num_shifted,random,7/10,MAE,0.095197609190114675,0.11402275617916298,-0.018825146989048308,0.2034354771463801,0.7,5,not_applicable
4002,synthetic_num_shifted,random,7/10,MAE,0.092613179413505188,0.10995700508216555,-0.017343825668660358,0.19435620657738695,0.7,5,not_applicable
4003,synthetic_num_shifted,random,7/10,MAE,0.094999123973708298,0.11218503423360132,-0.017185910259893021,0.20234822471579628,0.7,5,not_applicable
4004,synthetic_num_shifted,random,7/10,MAE,0.092084266482921077,0.10994499656823101,-0.017860730085309931,0.20670667347967403,0.7,5,not_applicable
4005,synthetic_num_shifted,random,7/10,MAE,0.092219108793637608,0.11053165440200033,-0.018312545608362723,0.2184962804314473,0.7,5,not_applicable
4006,synthetic_num_shifted,random,7/10,MAE,0.096397445806891544,0.11564206201480562,-0.019244616207914078,0.21267364066351674,0.7,5,not_applicable
4007,synthetic_num_shifted,random,7/10,MAE,0.095774232150767926,0.11383385602633848,-0.018059623875570552,0.1905118232299049,0.7,5,not_applicable
4008,synthetic_num_shifted,random,7/10,MAE,0.098000966247470428,0.11749241312487465,-0.019491446877404220,0.21628675719128637,0.7,5,not_applicable
4009,synthetic_num_shifted,random,7/10,MAE,0.091835156885309866,0.10906025919295612,-0.017225102307646253,0.1960950088490072,0.7,5,not_applicable
4010,synthetic_num_shifted,random,7/10,MAE,0.091905667741076288,0.10976242703377357,-0.017856759292697287,0.2016358991737779,0.7,5,not_applicable
4011,synthetic_num_shifted,random,7/10,MAE,0.089795119586820828,0.10710248240636912,-0.017307362819548293,0.2001802275188857,0.7,5,not_applicable
4012,synthetic_num_shifted,random,7/10,MAE,0.095444014492789939,0.11332560896861193,-0.017881594475821989,0.18727589880202977,0.7,5,not_applicable
4013,synthetic_num_shifted,random,7/10,MAE,0.095498452940938227,0.11327449742554857,-0.017776044484610342,0.19982298924976055,0.7,5,not_applicable
4014,synthetic_num_shifted,random,7/10,MAE,0.085569130121101124,0.10143902689733840,-0.015869896776237277,0.19698969088925689,0.7,5,not_applicable
4015,synthetic_num_shifted,random,7/10,MAE,0.091830797029335171,0.11075755475341819,-0.018926757724083020,0.20539560641196863,0.7,5,not_applicable
4016,synthetic_num_shifted,random,7/10,MAE,0.091363086811684306,0.11026644208334314,-0.018903355271658831,0.20442645959524763,0.7,5,not_applicable
4017,synthetic_num_shifted,random,7/10,MAE,0.094394590955035524,0.11245555097224453,-0.018060960017209010,0.19652460974117691,0.7,5,not_applicable
4018,synthetic_num_shifted,random,7/10,MAE,0.098160295265096823,0.11778130922388271,-0.019621013958785883,0.21137550444849124,0.7,5,not_applicable
4019,synthetic_num_shifted,random,7/10,MAE,0.092691766870701096,0.11050129497343266,-0.017809528102731560,0.18655092490936787,0.7,5,not_applicable
4020,synthetic_num_shifted,random,7/10,MAE,0.096587918753992197,0.11577767860810206,-0.019189759854109866,0.21348462926223805,0.7,5,not_applicable
4001,synthetic_num_shifted,random,9/10,MAE,0.13949143912784534,0.14664420713789219,-0.0071527680100468475,0.20089989359413457,0.9,5,not_applicable
4002,synthetic_num_shifted,random,9/10,MAE,0.13179798476948013,0.13786449536259570,-0.0060665105931155760,0.19850391561890773,0.9,5,not_applicable
4003,synthetic_num_shifted,random,9/10,MAE,0.13402485234794972,0.14014954737290559,-0.0061246950249558701,0.19477311111472323,0.9,5,not_applicable
4004,synthetic_num_shifted,random,9/10,MAE,0.13308361345595035,0.13956731768084429,-0.0064837042248939401,0.20866845844352072,0.9,5,not_applicable
4005,synthetic_num_shifted,random,9/10,MAE,0.12831680222913336,0.13546961855179110,-0.0071528163226577419,0.21047490986652234,0.9,5,not_applicable
4006,synthetic_num_shifted,random,9/10,MAE,0.13933915969796116,0.14648355114689203,-0.0071443914489308682,0.21281363122525754,0.9,5,not_applicable
4007,synthetic_num_shifted,random,9/10,MAE,0.13487729629034453,0.14119283709531562,-0.0063155408049710906,0.19552799419634503,0.9,5,not_applicable
4008,synthetic_num_shifted,random,9/10,MAE,0.14229467521727702,0.14917950481560665,-0.0068848295983296244,0.21079057055668676,0.9,5,not_applicable
4009,synthetic_num_shifted,random,9/10,MAE,0.13250535517375373,0.13893064758489618,-0.0064252924111424541,0.19592882882226514,0.9,5,not_applicable
4010,synthetic_num_shifted,random,9/10,MAE,0.13281134984017992,0.13888641193353737,-0.0060750620933574498,0.19392087467170382,0.9,5,not_applicable
4011,synthetic_num_shifted,random,9/10,MAE,0.13048382718951551,0.13760866291291631,-0.0071248357234008016,0.20973730803833557,0.9,5,not_applicable
4012,synthetic_num_shifted,random,9/10,MAE,0.13821740180562945,0.14429653373243380,-0.0060791319268043561,0.19013320332930028,0.9,5,not_applicable
4013,synthetic_num_shifted,random,9/10,MAE,0.13639820683941557,0.14290265848619642,-0.0065044516467808547,0.2028065108965656,0.9,5,not_applicable
4014,synthetic_num_shifted,random,9/10,MAE,0.12154962819809679,0.12795524980209179,-0.0064056216039949944,0.19387098481030574,0.9,5,not_applicable
4015,synthetic_num_shifted,random,9/10,MAE,0.13404188574219490,0.14147180498292866,-0.0074299192407337585,0.21038207316237933,0.9,5,not_applicable
4016,synthetic_num_shifted,random,9/10,MAE,0.13235645835191322,0.13989320445286653,-0.0075367461009533113,0.19750762750175554,0.9,5,not_applicable
4017,synthetic_num_shifted,random,9/10,MAE,0.13626445063647108,0.14267579076443860,-0.0064113401279675154,0.20166376121205176,0.9,5,not_applicable
4018,synthetic_num_shifted,random,9/10,MAE,0.14096743626116554,0.14819064407068877,-0.0072232078095232338,0.21081779764301894,0.9,5,not_applicable
4019,synthetic_num_shifted,random,9/10,MAE,0.13400321380348209,0.14056970243199104,-0.0065664886285089481,0.19388831370752135,0.9,5,not_applicable
4020,synthetic_num_shifted,random,9/10,MAE,0.13961411528106191,0.14609615341942149,-0.0064820381383595790,0.21587786687250526,0.9,5,not_applicable
4001,synthetic_num_shifted,on_off,0,MAE,0.0085294739620279895,0.0085231256224784736,0.0000063483395495158542,,0.0,0,benign-first
4002,synthetic_num_shifted,on_off,0,MAE,0.0092091026969107094,0.0092024737525964528,0.0000066289443142565955,,0.0,0,benign-first
4003,synthetic_num_shifted,on_off,0,MAE,0.0090399430451596418,0.0090361162960434771,0.0000038267491161646572,,0.0,0,benign-first
4004,synthetic_num_shifted,on_off,0,MAE,0.0090372252161641538,0.0090349767822551450,0.0000022484339090087761,,0.0,0,benign-first
4005,synthetic_num_shifted,on_off,0,MAE,0.0092619674578964728,0.0092567105882238368,0.0000052568696726360106,,0.0,0,benign-first
4006,synthetic_num_shifted,on_off,0,MAE,0.0081782629065861772,0.0081837461160661640,-0.0000054832094799868182,,0.0,0,benign-first
4007,synthetic_num_shifted,on_off,0,MAE,0.0083301206131470101,0.008327553412483688,0.0000025672006633220831,,0.0,0,benign-first
4008,synthetic_num_shifted,on_off,0,MAE,0.0091381356106335022,0.0091288296176602486,0.0000093059929732536069,,0.0,0,benign-first
4009,synthetic_num_shifted,on_off,0,MAE,0.0086538495896057065,0.0086561571178471635,-0.0000023075282414569886,,0.0,0,benign-first
4010,synthetic_num_shifted,on_off,0,MAE,0.0088991454768302414,0.0089018669124383732,-0.0000027214356081318184,,0.0,0,benign-first
4011,synthetic_num_shifted,on_off,0,MAE,0.0087453850363389270,0.0087445601167255343,8.2491961339273657e-7,,0.0,0,attack-first
4012,synthetic_num_shifted,on_off,0,MAE,0.0087814587142298286,0.0087880677827848306,-0.0000066090685550019614,,0.0,0,attack-first
4013,synthetic_num_shifted,on_off,0,MAE,0.0092199474848305197,0.0092262192704976552,-0.0000062717856671355157,,0.0,0,attack-first
4014,synthetic_num_shifted,on_off,0,MAE,0.0088546834038539136,0.0088508437777432947,0.0000038396261106189576,,0.0,0,attack-first
4015,synthetic_num_shifted,on_off,0,MAE,0.0089935692076192841,0.0089881864978228074,0.0000053827097964766502,,0.0,0,attack-first
4016,synthetic_num_shifted,on_off,0,MAE,0.0089749765278291802,0.0089721127600753815,0.0000028637677537987753,,0.0,0,attack-first
4017,synthetic_num_shifted,on_off,0,MAE,0.0093797573893023955,0.0093779868153590815,0.0000017705739433139455,,0.0,0,attack-first
4018,synthetic_num_shifted,on_off,0,MAE,0.0091915529777957228,0.0091920640237840030,-5.1104598828020720e-7,,0.0,0,attack-first
4019,synthetic_num_shifted,on_off,0,MAE,0.0092037583668797691,0.0092094121216160991,-0.0000056537547363300181,,0.0,0,attack-first
4020,synthetic_num_shifted,on_off,0,MAE,0.0088781977525956419,0.0088798083389776532,-0.0000016105863820112998,,0.0,0,attack-first
4001,synthetic_num_shifted,on_off,1/10,MAE,0.013502995254973286,0.019985510176675995,-0.0064825149217027087,0.2339243433950443,0.05,5,benign-first
4002,synthetic_num_shifted,on_off,1/10,MAE,0.013858999303275774,0.018814449192341793,-0.0049554498890660186,0.19778345872788317,0.05,5,benign-first
4003,synthetic_num_shifted,on_off,1/10,MAE,0.013127433985916919,0.018196252166454913,-0.0050688181805379940,0.21078489110318183,0.05,5,benign-first
4004,synthetic_num_shifted,on_off,1/10,MAE,0.013709447796194160,0.019388284615099079,-0.0056788368189049195,0.23813491419645216,0.05,5,benign-first
4005,synthetic_num_shifted,on_off,1/10,MAE,0.013833135486144133,0.018779580865200996,-0.0049464453790568631,0.20562520696888964,0.05,5,benign-first
4006,synthetic_num_shifted,on_off,1/10,MAE,0.012828159962896501,0.019146573801727499,-0.0063184138388309980,0.2635368941615499,0.05,5,benign-first
4007,synthetic_num_shifted,on_off,1/10,MAE,0.013240281838452123,0.019505099980380463,-0.0062648181419283404,0.1996879727723972,0.05,5,benign-first
4008,synthetic_num_shifted,on_off,1/10,MAE,0.014135746655016783,0.020782186194083142,-0.0066464395390663587,0.24763427427813522,0.05,5,benign-first
4009,synthetic_num_shifted,on_off,1/10,MAE,0.013645526114437683,0.018894982740862486,-0.0052494566264248035,0.18230959084887055,0.05,5,benign-first
4010,synthetic_num_shifted,on_off,1/10,MAE,0.013785748172663170,0.018970667950122184,-0.0051849197774590142,0.18832052424896994,0.05,5,benign-first
4011,synthetic_num_shifted,on_off,1/10,MAE,0.015511290042590017,0.020226608042798729,-0.0047153180002087121,-0.0005890966389628938,0.05,0,attack-first
4012,synthetic_num_shifted,on_off,1/10,MAE,0.015796929211600027,0.020563586596523541,-0.0047666573849235140,-0.0002207040910749969,0.05,0,attack-first
4013,synthetic_num_shifted,on_off,1/10,MAE,0.016111396018908471,0.021126162949404146,-0.0050147669304956752,0.0034463818926638856,0.05,0,attack-first
4014,synthetic_num_shifted,on_off,1/10,MAE,0.015410690201322131,0.019818616173472225,-0.0044079259721500943,0.0014817869139699402,0.05,0,attack-first
4015,synthetic_num_shifted,on_off,1/10,MAE,0.016288363503096314,0.020950319388017305,-0.0046619558849209915,0.0009716063651157292,0.05,0,attack-first
4016,synthetic_num_shifted,on_off,1/10,MAE,0.016051461082300583,0.021185503558485817,-0.0051340424761852345,-0.0039046223888380416,0.05,0,attack-first
4017,synthetic_num_shifted,on_off,1/10,MAE,0.016255953653821035,0.021941539035568601,-0.0056855853817475661,-0.0013938082378756045,0.05,0,attack-first
4018,synthetic_num_shifted,on_off,1/10,MAE,0.016251419457488009,0.021037144946386731,-0.0047857254888987212,0.0014123236185643595,0.05,0,attack-first
4019,synthetic_num_shifted,on_off,1/10,MAE,0.015281544401273505,0.019968255413301250,-0.0046867110120277447,-0.00021310702382715263,0.05,0,attack-first
4020,synthetic_num_shifted,on_off,1/10,MAE,0.015687411499469619,0.020467757937777324,-0.0047803464383077049,-0.0002638844177580424,0.05,0,attack-first
4001,synthetic_num_shifted,on_off,3/10,MAE,0.034863156785481516,0.049363243088891730,-0.014500086303410214,0.2322508485133129,0.15,5,benign-first
4002,synthetic_num_shifted,on_off,3/10,MAE,0.034579178154890770,0.045685797110267348,-0.011106618955376578,0.19584453634165266,0.15,5,benign-first
4003,synthetic_num_shifted,on_off,3/10,MAE,0.033521936935938129,0.044802868310690979,-0.011280931374752850,0.21448962039219904,0.15,5,benign-first
4004,synthetic_num_shifted,on_off,3/10,MAE,0.033924208480446607,0.047025672923312097,-0.013101464442865490,0.23673127376419556,0.15,5,benign-first
4005,synthetic_num_shifted,on_off,3/10,MAE,0.035463297813727335,0.045952865658064067,-0.010489567844336731,0.2032067812117722,0.15,5,benign-first
4006,synthetic_num_shifted,on_off,3/10,MAE,0.033645174114813245,0.048593031962190032,-0.014947857847376786,0.2617999988605572,0.15,5,benign-first
4007,synthetic_num_shifted,on_off,3/10,MAE,0.034650581930013507,0.048708475063417520,-0.014057893133404013,0.20710492601852826,0.15,5,benign-first
4008,synthetic_num_shifted,on_off,3/10,MAE,0.035684363447627147,0.050518531211160318,-0.014834167763533172,0.2503334323439286,0.15,5,benign-first
4009,synthetic_num_shifted,on_off,3/10,MAE,0.034448951045883874,0.045590162120225469,-0.011141211074341595,0.1730019144082381,0.15,5,benign-first
4010,synthetic_num_shifted,on_off,3/10,MAE,0.034203651532829091,0.046094133504284968,-0.011890481971455877,0.18878004757652733,0.15,5,benign-first
4011,synthetic_num_shifted,on_off,3/10,MAE,0.043468939572696654,0.051837318876659901,-0.0083683793039632470,0.0016487708475416696,0.15,0,attack-first
4012,synthetic_num_shifted,on_off,3/10,MAE,0.042676813987728981,0.050783068568136531,-0.0081062545804075505,-0.00023244213820050597,0.15,0,attack-first
4013,synthetic_num_shifted,on_off,3/10,MAE,0.044251065129534907,0.052671766481742200,-0.0084207013522072933,-0.0008996259032251208,0.15,0,attack-first
4014,synthetic_num_shifted,on_off,3/10,MAE,0.041723041232870518,0.049335470803544810,-0.0076124295706742921,-0.000735687610553093,0.15,0,attack-first
4015,synthetic_num_shifted,on_off,3/10,MAE,0.043774750003324970,0.051719268685087800,-0.0079445186817628307,-9.783168334320802e-05,0.15,0,attack-first
4016,synthetic_num_shifted,on_off,3/10,MAE,0.044710668048207785,0.053543424567192262,-0.0088327565189844776,-0.0006040783886910317,0.15,0,attack-first
4017,synthetic_num_shifted,on_off,3/10,MAE,0.045153129991443380,0.054975802587420985,-0.0098226725959776043,0.0004215991593594648,0.15,0,attack-first
4018,synthetic_num_shifted,on_off,3/10,MAE,0.044286065639720784,0.052717881259060785,-0.0084318156193400005,-0.0005696109945534378,0.15,0,attack-first
4019,synthetic_num_shifted,on_off,3/10,MAE,0.042653439918762060,0.050571446753762104,-0.0079180068350000437,0.0008200032640963695,0.15,0,attack-first
4020,synthetic_num_shifted,on_off,3/10,MAE,0.043484355397818260,0.051624986965160411,-0.0081406315673421510,-0.0004372046615500613,0.15,0,attack-first
4001,synthetic_num_shifted,on_off,1/2,MAE,0.069021404531828538,0.079506729472933446,-0.010485324941104908,0.23241083263268797,0.25,5,benign-first
4002,synthetic_num_shifted,on_off,1/2,MAE,0.065364297776472396,0.072800114902737038,-0.0074358171262646421,0.19981498566046113,0.25,5,benign-first
4003,synthetic_num_shifted,on_off,1/2,MAE,0.065151267907376191,0.072158695981245049,-0.0070074280738688578,0.2170844802940068,0.25,5,benign-first
4004,synthetic_num_shifted,on_off,1/2,MAE,0.064635845074260766,0.074413812501000870,-0.0097779674267401035,0.2372777550585477,0.25,5,benign-first
4005,synthetic_num_shifted,on_off,1/2,MAE,0.065667144579848182,0.072353599992438709,-0.0066864554125905270,0.20627016889853006,0.25,5,benign-first
4006,synthetic_num_shifted,on_off,1/2,MAE,0.066818035721378578,0.078090285021358576,-0.011272249299979998,0.26213686823872245,0.25,5,benign-first
4007,synthetic_num_shifted,on_off,1/2,MAE,0.067511115630189296,0.077209604012948532,-0.0096984883827592360,0.202592171434255,0.25,5,benign-first
4008,synthetic_num_shifted,on_off,1/2,MAE,0.069923178261837808,0.079973298238167405,-0.010050119976329597,0.24799655568095935,0.25,5,benign-first
4009,synthetic_num_shifted,on_off,1/2,MAE,0.067266462442922848,0.074316699509417864,-0.0070502370664950153,0.17846383777189911,0.25,5,benign-first
4010,synthetic_num_shifted,on_off,1/2,MAE,0.064226588995681108,0.072235231895608661,-0.0080086428999275525,0.18374583959910107,0.25,5,benign-first
4011,synthetic_num_shifted,on_off,1/2,MAE,0.083246413665313501,0.083304843199433603,-0.000058429534120101776,0.0002463012644844387,0.25,0,attack-first
4012,synthetic_num_shifted,on_off,1/2,MAE,0.080967729410979888,0.081026129244864179,-0.000058399833884290906,0.0009765731210217288,0.25,0,attack-first
4013,synthetic_num_shifted,on_off,1/2,MAE,0.084583011640476798,0.084635580461855821,-0.000052568821379023326,-0.00030656667053630127,0.25,0,attack-first
4014,synthetic_num_shifted,on_off,1/2,MAE,0.078842320285507117,0.078837346803080082,0.0000049734824270345381,0.0001088740774977115,0.25,0,attack-first
4015,synthetic_num_shifted,on_off,1/2,MAE,0.083682533040588327,0.083703266533122414,-0.000020733492534086979,0.0007401534068532944,0.25,0,attack-first
4016,synthetic_num_shifted,on_off,1/2,MAE,0.085042370682421281,0.085040728467913679,0.0000016422145076019346,0.0010401493335577827,0.25,0,attack-first
4017,synthetic_num_shifted,on_off,1/2,MAE,0.089106744824025565,0.089162136088889404,-0.000055391264863839131,-0.0009311489221580649,0.25,0,attack-first
4018,synthetic_num_shifted,on_off,1/2,MAE,0.084676860199332327,0.084666564617967662,0.000010295581364664694,0.0010739587372369241,0.25,0,attack-first
4019,synthetic_num_shifted,on_off,1/2,MAE,0.081724597420235938,0.081782513944508982,-0.000057916524273044130,0.0021605942670765987,0.25,0,attack-first
4020,synthetic_num_shifted,on_off,1/2,MAE,0.083078575585630890,0.083065116279181151,0.000013459306449738305,-0.00106112352085308,0.25,0,attack-first
4001,synthetic_num_shifted,on_off,7/10,MAE,0.11009900660994391,0.10910354243489842,0.00099546417504549067,0.23610035859526152,0.35,5,benign-first
4002,synthetic_num_shifted,on_off,7/10,MAE,0.10140806430184062,0.099999884083862892,0.0014081802179777296,0.19699504565232184,0.35,5,benign-first
4003,synthetic_num_shifted,on_off,7/10,MAE,0.10084869820663880,0.099005306256489004,0.0018433919501497925,0.21697968648417887,0.35,5,benign-first
4004,synthetic_num_shifted,on_off,7/10,MAE,0.10178335156223221,0.10177479601383609,0.0000085555483961260327,0.2379438105782256,0.35,5,benign-first
4005,synthetic_num_shifted,on_off,7/10,MAE,0.10281922728688206,0.10109160970444764,0.0017276175824344216,0.20347745727374017,0.35,5,benign-first
4006,synthetic_num_shifted,on_off,7/10,MAE,0.10852672466893557,0.10803855263124774,0.00048817203768782928,0.2614425939802385,0.35,5,benign-first
4007,synthetic_num_shifted,on_off,7/10,MAE,0.10715947477711700,0.10597379346035939,0.0011856813167576122,0.20782496515050736,0.35,5,benign-first
4008,synthetic_num_shifted,on_off,7/10,MAE,0.11173445220728574,0.11011735853869784,0.0016170936685879030,0.25243203269480635,0.35,5,benign-first
4009,synthetic_num_shifted,on_off,7/10,MAE,0.10436121281738966,0.10217221078880856,0.0021890020285810973,0.1769584732543653,0.35,5,benign-first
4010,synthetic_num_shifted,on_off,7/10,MAE,0.10069252215075050,0.10001600604892763,0.00067651610182287237,0.18955028262048546,0.35,5,benign-first
4011,synthetic_num_shifted,on_off,7/10,MAE,0.12326831959628617,0.11488687133842368,0.0083814482578624951,-0.00012180540109152371,0.35,0,attack-first
4012,synthetic_num_shifted,on_off,7/10,MAE,0.11937423619220076,0.11120199950618567,0.0081722366860150878,-0.0008276597059252433,0.35,0,attack-first
4013,synthetic_num_shifted,on_off,7/10,MAE,0.12530814927582365,0.11689444131044847,0.0084137079653751807,-0.00012534818969067718,0.35,0,attack-first
4014,synthetic_num_shifted,on_off,7/10,MAE,0.11624103535575461,0.10858313838710079,0.0076578969686538144,0.0013402210123446556,0.35,0,attack-first
4015,synthetic_num_shifted,on_off,7/10,MAE,0.12273685290995882,0.11461580156103594,0.0081210513489228863,-0.0024876277586651785,0.35,0,attack-first
4016,synthetic_num_shifted,on_off,7/10,MAE,0.12626063630325748,0.11743843504226169,0.0088222012609957918,-0.0005479475665374212,0.35,0,attack-first
4017,synthetic_num_shifted,on_off,7/10,MAE,0.13135149747480085,0.12148155351316718,0.0098699439616336749,0.0009341562458698993,0.35,0,attack-first
4018,synthetic_num_shifted,on_off,7/10,MAE,0.12456443187404311,0.11615533495783882,0.0084090969162042960,5.331492135240978e-05,0.35,0,attack-first
4019,synthetic_num_shifted,on_off,7/10,MAE,0.11994420038847432,0.11196843271528357,0.0079757676731907511,0.0009130957531999773,0.35,0,attack-first
4020,synthetic_num_shifted,on_off,7/10,MAE,0.12230823742701920,0.11413977066116028,0.0081684667658589248,-0.0005849343188307765,0.35,0,attack-first
4001,synthetic_num_shifted,on_off,9/10,MAE,0.14186630730309962,0.13889905294505873,0.0029672543580408921,0.2327012201844469,0.45,5,benign-first
4002,synthetic_num_shifted,on_off,9/10,MAE,0.12915768167232192,0.12664065719855562,0.0025170244737663054,0.19614677810425452,0.45,5,benign-first
4003,synthetic_num_shifted,on_off,9/10,MAE,0.12879642408951985,0.12609882311265324,0.0026976009768666027,0.21306221357403826,0.45,5,benign-first
4004,synthetic_num_shifted,on_off,9/10,MAE,0.13148726184811846,0.12938715714625709,0.0021001047018613730,0.2377620057811619,0.45,5,benign-first
4005,synthetic_num_shifted,on_off,9/10,MAE,0.13033421401866936,0.12764488537672558,0.0026893286419437781,0.20472213100917136,0.45,5,benign-first
4006,synthetic_num_shifted,on_off,9/10,MAE,0.14060141374321763,0.13790846578709174,0.0026929479561258967,0.2612082744185105,0.45,5,benign-first
4007,synthetic_num_shifted,on_off,9/10,MAE,0.13808347107040023,0.13526660561523570,0.0028168654551645236,0.20593061438552224,0.45,5,benign-first
4008,synthetic_num_shifted,on_off,9/10,MAE,0.14419791145194548,0.14101190296015309,0.0031860084917923906,0.2534525382925139,0.45,5,benign-first
4009,synthetic_num_shifted,on_off,9/10,MAE,0.13282617669550703,0.12986548650674390,0.0029606901887631302,0.17119700831286533,0.45,5,benign-first
4010,synthetic_num_shifted,on_off,9/10,MAE,0.12909793021199904,0.12673112171336961,0.0023668084986294382,0.18789442798160516,0.45,5,benign-first
4011,synthetic_num_shifted,on_off,9/10,MAE,0.15185417527295715,0.14678250494448648,0.0050716703284706666,0.0010695942190412921,0.45,0,attack-first
4012,synthetic_num_shifted,on_off,9/10,MAE,0.14659177122437993,0.14160543381998156,0.0049863374043983703,-0.0020795498380974387,0.45,0,attack-first
4013,synthetic_num_shifted,on_off,9/10,MAE,0.15397335972914230,0.14874623152322414,0.0052271282059181690,0.001103182631572719,0.45,0,attack-first
4014,synthetic_num_shifted,on_off,9/10,MAE,0.14326885141175985,0.13862197127737336,0.0046468801343864899,-0.0006518040537417669,0.45,0,attack-first
4015,synthetic_num_shifted,on_off,9/10,MAE,0.15069705405896650,0.14566782878024013,0.0050292252787263715,-0.0013885632800233472,0.45,0,attack-first
4016,synthetic_num_shifted,on_off,9/10,MAE,0.15532832754352479,0.15006407826346314,0.0052642492800616535,3.251449299723763e-05,0.45,0,attack-first
4017,synthetic_num_shifted,on_off,9/10,MAE,0.16152231404788674,0.15578175645860036,0.0057405575892863890,0.0006606186156460359,0.45,0,attack-first
4018,synthetic_num_shifted,on_off,9/10,MAE,0.15293420396378729,0.14790088908027176,0.0050333148835155299,-0.0015328616406642404,0.45,0,attack-first
4019,synthetic_num_shifted,on_off,9/10,MAE,0.14806573552455126,0.14324432547323786,0.0048214100513133960,0.002890588155914031,0.45,0,attack-first
4020,synthetic_num_shifted,on_off,9/10,MAE,0.15061393576360847,0.14572022512648626,0.0048937106371222087,0.0006750061751783498,0.45,0,attack-first
4001,synthetic_num_longitudinal,persistent,0,MAE,0.0090461707245744785,0.0090424097109854365,0.0000037610135890420104,,0.0,0,not_applicable
4002,synthetic_num_longitudinal,persistent,0,MAE,0.0087485495656066285,0.0087474329602346637,0.0000011166053719647454,,0.0,0,not_applicable
4003,synthetic_num_longitudinal,persistent,0,MAE,0.0087399589574200366,0.0087353745887965685,0.0000045843686234681200,,0.0,0,not_applicable
4004,synthetic_num_longitudinal,persistent,0,MAE,0.0087621470420648813,0.0087625874480840193,-4.4040601913800175e-7,,0.0,0,not_applicable
4005,synthetic_num_longitudinal,persistent,0,MAE,0.0091401742959366956,0.0091443257606073866,-0.0000041514646706909909,,0.0,0,not_applicable
4006,synthetic_num_longitudinal,persistent,0,MAE,0.0099645721602935314,0.0099613553839250598,0.0000032167763684715490,,0.0,0,not_applicable
4007,synthetic_num_longitudinal,persistent,0,MAE,0.0092745414113269045,0.0092765717222688254,-0.0000020303109419209523,,0.0,0,not_applicable
4008,synthetic_num_longitudinal,persistent,0,MAE,0.0093640496332285644,0.0093603498791755532,0.0000036997540530111854,,0.0,0,not_applicable
4009,synthetic_num_longitudinal,persistent,0,MAE,0.0089067053215706097,0.0089103406962483308,-0.0000036353746777210990,,0.0,0,not_applicable
4010,synthetic_num_longitudinal,persistent,0,MAE,0.0089484713023642439,0.0089534207053403162,-0.0000049494029760723134,,0.0,0,not_applicable
4011,synthetic_num_longitudinal,persistent,0,MAE,0.0088796239846455465,0.0088842484447977379,-0.0000046244601521914758,,0.0,0,not_applicable
4012,synthetic_num_longitudinal,persistent,0,MAE,0.0088368450902177113,0.0088461784259623817,-0.0000093333357446704239,,0.0,0,not_applicable
4013,synthetic_num_longitudinal,persistent,0,MAE,0.0092246796187103284,0.0092274052879301291,-0.0000027256692198006697,,0.0,0,not_applicable
4014,synthetic_num_longitudinal,persistent,0,MAE,0.0090702139641508921,0.0090733513132578914,-0.0000031373491069993147,,0.0,0,not_applicable
4015,synthetic_num_longitudinal,persistent,0,MAE,0.0086543396148364171,0.008660753162494838,-0.0000064135476584208753,,0.0,0,not_applicable
4016,synthetic_num_longitudinal,persistent,0,MAE,0.0086756998364035750,0.0086774213518125822,-0.0000017215154090071766,,0.0,0,not_applicable
4017,synthetic_num_longitudinal,persistent,0,MAE,0.0090613180701914457,0.0090634651813208202,-0.0000021471111293745164,,0.0,0,not_applicable
4018,synthetic_num_longitudinal,persistent,0,MAE,0.0088197630558576692,0.0088256840929423711,-0.0000059210370847018850,,0.0,0,not_applicable
4019,synthetic_num_longitudinal,persistent,0,MAE,0.0085189988690259008,0.0085169667651120300,0.0000020321039138708352,,0.0,0,not_applicable
4020,synthetic_num_longitudinal,persistent,0,MAE,0.0086737442376650567,0.0086662523796788924,0.0000074918579861642415,,0.0,0,not_applicable
4001,synthetic_num_longitudinal,persistent,1/10,MAE,0.018673442031034092,0.038205551932255214,-0.019532109901221122,0.31018939222199066,0.1,5,not_applicable
4002,synthetic_num_longitudinal,persistent,1/10,MAE,0.018903048845649240,0.036684645842453376,-0.017781596996804136,0.26294536588301376,0.1,5,not_applicable
4003,synthetic_num_longitudinal,persistent,1/10,MAE,0.020101982658552792,0.036219667588757675,-0.016117684930204883,0.25759119974333444,0.1,5,not_applicable
4004,synthetic_num_longitudinal,persistent,1/10,MAE,0.017164780425248057,0.036589454976400932,-0.019424674551152874,0.30585841332526453,0.1,5,not_applicable
4005,synthetic_num_longitudinal,persistent,1/10,MAE,0.017870123836738035,0.035637111787240007,-0.017766987950501972,0.3251568412314724,0.1,5,not_applicable
4006,synthetic_num_longitudinal,persistent,1/10,MAE,0.018742332729179342,0.036187075679372437,-0.017444742950193095,0.3046380557953908,0.1,5,not_applicable
4007,synthetic_num_longitudinal,persistent,1/10,MAE,0.017835389049919917,0.035368609280382696,-0.017533220230462779,0.3250235600696896,0.1,5,not_applicable
4008,synthetic_num_longitudinal,persistent,1/10,MAE,0.018605949243580034,0.035887238506579464,-0.017281289262999430,0.31696676062141127,0.1,5,not_applicable
4009,synthetic_num_longitudinal,persistent,1/10,MAE,0.019840661634165240,0.038566491939603968,-0.018725830305438728,0.2894276433248597,0.1,5,not_applicable
4010,synthetic_num_longitudinal,persistent,1/10,MAE,0.019699627712027489,0.035913539154173193,-0.016213911442145704,0.24717884295631848,0.1,5,not_applicable
4011,synthetic_num_longitudinal,persistent,1/10,MAE,0.018575130092965061,0.038154877513470013,-0.019579747420504952,0.30744322284441006,0.1,5,not_applicable
4012,synthetic_num_longitudinal,persistent,1/10,MAE,0.016781670992738341,0.035736222856255099,-0.018954551863516758,0.3282825532285155,0.1,5,not_applicable
4013,synthetic_num_longitudinal,persistent,1/10,MAE,0.017589639799074131,0.036248288151665843,-0.018658648352591712,0.27875520968043177,0.1,5,not_applicable
4014,synthetic_num_longitudinal,persistent,1/10,MAE,0.019005602482831173,0.037513984264106967,-0.018508381781275794,0.23804376668806382,0.1,5,not_applicable
4015,synthetic_num_longitudinal,persistent,1/10,MAE,0.019127488308052013,0.035815684431039681,-0.016688196122987668,0.26343752913875756,0.1,5,not_applicable
4016,synthetic_num_longitudinal,persistent,1/10,MAE,0.018872116443503312,0.038359285052973896,-0.019487168609470583,0.2810070439367859,0.1,5,not_applicable
4017,synthetic_num_longitudinal,persistent,1/10,MAE,0.019358063873693889,0.036364330428365018,-0.017006266554671128,0.24619049204871418,0.1,5,not_applicable
4018,synthetic_num_longitudinal,persistent,1/10,MAE,0.017848668024511363,0.035365144782506653,-0.017516476757995290,0.27437554396188757,0.1,5,not_applicable
4019,synthetic_num_longitudinal,persistent,1/10,MAE,0.018006293210670450,0.036542594019481446,-0.018536300808810997,0.29804259891419393,0.1,5,not_applicable
4020,synthetic_num_longitudinal,persistent,1/10,MAE,0.019469232128826491,0.036382122507353796,-0.016912890378527305,0.23972944377105831,0.1,5,not_applicable
4001,synthetic_num_longitudinal,persistent,3/10,MAE,0.063379010786565304,0.11102429191033546,-0.047645281123770153,0.3006023304182578,0.3,5,not_applicable
4002,synthetic_num_longitudinal,persistent,3/10,MAE,0.063868464543382314,0.10662679599354741,-0.042758331450165094,0.2628136482406415,0.3,5,not_applicable
4003,synthetic_num_longitudinal,persistent,3/10,MAE,0.067852415058514917,0.10466889506739525,-0.036816480008880331,0.25217283994407436,0.3,5,not_applicable
4004,synthetic_num_longitudinal,persistent,3/10,MAE,0.059928775776210711,0.10955377430943491,-0.049624998533224196,0.3071546425044859,0.3,5,not_applicable
4005,synthetic_num_longitudinal,persistent,3/10,MAE,0.060699338728030532,0.10490996890485650,-0.044210630176825964,0.3203927735914922,0.3,5,not_applicable
4006,synthetic_num_longitudinal,persistent,3/10,MAE,0.061138400359543743,0.10464884686091163,-0.043510446501367886,0.3003813227530194,0.3,5,not_applicable
4007,synthetic_num_longitudinal,persistent,3/10,MAE,0.059795486695183032,0.10360953882797838,-0.043814052132795348,0.32526298497474887,0.3,5,not_applicable
4008,synthetic_num_longitudinal,persistent,3/10,MAE,0.060523726564561158,0.10283854459273244,-0.042314818028171282,0.3152440549862716,0.3,5,not_applicable
4009,synthetic_num_longitudinal,persistent,3/10,MAE,0.063581353021907034,0.10967522256969760,-0.046093869547790568,0.298704895037963,0.3,5,not_applicable
4010,synthetic_num_longitudinal,persistent,3/10,MAE,0.066771778671437331,0.10422632601419865,-0.037454547342761323,0.2509416180592749,0.3,5,not_applicable
4011,synthetic_num_longitudinal,persistent,3/10,MAE,0.064240647832472352,0.11275956035082572,-0.048518912518353366,0.30339478626851357,0.3,5,not_applicable
4012,synthetic_num_longitudinal,persistent,3/10,MAE,0.058373650075555387,0.10645355786853286,-0.048079907792977476,0.3242112839615541,0.3,5,not_applicable
4013,synthetic_num_longitudinal,persistent,3/10,MAE,0.059950744222809193,0.10602807587472373,-0.046077331651914540,0.27322937818108295,0.3,5,not_applicable
4014,synthetic_num_longitudinal,persistent,3/10,MAE,0.063259634340781302,0.10799000330806643,-0.044730368967285124,0.23363078376185598,0.3,5,not_applicable
4015,synthetic_num_longitudinal,persistent,3/10,MAE,0.064763276808253941,0.10404234729976946,-0.039279070491515515,0.2724546092494625,0.3,5,not_applicable
4016,synthetic_num_longitudinal,persistent,3/10,MAE,0.064832620799968198,0.11263264040311822,-0.047800019603150019,0.28155800099477124,0.3,5,not_applicable
4017,synthetic_num_longitudinal,persistent,3/10,MAE,0.066765801401617360,0.10675104343970236,-0.039985242038084996,0.24282925063281974,0.3,5,not_applicable
4018,synthetic_num_longitudinal,persistent,3/10,MAE,0.060966451876576296,0.10378133909215343,-0.042814887215577133,0.27776095908070825,0.3,5,not_applicable
4019,synthetic_num_longitudinal,persistent,3/10,MAE,0.061773636279889342,0.10798687785852831,-0.046213241578638967,0.29799511765980513,0.3,5,not_applicable
4020,synthetic_num_longitudinal,persistent,3/10,MAE,0.065803886656873950,0.10631282849464076,-0.040508941837766812,0.24427623086500566,0.3,5,not_applicable
4001,synthetic_num_longitudinal,persistent,1/2,MAE,0.14169172928777167,0.18387153424781318,-0.042179804960041508,0.30302679809717475,0.5,5,not_applicable
4002,synthetic_num_longitudinal,persistent,1/2,MAE,0.14179814765998309,0.17762325166964315,-0.035825104009660056,0.26721936306750865,0.5,5,not_applicable
4003,synthetic_num_longitudinal,persistent,1/2,MAE,0.15187041795893424,0.17457946907184780,-0.022709051112913559,0.25150584054208436,0.5,5,not_applicable
4004,synthetic_num_longitudinal,persistent,1/2,MAE,0.13493184297640565,0.18116071022926801,-0.046228867252862359,0.30641110648958897,0.5,5,not_applicable
4005,synthetic_num_longitudinal,persistent,1/2,MAE,0.13583422514930420,0.17510789917201428,-0.039273674022710086,0.32160619436982246,0.5,5,not_applicable
4006,synthetic_num_longitudinal,persistent,1/2,MAE,0.13496021868319974,0.17459966912290277,-0.039639450439703032,0.30025584053843457,0.5,5,not_applicable
4007,synthetic_num_longitudinal,persistent,1/2,MAE,0.13164158677961743,0.17156965173473042,-0.039928064955112992,0.32478543391119,0.5,5,not_applicable
4008,synthetic_num_longitudinal,persistent,1/2,MAE,0.13406591936185061,0.17071661133033817,-0.036650691968487565,0.31373257713383723,0.5,5,not_applicable
4009,synthetic_num_longitudinal,persistent,1/2,MAE,0.14448656635799511,0.18166257799003022,-0.037176011632035111,0.2929283553581843,0.5,5,not_applicable
4010,synthetic_num_longitudinal,persistent,1/2,MAE,0.14896015687093359,0.17392324190400369,-0.024963085033070098,0.2520904320514666,0.5,5,not_applicable
4011,synthetic_num_longitudinal,persistent,1/2,MAE,0.14567011244714825,0.18537523119632643,-0.039705118749178178,0.30000509955777044,0.5,5,not_applicable
4012,synthetic_num_longitudinal,persistent,1/2,MAE,0.13078812216768850,0.17747286057753410,-0.046684738409845594,0.3236041159722341,0.5,5,not_applicable
4013,synthetic_num_longitudinal,persistent,1/2,MAE,0.13672309044116387,0.17736065635522706,-0.040637565914063189,0.2745331994958994,0.5,5,not_applicable
4014,synthetic_num_longitudinal,persistent,1/2,MAE,0.14084595306430873,0.17877062622125826,-0.037924673156949524,0.23701282131340345,0.5,5,not_applicable
4015,synthetic_num_longitudinal,persistent,1/2,MAE,0.14411981594070652,0.17206854992637604,-0.027948733985669522,0.26930194685498554,0.5,5,not_applicable
4016,synthetic_num_longitudinal,persistent,1/2,MAE,0.15098283407606903,0.18843305747115034,-0.037450223395081310,0.2763083169000738,0.5,5,not_applicable
4017,synthetic_num_longitudinal,persistent,1/2,MAE,0.15198663894978780,0.17898527490988656,-0.026998635960098765,0.24310109136263214,0.5,5,not_applicable
4018,synthetic_num_longitudinal,persistent,1/2,MAE,0.13551853681349303,0.17306481977313571,-0.037546282959642681,0.2797162440904554,0.5,5,not_applicable
4019,synthetic_num_longitudinal,persistent,1/2,MAE,0.13801318126144076,0.17935598649329603,-0.041342805231855276,0.2993332164423445,0.5,5,not_applicable
4020,synthetic_num_longitudinal,persistent,1/2,MAE,0.14371068292072004,0.17542504591232202,-0.031714362991601981,0.24645635773723312,0.5,5,not_applicable
4001,synthetic_num_longitudinal,persistent,7/10,MAE,0.25974528859715793,0.25866589106513125,0.0010793975320266817,0.30312338314520226,0.7,5,not_applicable
4002,synthetic_num_longitudinal,persistent,7/10,MAE,0.25460033260899469,0.24852134582852273,0.0060789867804719604,0.26516366599006397,0.7,5,not_applicable
4003,synthetic_num_longitudinal,persistent,7/10,MAE,0.25876575316182675,0.24397123017146980,0.014794522990356950,0.25157352049547893,0.7,5,not_applicable
4004,synthetic_num_longitudinal,persistent,7/10,MAE,0.25571817153538089,0.25373228336327505,0.0019858881721058378,0.30524643146653113,0.7,5,not_applicable
4005,synthetic_num_longitudinal,persistent,7/10,MAE,0.24699771363513344,0.24450889470405359,0.0024888189310798570,0.32169224045001465,0.7,5,not_applicable
4006,synthetic_num_longitudinal,persistent,7/10,MAE,0.24093443055505584,0.24178976078266165,-0.00085533022760581240,0.29931934070175337,0.7,5,not_applicable
4007,synthetic_num_longitudinal,persistent,7/10,MAE,0.23893431135215392,0.23995744216179347,-0.0010231308096395454,0.3253872415052403,0.7,5,not_applicable
4008,synthetic_num_longitudinal,persistent,7/10,MAE,0.24083087682947025,0.23916220748739075,0.0016686693420795003,0.315793630500046,0.7,5,not_applicable
4009,synthetic_num_longitudinal,persistent,7/10,MAE,0.25908573596444721,0.25308758839006925,0.0059981475743779643,0.29628883523169924,0.7,5,not_applicable
4010,synthetic_num_longitudinal,persistent,7/10,MAE,0.25389845007518119,0.24226385055491877,0.011634599520262422,0.25127666960582645,0.7,5,not_applicable
4011,synthetic_num_longitudinal,persistent,7/10,MAE,0.26918238967333650,0.26087727696195351,0.0083051127113829967,0.300613569686749,0.7,5,not_applicable
4012,synthetic_num_longitudinal,persistent,7/10,MAE,0.24418341870083833,0.24860256902615591,-0.0044191503253175820,0.32405166936670804,0.7,5,not_applicable
4013,synthetic_num_longitudinal,persistent,7/10,MAE,0.25319918187338789,0.24841739368046329,0.0047817881929246034,0.27521352072349975,0.7,5,not_applicable
4014,synthetic_num_longitudinal,persistent,7/10,MAE,0.25518597911453753,0.24982231847599610,0.0053636606385414304,0.2365092401821577,0.7,5,not_applicable
4015,synthetic_num_longitudinal,persistent,7/10,MAE,0.25122489882320201,0.24170009296832213,0.0095248058548798749,0.2716556189250045,0.7,5,not_applicable
4016,synthetic_num_longitudinal,persistent,7/10,MAE,0.27297627992074823,0.26243020439889921,0.010546075521849020,0.27770627646894874,0.7,5,not_applicable
4017,synthetic_num_longitudinal,persistent,7/10,MAE,0.26093019156069552,0.24944834777587692,0.011481843784818603,0.24355975746856579,0.7,5,not_applicable
4018,synthetic_num_longitudinal,persistent,7/10,MAE,0.24454908315647397,0.24256826397845235,0.0019808191780216241,0.2813658612620903,0.7,5,not_applicable
4019,synthetic_num_longitudinal,persistent,7/10,MAE,0.25182154870498925,0.25067278928347298,0.0011487594215162729,0.29913428987138496,0.7,5,not_applicable
4020,synthetic_num_longitudinal,persistent,7/10,MAE,0.25350777199934947,0.24655750177104239,0.0069502702283070754,0.24414268689809787,0.7,5,not_applicable
4001,synthetic_num_longitudinal,persistent,9/10,MAE,0.33930900167722469,0.33058933110376571,0.0087196705734589797,0.30208289142874833,0.9,5,not_applicable
4002,synthetic_num_longitudinal,persistent,9/10,MAE,0.32846646933509125,0.31911723513051518,0.0093492342045760665,0.2659304292567438,0.9,5,not_applicable
4003,synthetic_num_longitudinal,persistent,9/10,MAE,0.32441270232325018,0.31335812095489121,0.011054581368358974,0.2543265729647066,0.9,5,not_applicable
4004,synthetic_num_longitudinal,persistent,9/10,MAE,0.33591947198885219,0.32721863286546203,0.0087008391233901656,0.3056829966645452,0.9,5,not_applicable
4005,synthetic_num_longitudinal,persistent,9/10,MAE,0.32259539828176367,0.31459886943538383,0.0079965288463798410,0.32190199453219137,0.9,5,not_applicable
4006,synthetic_num_longitudinal,persistent,9/10,MAE,0.31774478374257956,0.31053502858139174,0.0072097551611878207,0.30083286219594907,0.9,5,not_applicable
4007,synthetic_num_longitudinal,persistent,9/10,MAE,0.31611916721547863,0.30922419107059407,0.0068949761448845646,0.32260486930088006,0.9,5,not_applicable
4008,synthetic_num_longitudinal,persistent,9/10,MAE,0.31519198171188461,0.30729587619994792,0.0078961055119366937,0.3154673583203808,0.9,5,not_applicable
4009,synthetic_num_longitudinal,persistent,9/10,MAE,0.33474180363699086,0.32508026476010068,0.0096615388768901845,0.2912347047302848,0.9,5,not_applicable
4010,synthetic_num_longitudinal,persistent,9/10,MAE,0.32199233097355761,0.31155246048784265,0.010439870485714956,0.252034628316359,0.9,5,not_applicable
4011,synthetic_num_longitudinal,persistent,9/10,MAE,0.34479839076375105,0.33410470857291973,0.010693682190831322,0.302913055469062,0.9,5,not_applicable
4012,synthetic_num_longitudinal,persistent,9/10,MAE,0.32600305639928078,0.31928590341515252,0.0067171529841282652,0.3282449526452129,0.9,5,not_applicable
4013,synthetic_num_longitudinal,persistent,9/10,MAE,0.32869327533474580,0.31938306779942333,0.0093102075353224700,0.27590232166964623,0.9,5,not_applicable
4014,synthetic_num_longitudinal,persistent,9/10,MAE,0.33094672065070308,0.32174196265463347,0.0092047579960696039,0.23629451999097312,0.9,5,not_applicable
4015,synthetic_num_longitudinal,persistent,9/10,MAE,0.32071654369721314,0.31094754030241664,0.0097690033947965005,0.27212656228488896,0.9,5,not_applicable
4016,synthetic_num_longitudinal,persistent,9/10,MAE,0.34971108943025857,0.33836149784688326,0.011349591583375309,0.27858093309860243,0.9,5,not_applicable
4017,synthetic_num_longitudinal,persistent,9/10,MAE,0.33238160771614195,0.32147137105246692,0.010910236663675024,0.24752627648564457,0.9,5,not_applicable
4018,synthetic_num_longitudinal,persistent,9/10,MAE,0.31912298954039296,0.31095123270026904,0.0081717568401239225,0.27681816700462597,0.9,5,not_applicable
4019,synthetic_num_longitudinal,persistent,9/10,MAE,0.33109072500971017,0.32272756454165475,0.0083631604680554225,0.2992767037467323,0.9,5,not_applicable
4020,synthetic_num_longitudinal,persistent,9/10,MAE,0.32538575195068683,0.31597003723875442,0.0094157147119324064,0.24644678414299725,0.9,5,not_applicable
4001,synthetic_num_longitudinal,random,0,MAE,0.0090461707245744785,0.0090424097109854365,0.0000037610135890420104,,0.0,0,not_applicable
4002,synthetic_num_longitudinal,random,0,MAE,0.0087485495656066285,0.0087474329602346637,0.0000011166053719647454,,0.0,0,not_applicable
4003,synthetic_num_longitudinal,random,0,MAE,0.0087399589574200366,0.0087353745887965685,0.0000045843686234681200,,0.0,0,not_applicable
4004,synthetic_num_longitudinal,random,0,MAE,0.0087621470420648813,0.0087625874480840193,-4.4040601913800175e-7,,0.0,0,not_applicable
4005,synthetic_num_longitudinal,random,0,MAE,0.0091401742959366956,0.0091443257606073866,-0.0000041514646706909909,,0.0,0,not_applicable
4006,synthetic_num_longitudinal,random,0,MAE,0.0099645721602935314,0.0099613553839250598,0.0000032167763684715490,,0.0,0,not_applicable
4007,synthetic_num_longitudinal,random,0,MAE,0.0092745414113269045,0.0092765717222688254,-0.0000020303109419209523,,0.0,0,not_applicable
4008,synthetic_num_longitudinal,random,0,MAE,0.0093640496332285644,0.0093603498791755532,0.0000036997540530111854,,0.0,0,not_applicable
4009,synthetic_num_longitudinal,random,0,MAE,0.0089067053215706097,0.0089103406962483308,-0.0000036353746777210990,,0.0,0,not_applicable
4010,synthetic_num_longitudinal,random,0,MAE,0.0089484713023642439,0.0089534207053403162,-0.0000049494029760723134,,0.0,0,not_applicable
4011,synthetic_num_longitudinal,random,0,MAE,0.0088796239846455465,0.0088842484447977379,-0.0000046244601521914758,,0.0,0,not_applicable
4012,synthetic_num_longitudinal,random,0,MAE,0.0088368450902177113,0.0088461784259623817,-0.0000093333357446704239,,0.0,0,not_applicable
4013,synthetic_num_longitudinal,random,0,MAE,0.0092246796187103284,0.0092274052879301291,-0.0000027256692198006697,,0.0,0,not_applicable
4014,synthetic_num_longitudinal,random,0,MAE,0.0090702139641508921,0.0090733513132578914,-0.0000031373491069993147,,0.0,0,not_applicable
4015,synthetic_num_longitudinal,random,0,MAE,0.0086543396148364171,0.008660753162494838,-0.0000064135476584208753,,0.0,0,not_applicable
4016,synthetic_num_longitudinal,random,0,MAE,0.0086756998364035750,0.0086774213518125822,-0.0000017215154090071766,,0.0,0,not_applicable
4017,synthetic_num_longitudinal,random,0,MAE,0.0090613180701914457,0.0090634651813208202,-0.0000021471111293745164,,0.0,0,not_applicable
4018,synthetic_num_longitudinal,random,0,MAE,0.0088197630558576692,0.0088256840929423711,-0.0000059210370847018850,,0.0,0,not_applicable
4019,synthetic_num_longitudinal,random,0,MAE,0.0085189988690259008,0.0085169667651120300,0.0000020321039138708352,,0.0,0,not_applicable
4020,synthetic_num_longitudinal,random,0,MAE,0.0086737442376650567,0.0086662523796788924,0.0000074918579861642415,,0.0,0,not_applicable
4001,synthetic_num_longitudinal,random,1/10,MAE,0.015819176250859890,0.026856519129738343,-0.011037342878878453,0.2188043504237972,0.1,5,not_applicable
4002,synthetic_num_longitudinal,random,1/10,MAE,0.015471966445015947,0.025370908993079876,-0.0098989425480639288,0.2224618143779883,0.1,5,not_applicable
4003,synthetic_num_longitudinal,random,1/10,MAE,0.015851813252452088,0.025472240246466641,-0.0096204269940145531,0.2188718128136644,0.1,5,not_applicable
4004,synthetic_num_longitudinal,random,1/10,MAE,0.015890213210907938,0.026309527567317012,-0.010419314356409074,0.20426409323259093,0.1,5,not_applicable
4005,synthetic_num_longitudinal,random,1/10,MAE,0.014942997584291758,0.024274383933817928,-0.0093313863495261703,0.2546343293414287,0.1,5,not_applicable
4006,synthetic_num_longitudinal,random,1/10,MAE,0.016673901593439262,0.024887765645978229,-0.0082138640525389671,0.18673440850237144,0.1,5,not_applicable
4007,synthetic_num_longitudinal,random,1/10,MAE,0.015375115076236247,0.025830362590392085,-0.010455247514155838,0.2728807467913761,0.1,5,not_applicable
4008,synthetic_num_longitudinal,random,1/10,MAE,0.016299166515038233,0.026918442893331727,-0.010619276378293494,0.2517191138921069,0.1,5,not_applicable
4009,synthetic_num_longitudinal,random,1/10,MAE,0.015971095243947637,0.025678743257305155,-0.0097076480133575181,0.236289550075093,0.1,5,not_applicable
4010,synthetic_num_longitudinal,random,1/10,MAE,0.015555595399046238,0.024903377108442895,-0.0093477817093966574,0.24591875291461462,0.1,5,not_applicable
4011,synthetic_num_longitudinal,random,1/10,MAE,0.015991543888494299,0.025849414992538983,-0.0098578711040446846,0.1766689610279747,0.1,5,not_applicable
4012,synthetic_num_longitudinal,random,1/10,MAE,0.015186450450538539,0.025243454675891570,-0.010057004225353031,0.2621030139807763,0.1,5,not_applicable
4013,synthetic_num_longitudinal,random,1/10,MAE,0.015431984463119668,0.025640875150133456,-0.010208890687013788,0.22791946445223632,0.1,5,not_applicable
4014,synthetic_num_longitudinal,random,1/10,MAE,0.015443720163748181,0.024141724419403816,-0.0086980042556556352,0.19759531112970996,0.1,5,not_applicable
4015,synthetic_num_longitudinal,random,1/10,MAE,0.016853233036228716,0.026428222375530526,-0.0095749893393018096,0.18697522209848938,0.1,5,not_applicable
4016,synthetic_num_longitudinal,random,1/10,MAE,0.016732009196177607,0.027255084834668390,-0.010523075638490784,0.1942276683779165,0.1,5,not_applicable
4017,synthetic_num_longitudinal,random,1/10,MAE,0.015737137943921310,0.025289770798788213,-0.0095526328548669032,0.263693882782158,0.1,5,not_applicable
4018,synthetic_num_longitudinal,random,1/10,MAE,0.015133769015906709,0.023979237701349313,-0.0088454686854426039,0.21347696553646955,0.1,5,not_applicable
4019,synthetic_num_longitudinal,random,1/10,MAE,0.015882387872827268,0.025676821533934202,-0.0097944336611069334,0.2392702464177212,0.1,5,not_applicable
4020,synthetic_num_longitudinal,random,1/10,MAE,0.016483093868001053,0.025672281538244138,-0.0091891876702430851,0.17338392770615163,0.1,5,not_applicable
4001,synthetic_num_longitudinal,random,3/10,MAE,0.038996528216401287,0.063276871393571296,-0.024280343177170009,0.2275812084278096,0.3,5,not_applicable
4002,synthetic_num_longitudinal,random,3/10,MAE,0.037016025351903115,0.059499525994919256,-0.022483500643016140,0.2299693587904879,0.3,5,not_applicable
4003,synthetic_num_longitudinal,random,3/10,MAE,0.040042245164700688,0.063267725129462558,-0.023225479964761870,0.20935829796207472,0.3,5,not_applicable
4004,synthetic_num_longitudinal,random,3/10,MAE,0.035758639344968573,0.059731188803822027,-0.023972549458853454,0.23069566494976124,0.3,5,not_applicable
4005,synthetic_num_longitudinal,random,3/10,MAE,0.036133946877449031,0.058250126366639912,-0.022116179489190881,0.2494341182425035,0.3,5,not_applicable
4006,synthetic_num_longitudinal,random,3/10,MAE,0.037098962520586781,0.060144840226974950,-0.023045877706388170,0.23010207628976032,0.3,5,not_applicable
4007,synthetic_num_longitudinal,random,3/10,MAE,0.036955119843045541,0.060077092019207615,-0.023121972176162074,0.24945337464384637,0.3,5,not_applicable
4008,synthetic_num_longitudinal,random,3/10,MAE,0.034393454907952816,0.056824486924501944,-0.022431032016549128,0.2531635664412479,0.3,5,not_applicable
4009,synthetic_num_longitudinal,random,3/10,MAE,0.038459644066845696,0.061837815332795393,-0.023378171265949697,0.24652693070405396,0.3,5,not_applicable
4010,synthetic_num_longitudinal,random,3/10,MAE,0.037525515885707354,0.058362053492824841,-0.020836537607117487,0.21671357547593412,0.3,5,not_applicable
4011,synthetic_num_longitudinal,random,3/10,MAE,0.038424599402693407,0.061794599729439977,-0.023370000326746570,0.22493706347759423,0.3,5,not_applicable
4012,synthetic_num_longitudinal,random,3/10,MAE,0.034961772786898683,0.059522520916710209,-0.024560748129811526,0.2591116446795823,0.3,5,not_applicable
4013,synthetic_num_longitudinal,random,3/10,MAE,0.035252996404284254,0.058542051083804977,-0.023289054679520723,0.22934247645562833,0.3,5,not_applicable
4014,synthetic_num_longitudinal,random,3/10,MAE,0.036702348385707953,0.058607621658241255,-0.021905273272533302,0.21699032623547432,0.3,5,not_applicable
4015,synthetic_num_longitudinal,random,3/10,MAE,0.039482250142339879,0.060860896915328744,-0.021378646772988865,0.21155117248552507,0.3,5,not_applicable
4016,synthetic_num_longitudinal,random,3/10,MAE,0.037544228544857544,0.062358624665299494,-0.024814396120441950,0.223453912874773,0.3,5,not_applicable
4017,synthetic_num_longitudinal,random,3/10,MAE,0.037083932300129548,0.059145480187542633,-0.022061547887413085,0.2286292083236408,0.3,5,not_applicable
4018,synthetic_num_longitudinal,random,3/10,MAE,0.035874521121536254,0.057655671361493004,-0.021781150239956750,0.21510723303544604,0.3,5,not_applicable
4019,synthetic_num_longitudinal,random,3/10,MAE,0.037447982146093298,0.062261090983212034,-0.024813108837118736,0.23717546208606227,0.3,5,not_applicable
4020,synthetic_num_longitudinal,random,3/10,MAE,0.037886232210830032,0.059570732997451963,-0.021684500786621931,0.18691286405825713,0.3,5,not_applicable
4001,synthetic_num_longitudinal,random,1/2,MAE,0.069637751087915864,0.098746018437715907,-0.029108267349800043,0.22034237760216402,0.5,5,not_applicable
4002,synthetic_num_longitudinal,random,1/2,MAE,0.068086596887756846,0.095017036863110814,-0.026930439975353968,0.2146996142752453,0.5,5,not_applicable
4003,synthetic_num_longitudinal,random,1/2,MAE,0.071191612677500389,0.098466177570561802,-0.027274564893061413,0.2166140091557241,0.5,5,not_applicable
4004,synthetic_num_longitudinal,random,1/2,MAE,0.067918822969573529,0.096917830463716106,-0.028999007494142576,0.20154812770767433,0.5,5,not_applicable
4005,synthetic_num_longitudinal,random,1/2,MAE,0.066234740134256897,0.091942697691553251,-0.025707957557296354,0.22119657781206675,0.5,5,not_applicable
4006,synthetic_num_longitudinal,random,1/2,MAE,0.068085432020366685,0.095569774140322322,-0.027484342119955637,0.22931852934267538,0.5,5,not_applicable
4007,synthetic_num_longitudinal,random,1/2,MAE,0.067240893386817087,0.095144099151509736,-0.027903205764692649,0.23422445956421623,0.5,5,not_applicable
4008,synthetic_num_longitudinal,random,1/2,MAE,0.065833193327643866,0.093694545792909303,-0.027861352465265436,0.2541234089470392,0.5,5,not_applicable
4009,synthetic_num_longitudinal,random,1/2,MAE,0.070523583663858693,0.099628646492965651,-0.029105062829106958,0.24142111931910837,0.5,5,not_applicable
4010,synthetic_num_longitudinal,random,1/2,MAE,0.064871863767277245,0.089105403229725192,-0.024233539462447947,0.20157887965077004,0.5,5,not_applicable
4011,synthetic_num_longitudinal,random,1/2,MAE,0.071317325007997491,0.10032308103607164,-0.029005756028074152,0.22230524503372417,0.5,5,not_applicable
4012,synthetic_num_longitudinal,random,1/2,MAE,0.063492358855818686,0.092685463516283347,-0.029193104660464662,0.2500713595346572,0.5,5,not_applicable
4013,synthetic_num_longitudinal,random,1/2,MAE,0.067816934263144799,0.096763404691106852,-0.028946470427962053,0.20965513242379585,0.5,5,not_applicable
4014,synthetic_num_longitudinal,random,1/2,MAE,0.069656179907396215,0.097935343862332407,-0.028279163954936192,0.21709828723682584,0.5,5,not_applicable
4015,synthetic_num_longitudinal,random,1/2,MAE,0.068160000210123206,0.094446679002919067,-0.026286678792795861,0.20675564435012633,0.5,5,not_applicable
4016,synthetic_num_longitudinal,random,1/2,MAE,0.071560506269761393,0.10206306202272439,-0.030502555752963001,0.2329386366772731,0.5,5,not_applicable
4017,synthetic_num_longitudinal,random,1/2,MAE,0.067378696822203795,0.095333341660973638,-0.027954644838769843,0.23408403655863314,0.5,5,not_applicable
4018,synthetic_num_longitudinal,random,1/2,MAE,0.063758739321212451,0.091648915808083681,-0.027890176486871230,0.22710727929132207,0.5,5,not_applicable
4019,synthetic_num_longitudinal,random,1/2,MAE,0.071245848249539317,0.10032315145550869,-0.029077303205969370,0.21551692701633396,0.5,5,not_applicable
4020,synthetic_num_longitudinal,random,1/2,MAE,0.068733248001488803,0.096925755517676585,-0.028192507516187783,0.21111961663706608,0.5,5,not_applicable
4001,synthetic_num_longitudinal,random,7/10,MAE,0.11507037724898155,0.13870590049925800,-0.023635523250276457,0.22978834463676134,0.7,5,not_applicable
4002,synthetic_num_longitudinal,random,7/10,MAE,0.10997603623856593,0.13192994801762340,-0.021953911779057468,0.2215001284386593,0.7,5,not_applicable
4003,synthetic_num_longitudinal,random,7/10,MAE,0.10885695570710487,0.13051017332099018,-0.021653217613885307,0.22401067560109955,0.7,5,not_applicable
4004,synthetic_num_longitudinal,random,7/10,MAE,0.11062790935615732,0.13304084652765507,-0.022412937171497749,0.19491298281938263,0.7,5,not_applicable
4005,synthetic_num_longitudinal,random,7/10,MAE,0.10649310364744780,0.12826577765178178,-0.021772674004333984,0.2448781849098582,0.7,5,not_applicable
4006,synthetic_num_longitudinal,random,7/10,MAE,0.10593296522717015,0.12778317949540487,-0.021850214268234724,0.2294241128833776,0.7,5,not_applicable
4007,synthetic_num_longitudinal,random,7/10,MAE,0.10370361110929095,0.12513178945560915,-0.021428178346318203,0.22336283459542178,0.7,5,not_applicable
4008,synthetic_num_longitudinal,random,7/10,MAE,0.10488104049931729,0.12645054256916586,-0.021569502069848563,0.24301657114893122,0.7,5,not_applicable
4009,synthetic_num_longitudinal,random,7/10,MAE,0.11386363715494596,0.13598468228150515,-0.022121045126559196,0.23207838735569636,0.7,5,not_applicable
4010,synthetic_num_longitudinal,random,7/10,MAE,0.10721265275917801,0.12744633458387975,-0.020233681824701738,0.20643365631150457,0.7,5,not_applicable
4011,synthetic_num_longitudinal,random,7/10,MAE,0.11604675497323034,0.13938053095095998,-0.023333775977729649,0.21767880179542842,0.7,5,not_applicable
4012,synthetic_num_longitudinal,random,7/10,MAE,0.10274808812477969,0.12709893355459049,-0.024350845429810800,0.25603802583206137,0.7,5,not_applicable
4013,synthetic_num_longitudinal,random,7/10,MAE,0.11043917631272877,0.13382557435377816,-0.023386398041049384,0.22833301644513998,0.7,5,not_applicable
4014,synthetic_num_longitudinal,random,7/10,MAE,0.10963786193996004,0.13187354391688964,-0.022235681976929592,0.2121825898978002,0.7,5,not_applicable
4015,synthetic_num_longitudinal,random,7/10,MAE,0.10711426987079678,0.12825813604189145,-0.021143866171094665,0.2106299832185774,0.7,5,not_applicable
4016,synthetic_num_longitudinal,random,7/10,MAE,0.11494410393187702,0.13820171230097693,-0.023257608369099915,0.22164770846487708,0.7,5,not_applicable
4017,synthetic_num_longitudinal,random,7/10,MAE,0.10683159949550226,0.12891863880157017,-0.022087039306067903,0.22745243042507274,0.7,5,not_applicable
4018,synthetic_num_longitudinal,random,7/10,MAE,0.10571373614739452,0.12917853414984993,-0.023464798002455407,0.2231017580719073,0.7,5,not_applicable
4019,synthetic_num_longitudinal,random,7/10,MAE,0.11446310734403138,0.13816728356409163,-0.023704176220060248,0.22685258174192457,0.7,5,not_applicable
4020,synthetic_num_longitudinal,random,7/10,MAE,0.10806562498077028,0.12883128327526923,-0.020765658294498949,0.20296353258937205,0.7,5,not_applicable
4001,synthetic_num_longitudinal,random,9/10,MAE,0.16524644957985343,0.17323346314814596,-0.0079870135682925295,0.2274092058819941,0.9,5,not_applicable
4002,synthetic_num_longitudinal,random,9/10,MAE,0.15773545993913175,0.16519452790655499,-0.0074590679674232374,0.22045353993293182,0.9,5,not_applicable
4003,synthetic_num_longitudinal,random,9/10,MAE,0.16156998228441454,0.16855610845127517,-0.0069861261668606343,0.21911942782263466,0.9,5,not_applicable
4004,synthetic_num_longitudinal,random,9/10,MAE,0.16035162075060500,0.16818912503185594,-0.0078375042812509337,0.1991199506297957,0.9,5,not_applicable
4005,synthetic_num_longitudinal,random,9/10,MAE,0.15426302384266512,0.16188879819198550,-0.0076257743493203792,0.2375484748696306,0.9,5,not_applicable
4006,synthetic_num_longitudinal,random,9/10,MAE,0.15074285868659479,0.15832025895991686,-0.0075774002733220708,0.2299382063971534,0.9,5,not_applicable
4007,synthetic_num_longitudinal,random,9/10,MAE,0.15741173482969371,0.16482554605428349,-0.0074138112245897771,0.22340894716427168,0.9,5,not_applicable
4008,synthetic_num_longitudinal,random,9/10,MAE,0.15310200182097688,0.16005617871247891,-0.0069541768915020260,0.23557095600916234,0.9,5,not_applicable
4009,synthetic_num_longitudinal,random,9/10,MAE,0.16535737438255082,0.17252005322600059,-0.0071626788434497728,0.23545079805406322,0.9,5,not_applicable
4010,synthetic_num_longitudinal,random,9/10,MAE,0.15310661662766019,0.16021872601268544,-0.0071121093850252563,0.20959648751415977,0.9,5,not_applicable
4011,synthetic_num_longitudinal,random,9/10,MAE,0.16440111415307536,0.17203795942169533,-0.0076368452686199734,0.22524506069271,0.9,5,not_applicable
4012,synthetic_num_longitudinal,random,9/10,MAE,0.15022041901486674,0.16032837530251621,-0.010107956287649473,0.2559474578676719,0.9,5,not_applicable
4013,synthetic_num_longitudinal,random,9/10,MAE,0.16200077590971871,0.17018894453149876,-0.0081881686217800475,0.22308038742638253,0.9,5,not_applicable
4014,synthetic_num_longitudinal,random,9/10,MAE,0.16007923587274928,0.16713729735076855,-0.0070580614780192728,0.20890295354816235,0.9,5,not_applicable
4015,synthetic_num_longitudinal,random,9/10,MAE,0.15628686669520365,0.16314554520210759,-0.0068586785069039329,0.20220335120900917,0.9,5,not_applicable
4016,synthetic_num_longitudinal,random,9/10,MAE,0.16931953955638681,0.17682215425990936,-0.0075026147035225443,0.23167042753166794,0.9,5,not_applicable
4017,synthetic_num_longitudinal,random,9/10,MAE,0.15619190236483077,0.16387501900999065,-0.0076831166451598817,0.23363206557172495,0.9,5,not_applicable
4018,synthetic_num_longitudinal,random,9/10,MAE,0.15636531287286935,0.16432239581825130,-0.0079570829453819522,0.22250893272506267,0.9,5,not_applicable
4019,synthetic_num_longitudinal,random,9/10,MAE,0.16611234440452613,0.17372174175644937,-0.0076093973519232417,0.2194244012555866,0.9,5,not_applicable
4020,synthetic_num_longitudinal,random,9/10,MAE,0.15876256287619095,0.16553056883943723,-0.0067680059632462851,0.21163281467283523,0.9,5,not_applicable
4001,synthetic_num_longitudinal,on_off,0,MAE,0.0090461707245744785,0.0090424097109854365,0.0000037610135890420104,,0.0,0,benign-first
4002,synthetic_num_longitudinal,on_off,0,MAE,0.0087485495656066285,0.0087474329602346637,0.0000011166053719647454,,0.0,0,benign-first
4003,synthetic_num_longitudinal,on_off,0,MAE,0.0087399589574200366,0.0087353745887965685,0.0000045843686234681200,,0.0,0,benign-first
4004,synthetic_num_longitudinal,on_off,0,MAE,0.0087621470420648813,0.0087625874480840193,-4.4040601913800175e-7,,0.0,0,benign-first
4005,synthetic_num_longitudinal,on_off,0,MAE,0.0091401742959366956,0.0091443257606073866,-0.0000041514646706909909,,0.0,0,benign-first
4006,synthetic_num_longitudinal,on_off,0,MAE,0.0099645721602935314,0.0099613553839250598,0.0000032167763684715490,,0.0,0,benign-first
4007,synthetic_num_longitudinal,on_off,0,MAE,0.0092745414113269045,0.0092765717222688254,-0.0000020303109419209523,,0.0,0,benign-first
4008,synthetic_num_longitudinal,on_off,0,MAE,0.0093640496332285644,0.0093603498791755532,0.0000036997540530111854,,0.0,0,benign-first
4009,synthetic_num_longitudinal,on_off,0,MAE,0.0089067053215706097,0.0089103406962483308,-0.0000036353746777210990,,0.0,0,benign-first
4010,synthetic_num_longitudinal,on_off,0,MAE,0.0089484713023642439,0.0089534207053403162,-0.0000049494029760723134,,0.0,0,benign-first
4011,synthetic_num_longitudinal,on_off,0,MAE,0.0088796239846455465,0.0088842484447977379,-0.0000046244601521914758,,0.0,0,attack-first
4012,synthetic_num_longitudinal,on_off,0,MAE,0.0088368450902177113,0.0088461784259623817,-0.0000093333357446704239,,0.0,0,attack-first
4013,synthetic_num_longitudinal,on_off,0,MAE,0.0092246796187103284,0.0092274052879301291,-0.0000027256692198006697,,0.0,0,attack-first
4014,synthetic_num_longitudinal,on_off,0,MAE,0.0090702139641508921,0.0090733513132578914,-0.0000031373491069993147,,0.0,0,attack-first
4015,synthetic_num_longitudinal,on_off,0,MAE,0.0086543396148364171,0.008660753162494838,-0.0000064135476584208753,,0.0,0,attack-first
4016,synthetic_num_longitudinal,on_off,0,MAE,0.0086756998364035750,0.0086774213518125822,-0.0000017215154090071766,,0.0,0,attack-first
4017,synthetic_num_longitudinal,on_off,0,MAE,0.0090613180701914457,0.0090634651813208202,-0.0000021471111293745164,,0.0,0,attack-first
4018,synthetic_num_longitudinal,on_off,0,MAE,0.0088197630558576692,0.0088256840929423711,-0.0000059210370847018850,,0.0,0,attack-first
4019,synthetic_num_longitudinal,on_off,0,MAE,0.0085189988690259008,0.0085169667651120300,0.0000020321039138708352,,0.0,0,attack-first
4020,synthetic_num_longitudinal,on_off,0,MAE,0.0086737442376650567,0.0086662523796788924,0.0000074918579861642415,,0.0,0,attack-first
4001,synthetic_num_longitudinal,on_off,1/10,MAE,0.013781612372772828,0.023634297910969590,-0.0098526855381967626,0.31018939222199066,0.05,5,benign-first
4002,synthetic_num_longitudinal,on_off,1/10,MAE,0.013418879926768901,0.021745401218307047,-0.0083265212915381459,0.26294536588301376,0.05,5,benign-first
4003,synthetic_num_longitudinal,on_off,1/10,MAE,0.014384068212855361,0.021604795236007596,-0.0072207270231522341,0.25759119974333444,0.05,5,benign-first
4004,synthetic_num_longitudinal,on_off,1/10,MAE,0.012030696818517535,0.021407452782875565,-0.0093767559643580298,0.30585841332526453,0.05,5,benign-first
4005,synthetic_num_longitudinal,on_off,1/10,MAE,0.013380379081313665,0.021893794341025116,-0.0085134152597114506,0.3251568412314724,0.05,5,benign-first
4006,synthetic_num_longitudinal,on_off,1/10,MAE,0.013593470191355332,0.021954681236921136,-0.0083612110455658040,0.3046380557953908,0.05,5,benign-first
4007,synthetic_num_longitudinal,on_off,1/10,MAE,0.013213643041298170,0.021710002696450571,-0.0084963596551524015,0.3250235600696896,0.05,5,benign-first
4008,synthetic_num_longitudinal,on_off,1/10,MAE,0.014036129241637074,0.022215010321599822,-0.0081788810799627484,0.31696676062141127,0.05,5,benign-first
4009,synthetic_num_longitudinal,on_off,1/10,MAE,0.014265362508640890,0.024037284139353169,-0.0097719216307122797,0.2894276433248597,0.05,5,benign-first
4010,synthetic_num_longitudinal,on_off,1/10,MAE,0.014045059365452604,0.021675538672494758,-0.0076304793070421535,0.24717884295631848,0.05,5,benign-first
4011,synthetic_num_longitudinal,on_off,1/10,MAE,0.016481958155872125,0.024480932644589862,-0.0079989744887177379,-0.0011664107433118076,0.05,0,attack-first
4012,synthetic_num_longitudinal,on_off,1/10,MAE,0.015743707080677683,0.023208973477203536,-0.0074652663965258537,-0.0028886828024998756,0.05,0,attack-first
4013,synthetic_num_longitudinal,on_off,1/10,MAE,0.015951879687844726,0.023780312633026774,-0.0078284329451820484,0.0004032781754031989,0.05,0,attack-first
4014,synthetic_num_longitudinal,on_off,1/10,MAE,0.016914715280508769,0.024753984043852108,-0.0078392687633433393,0.0007703006170378668,0.05,0,attack-first
4015,synthetic_num_longitudinal,on_off,1/10,MAE,0.015775655236119462,0.022329676354678977,-0.0065540211185595156,-0.0003735061527393446,0.05,0,attack-first
4016,synthetic_num_longitudinal,on_off,1/10,MAE,0.015571430901363050,0.023264725472969669,-0.0076932945716066186,-0.0023136351461017224,0.05,0,attack-first
4017,synthetic_num_longitudinal,on_off,1/10,MAE,0.015426751386546608,0.021982467689003741,-0.0065557163024571333,-0.002819776249043837,0.05,0,attack-first
4018,synthetic_num_longitudinal,on_off,1/10,MAE,0.015341150392553446,0.022422483279187151,-0.0070813328866337052,-0.001522876216353386,0.05,0,attack-first
4019,synthetic_num_longitudinal,on_off,1/10,MAE,0.015866565265640297,0.023464816311289698,-0.0075982510456494012,-0.0009532983099332926,0.05,0,attack-first
4020,synthetic_num_longitudinal,on_off,1/10,MAE,0.015878185908822608,0.022820337527856510,-0.0069421516190339021,0.001202665612115461,0.05,0,attack-first
4001,synthetic_num_longitudinal,on_off,3/10,MAE,0.035378500085020099,0.059604811586731381,-0.024226311501711282,0.3006023304182578,0.15,5,benign-first
4002,synthetic_num_longitudinal,on_off,3/10,MAE,0.034837275788985365,0.054921523617911416,-0.020084247828926051,0.2628136482406415,0.15,5,benign-first
4003,synthetic_num_longitudinal,on_off,3/10,MAE,0.037574157391216458,0.053895869833484158,-0.016321712442267700,0.25217283994407436,0.15,5,benign-first
4004,synthetic_num_longitudinal,on_off,3/10,MAE,0.031726615751149497,0.056000786859696276,-0.024274171108546780,0.3071546425044859,0.15,5,benign-first
4005,synthetic_num_longitudinal,on_off,3/10,MAE,0.034085335516703722,0.055361615086882146,-0.021276279570178424,0.3203927735914922,0.15,5,benign-first
4006,synthetic_num_longitudinal,on_off,3/10,MAE,0.034345134942151404,0.055218789852964891,-0.020873654910813487,0.3003813227530194,0.15,5,benign-first
4007,synthetic_num_longitudinal,on_off,3/10,MAE,0.033510030175057625,0.054905567181374663,-0.021395537006317038,0.32526298497474887,0.15,5,benign-first
4008,synthetic_num_longitudinal,on_off,3/10,MAE,0.034184694917065610,0.054040280032293757,-0.019855585115228147,0.3152440549862716,0.15,5,benign-first
4009,synthetic_num_longitudinal,on_off,3/10,MAE,0.035965092599881086,0.059975242882709519,-0.024010150282828433,0.298704895037963,0.15,5,benign-first
4010,synthetic_num_longitudinal,on_off,3/10,MAE,0.036718672700971249,0.054486228223626994,-0.017767555522655745,0.2509416180592749,0.15,5,benign-first
4011,synthetic_num_longitudinal,on_off,3/10,MAE,0.046884851449685667,0.062874444322495583,-0.015989592872809916,-0.00014344485807149532,0.15,0,attack-first
4012,synthetic_num_longitudinal,on_off,3/10,MAE,0.045980749282177402,0.060598993539657949,-0.014618244257480548,-0.0009967576964295954,0.15,0,attack-first
4013,synthetic_num_longitudinal,on_off,3/10,MAE,0.044550941372589736,0.060108958186525949,-0.015558016813936213,0.0005845529548865747,0.15,0,attack-first
4014,synthetic_num_longitudinal,on_off,3/10,MAE,0.046343986717542485,0.061689859243647497,-0.015345872526105012,0.002048511036539802,0.15,0,attack-first
4015,synthetic_num_longitudinal,on_off,3/10,MAE,0.043769702672238484,0.056312000797833088,-0.012542298125594604,0.0021669157847507003,0.15,0,attack-first
4016,synthetic_num_longitudinal,on_off,3/10,MAE,0.045242991609265617,0.060516472598312724,-0.015273480989047108,0.0003160922053918602,0.15,0,attack-first
4017,synthetic_num_longitudinal,on_off,3/10,MAE,0.045069512317363539,0.057582287447241486,-0.012512775129877946,-0.001150972255005711,0.15,0,attack-first
4018,synthetic_num_longitudinal,on_off,3/10,MAE,0.044200894805700678,0.057686197129759742,-0.013485302324059063,-0.0010539852873379107,0.15,0,attack-first
4019,synthetic_num_longitudinal,on_off,3/10,MAE,0.046505226396840824,0.061350838972412439,-0.014845612575571615,0.002239941921507782,0.15,0,attack-first
4020,synthetic_num_longitudinal,on_off,3/10,MAE,0.045580077209195193,0.058979024858168801,-0.013398947648973608,-0.0014491823234186185,0.15,0,attack-first
4001,synthetic_num_longitudinal,on_off,1/2,MAE,0.073956734677373742,0.095344660858776587,-0.021387926181402845,0.30302679809717475,0.25,5,benign-first
4002,synthetic_num_longitudinal,on_off,1/2,MAE,0.071345777080804508,0.088135692237164383,-0.016789915156359876,0.26721936306750865,0.25,5,benign-first
4003,synthetic_num_longitudinal,on_off,1/2,MAE,0.078020172577384259,0.086882696195583753,-0.0088625236181994941,0.25150584054208436,0.25,5,benign-first
4004,synthetic_num_longitudinal,on_off,1/2,MAE,0.067289064801136598,0.090762353164193620,-0.023473288363057022,0.30641110648958897,0.25,5,benign-first
4005,synthetic_num_longitudinal,on_off,1/2,MAE,0.071662668921211207,0.089901411776776632,-0.018238742855565425,0.32160619436982246,0.25,5,benign-first
4006,synthetic_num_longitudinal,on_off,1/2,MAE,0.069996135693673405,0.088490121650793449,-0.018493985957120044,0.30025584053843457,0.25,5,benign-first
4007,synthetic_num_longitudinal,on_off,1/2,MAE,0.069829114014104353,0.088968590413648765,-0.019139476399544412,0.32478543391119,0.25,5,benign-first
4008,synthetic_num_longitudinal,on_off,1/2,MAE,0.068437587005555422,0.085543461226454551,-0.017105874220899128,0.31373257713383723,0.25,5,benign-first
4009,synthetic_num_longitudinal,on_off,1/2,MAE,0.077205173208369628,0.096320337388611582,-0.019115164180241954,0.2929283553581843,0.25,5,benign-first
4010,synthetic_num_longitudinal,on_off,1/2,MAE,0.075965607852220688,0.087515364983644362,-0.011549757131423674,0.2520904320514666,0.25,5,benign-first
4011,synthetic_num_longitudinal,on_off,1/2,MAE,0.10114417326504013,0.10108903390400424,0.000055139361035885516,-0.0004126725239802509,0.25,0,attack-first
4012,synthetic_num_longitudinal,on_off,1/2,MAE,0.098099584188217950,0.097916268029358280,0.00018331615885966997,-0.000847146683847777,0.25,0,attack-first
4013,synthetic_num_longitudinal,on_off,1/2,MAE,0.096895650655716418,0.096881605939539435,0.000014044716176983355,8.363839954383945e-05,0.25,0,attack-first
4014,synthetic_num_longitudinal,on_off,1/2,MAE,0.098876690447266142,0.098890133032204361,-0.000013442584938218965,1.3041486570886107e-05,0.25,0,attack-first
4015,synthetic_num_longitudinal,on_off,1/2,MAE,0.090289982007943818,0.090422148594263471,-0.00013216658631965303,-0.0015681630970607596,0.25,0,attack-first
4016,synthetic_num_longitudinal,on_off,1/2,MAE,0.098836390992304500,0.098902616192397523,-0.000066225200093023853,0.0003059693339084735,0.25,0,attack-first
4017,synthetic_num_longitudinal,on_off,1/2,MAE,0.093358615278971476,0.093275224303002692,0.000083390975968783353,-0.0017626342610379542,0.25,0,attack-first
4018,synthetic_num_longitudinal,on_off,1/2,MAE,0.093315978968120039,0.093247639529711653,0.000068339438408386867,-0.0009285129869086584,0.25,0,attack-first
4019,synthetic_num_longitudinal,on_off,1/2,MAE,0.098283810875229080,0.098353444118300811,-0.000069633243071731275,0.001494208106092132,0.25,0,attack-first
4020,synthetic_num_longitudinal,on_off,1/2,MAE,0.094475926344980967,0.094643674048346974,-0.00016774770336600672,0.0018296792147094454,0.25,0,attack-first
4001,synthetic_num_longitudinal,on_off,7/10,MAE,0.13352296645372940,0.13219738766879745,0.0013255787849319434,0.30312338314520226,0.35,5,benign-first
4002,synthetic_num_longitudinal,on_off,7/10,MAE,0.12438720596629262,0.12174397295839866,0.0026432330078939573,0.26516366599006397,0.35,5,benign-first
4003,synthetic_num_longitudinal,on_off,7/10,MAE,0.12587008574281138,0.11937916542180451,0.0064909203210068682,0.25157352049547893,0.35,5,benign-first
4004,synthetic_num_longitudinal,on_off,7/10,MAE,0.12560773029177554,0.12518002563686456,0.00042770465491098411,0.30524643146653113,0.35,5,benign-first
4005,synthetic_num_longitudinal,on_off,7/10,MAE,0.12502215719384998,0.12326388814206392,0.0017582690517860606,0.32169224045001465,0.35,5,benign-first
4006,synthetic_num_longitudinal,on_off,7/10,MAE,0.12126895903559939,0.12143381368982717,-0.00016485465422777864,0.29931934070175337,0.35,5,benign-first
4007,synthetic_num_longitudinal,on_off,7/10,MAE,0.12180950377083522,0.12193247128190593,-0.00012296751107071213,0.3253872415052403,0.35,5,benign-first
4008,synthetic_num_longitudinal,on_off,7/10,MAE,0.11922784202629719,0.11790587102105955,0.0013219710052376346,0.315793630500046,0.35,5,benign-first
4009,synthetic_num_longitudinal,on_off,7/10,MAE,0.13628193940334358,0.13211096769083482,0.0041709717125087553,0.29628883523169924,0.35,5,benign-first
4010,synthetic_num_longitudinal,on_off,7/10,MAE,0.12549057956122992,0.12001132929634023,0.0054792502648896887,0.25127666960582645,0.35,5,benign-first
4011,synthetic_num_longitudinal,on_off,7/10,MAE,0.15613651863658466,0.14024888695269613,0.015887631683888532,-0.0007789852672462905,0.35,0,attack-first
4012,synthetic_num_longitudinal,on_off,7/10,MAE,0.14966478297595688,0.13503574846028944,0.014629034515667437,-0.0015261152445307236,0.35,0,attack-first
4013,synthetic_num_longitudinal,on_off,7/10,MAE,0.14987228900273375,0.13441246119558584,0.015459827807147915,-0.00047243527948870323,0.35,0,attack-first
4014,synthetic_num_longitudinal,on_off,7/10,MAE,0.15156139045407530,0.13626702459788985,0.015294365856185445,0.00010693966399788479,0.35,0,attack-first
4015,synthetic_num_longitudinal,on_off,7/10,MAE,0.13776240002725730,0.12525006557393646,0.012512334453320836,0.0017414122660897036,0.35,0,attack-first
4016,synthetic_num_longitudinal,on_off,7/10,MAE,0.15188358611106282,0.13628195404880900,0.015601632062253814,-0.0005256819481709307,0.35,0,attack-first
4017,synthetic_num_longitudinal,on_off,7/10,MAE,0.14071211025094259,0.12808488234928697,0.012627227901655623,-0.0010137565581614938,0.35,0,attack-first
4018,synthetic_num_longitudinal,on_off,7/10,MAE,0.14200449633297353,0.12854098031846928,0.013463516014504251,0.0009652333849757833,0.35,0,attack-first
4019,synthetic_num_longitudinal,on_off,7/10,MAE,0.15146193924317850,0.13664825761162208,0.014813681631556423,0.0009816447061760103,0.35,0,attack-first
4020,synthetic_num_longitudinal,on_off,7/10,MAE,0.14462587785450307,0.13119383008539308,0.013432047769109989,-0.0036353066859373673,0.35,0,attack-first
4001,synthetic_num_longitudinal,on_off,9/10,MAE,0.17281347679027097,0.16803806578350493,0.0047754110067660454,0.30208289142874833,0.45,5,benign-first
4002,synthetic_num_longitudinal,on_off,9/10,MAE,0.15909297614145766,0.15470976788810244,0.0043832082533552179,0.2659304292567438,0.45,5,benign-first
4003,synthetic_num_longitudinal,on_off,9/10,MAE,0.15698166941418217,0.15189274163569058,0.0050889277784915863,0.2543265729647066,0.45,5,benign-first
4004,synthetic_num_longitudinal,on_off,9/10,MAE,0.16459724207149455,0.16039730855973286,0.0041999335117616906,0.3056829966645452,0.45,5,benign-first
4005,synthetic_num_longitudinal,on_off,9/10,MAE,0.16142737685693527,0.15735034828230947,0.0040770285746257974,0.32190199453219137,0.45,5,benign-first
4006,synthetic_num_longitudinal,on_off,9/10,MAE,0.15768530071917465,0.15407820053007249,0.0036071001891021566,0.30083286219594907,0.45,5,benign-first
4007,synthetic_num_longitudinal,on_off,9/10,MAE,0.15940445988233300,0.15595263469456271,0.0034518251877702940,0.32260486930088006,0.45,5,benign-first
4008,synthetic_num_longitudinal,on_off,9/10,MAE,0.15384669230888741,0.15002144393626483,0.0038252483726225803,0.3154673583203808,0.45,5,benign-first
4009,synthetic_num_longitudinal,on_off,9/10,MAE,0.17370394313627411,0.16830425932369267,0.0053996838125814385,0.2912347047302848,0.45,5,benign-first
4010,synthetic_num_longitudinal,on_off,9/10,MAE,0.15781488730234860,0.15285004612418308,0.0049648411781655202,0.252034628316359,0.45,5,benign-first
4011,synthetic_num_longitudinal,on_off,9/10,MAE,0.18683472661684475,0.17848269029844839,0.0083520363183963594,0.0001690323848091424,0.45,0,attack-first
4012,synthetic_num_longitudinal,on_off,9/10,MAE,0.17989706993676042,0.17214111167428376,0.0077559582624766617,0.0022580814692956253,0.45,0,attack-first
4013,synthetic_num_longitudinal,on_off,9/10,MAE,0.17949955192183426,0.17153688245242822,0.0079626694694060356,-2.0730866394647052e-05,0.45,0,attack-first
4014,synthetic_num_longitudinal,on_off,9/10,MAE,0.18188084716319787,0.17393359461725371,0.0079472525459441668,6.851658978090924e-05,0.45,0,attack-first
4015,synthetic_num_longitudinal,on_off,9/10,MAE,0.16683942538160217,0.16008308479580606,0.0067563405857961129,0.0006771709739870069,0.45,0,attack-first
4016,synthetic_num_longitudinal,on_off,9/10,MAE,0.18313102181114070,0.17509579638972538,0.0080352254214153214,0.0001023360687467667,0.45,0,attack-first
4017,synthetic_num_longitudinal,on_off,9/10,MAE,0.17104568674814006,0.16406345863707226,0.0069822281110678037,0.002223320115785854,0.45,0,attack-first
4018,synthetic_num_longitudinal,on_off,9/10,MAE,0.17117749840883007,0.16394706263406648,0.0072304357747635837,-0.002443574263450765,0.45,0,attack-first
4019,synthetic_num_longitudinal,on_off,9/10,MAE,0.18229816643647121,0.17434713271976277,0.0079510337167084364,0.0008913628678423047,0.45,0,attack-first
4020,synthetic_num_longitudinal,on_off,9/10,MAE,0.17429754686221305,0.16695996916468296,0.0073375776975300967,0.0013169634491642102,0.45,0,attack-first
4001,synthetic_cat_binary,persistent,0,1-Accuracy,0,0,0,,0.0,0,not_applicable
4002,synthetic_cat_binary,persistent,0,1-Accuracy,0,0,0,,0.0,0,not_applicable
4003,synthetic_cat_binary,persistent,0,1-Accuracy,0,0,0,,0.0,0,not_applicable
4004,synthetic_cat_binary,persistent,0,1-Accuracy,0,0,0,,0.0,0,not_applicable
4005,synthetic_cat_binary,persistent,0,1-Accuracy,0,0,0,,0.0,0,not_applicable
4006,synthetic_cat_binary,persistent,0,1-Accuracy,0,0,0,,0.0,0,not_applicable
4007,synthetic_cat_binary,persistent,0,1-Accuracy,0,0,0,,0.0,0,not_applicable
4008,synthetic_cat_binary,persistent,0,1-Accuracy,0,0,0,,0.0,0,not_applicable
4009,synthetic_cat_binary,persistent,0,1-Accuracy,0,0,0,,0.0,0,not_applicable
4010,synthetic_cat_binary,persistent,0,1-Accuracy,0,0,0,,0.0,0,not_applicable
4011,synthetic_cat_binary,persistent,0,1-Accuracy,0,0,0,,0.0,0,not_applicable
4012,synthetic_cat_binary,persistent,0,1-Accuracy,0,0,0,,0.0,0,not_applicable
4013,synthetic_cat_binary,persistent,0,1-Accuracy,0,0,0,,0.0,0,not_applicable
4014,synthetic_cat_binary,persistent,0,1-Accuracy,0,0,0,,0.0,0,not_applicable
4015,synthetic_cat_binary,persistent,0,1-Accuracy,0,0,0,,0.0,0,not_applicable
4016,synthetic_cat_binary,persistent,0,1-Accuracy,0,0,0,,0.0,0,not_applicable
4017,synthetic_cat_binary,persistent,0,1-Accuracy,0,0,0,,0.0,0,not_applicable
4018,synthetic_cat_binary,persistent,0,1-Accuracy,0,0,0,,0.0,0,not_applicable
4019,synthetic_cat_binary,persistent,0,1-Accuracy,0,0,0,,0.0,0,not_applicable
4020,synthetic_cat_binary,persistent,0,1-Accuracy,0,0,0,,0.0,0,not_applicable
4001,synthetic_cat_binary,persistent,1/10,1-Accuracy,0,0,0,0.42926646412037045,0.1,5,not_applicable
4002,synthetic_cat_binary,persistent,1/10,1-Accuracy,0,0,0,0.41054273244598766,0.1,5,not_applicable
4003,synthetic_cat_binary,persistent,1/10,1-Accuracy,0,0,0,0.42515692997685184,0.1,5,not_applicable
4004,synthetic_cat_binary,persistent,1/10,1-Accuracy,0,0,0,0.4159340181327161,0.1,5,not_applicable
4005,synthetic_cat_binary,persistent,1/10,1-Accuracy,0,0,0,0.4276661892361111,0.1,5,not_applicable
4006,synthetic_cat_binary,persistent,1/10,1-Accuracy,0,0,0,0.4256650752314815,0.1,5,not_applicable
4007,synthetic_cat_binary,persistent,1/10,1-Accuracy,0,0,0,0.3362067467206791,0.1,5,not_applicable
4008,synthetic_cat_binary,persistent,1/10,1-Accuracy,0,0,0,0.3999976707175926,0.1,5,not_applicable
4009,synthetic_cat_binary,persistent,1/10,1-Accuracy,0,0,0,0.41874689911265434,0.1,5,not_applicable
4010,synthetic_cat_binary,persistent,1/10,1-Accuracy,0,0,0,0.4456268807870371,0.1,5,not_applicable
4011,synthetic_cat_binary,persistent,1/10,1-Accuracy,0,0,0,0.4272276909722223,0.1,5,not_applicable
4012,synthetic_cat_binary,persistent,1/10,1-Accuracy,0,0,0,0.4088891059027778,0.1,5,not_applicable
4013,synthetic_cat_binary,persistent,1/10,1-Accuracy,0,0,0,0.4213592881944445,0.1,5,not_applicable
4014,synthetic_cat_binary,persistent,1/10,1-Accuracy,0,0,0,0.4220342881944445,0.1,5,not_applicable
4015,synthetic_cat_binary,persistent,1/10,1-Accuracy,0,0,0,0.4396810474537037,0.1,5,not_applicable
4016,synthetic_cat_binary,persistent,1/10,1-Accuracy,0,0,0,0.3540750578703704,0.1,5,not_applicable
4017,synthetic_cat_binary,persistent,1/10,1-Accuracy,0,0,0,0.4524414641203704,0.1,5,not_applicable
4018,synthetic_cat_binary,persistent,1/10,1-Accuracy,0,0,0,0.4394697048611111,0.1,5,not_applicable
4019,synthetic_cat_binary,persistent,1/10,1-Accuracy,0,0,0,0.43062178337191365,0.1,5,not_applicable
4020,synthetic_cat_binary,persistent,1/10,1-Accuracy,0,0,0,0.43152907986111116,0.1,5,not_applicable
4001,synthetic_cat_binary,persistent,3/10,1-Accuracy,0,0.010526315789473717,-0.010526315789473717,0.4189890831679895,0.3,5,not_applicable
4002,synthetic_cat_binary,persistent,3/10,1-Accuracy,0,0,0,0.4083877092059818,0.3,5,not_applicable
4003,synthetic_cat_binary,persistent,3/10,1-Accuracy,0,0,0,0.44855932126322756,0.3,5,not_applicable
4004,synthetic_cat_binary,persistent,3/10,1-Accuracy,0,0,0,0.39570787932649915,0.3,5,not_applicable
4005,synthetic_cat_binary,persistent,3/10,1-Accuracy,0,0,0,0.44773145185736335,0.3,5,not_applicable
4006,synthetic_cat_binary,persistent,3/10,1-Accuracy,0,0.010526315789473717,-0.010526315789473717,0.4143587260251323,0.3,5,not_applicable
4007,synthetic_cat_binary,persistent,3/10,1-Accuracy,0,0,0,0.37275819830246915,0.3,5,not_applicable
4008,synthetic_cat_binary,persistent,3/10,1-Accuracy,0,0,0,0.4239323336915785,0.3,5,not_applicable
4009,synthetic_cat_binary,persistent,3/10,1-Accuracy,0,0,0,0.4353499462632275,0.3,5,not_applicable
4010,synthetic_cat_binary,persistent,3/10,1-Accuracy,0,0,0,0.4350815069720018,0.3,5,not_applicable
4011,synthetic_cat_binary,persistent,3/10,1-Accuracy,0,0,0,0.4016975246638007,0.3,5,not_applicable
4012,synthetic_cat_binary,persistent,3/10,1-Accuracy,0.010526315789473717,0.021052631578947323,-0.010526315789473606,0.41745000000000004,0.3,5,not_applicable
4013,synthetic_cat_binary,persistent,3/10,1-Accuracy,0,0,0,0.39495643738977076,0.3,5,not_applicable
4014,synthetic_cat_binary,persistent,3/10,1-Accuracy,0,0,0,0.39855484090241045,0.3,5,not_applicable
4015,synthetic_cat_binary,persistent,3/10,1-Accuracy,0,0,0,0.42491626065549676,0.3,5,not_applicable
4016,synthetic_cat_binary,persistent,3/10,1-Accuracy,0,0,0,0.4215877438822751,0.3,5,not_applicable
4017,synthetic_cat_binary,persistent,3/10,1-Accuracy,0,0,0,0.448785511739418,0.3,5,not_applicable
4018,synthetic_cat_binary,persistent,3/10,1-Accuracy,0,0,0,0.4243807463899912,0.3,5,not_applicable
4019,synthetic_cat_binary,persistent,3/10,1-Accuracy,0,0,0,0.44720871339469437,0.3,5,not_applicable
4020,synthetic_cat_binary,persistent,3/10,1-Accuracy,0,0,0,0.41170461309523815,0.3,5,not_applicable
4001,synthetic_cat_binary,persistent,1/2,1-Accuracy,0.12631578947368416,0.5473684210526315,-0.42105263157894735,0.4067636689814815,0.5,5,not_applicable
4002,synthetic_cat_binary,persistent,1/2,1-Accuracy,0.21052631578947367,0.49473684210526314,-0.28421052631578947,0.41553117091049385,0.5,5,not_applicable
4003,synthetic_cat_binary,persistent,1/2,1-Accuracy,0.14736842105263159,0.52631578947368429,-0.3789473684210527,0.4448364091435186,0.5,5,not_applicable
4004,synthetic_cat_binary,persistent,1/2,1-Accuracy,0.12631578947368416,0.51578947368421058,-0.38947368421052642,0.39069396990740746,0.5,5,not_applicable
4005,synthetic_cat_binary,persistent,1/2,1-Accuracy,0.084210526315789513,0.48421052631578942,-0.39999999999999991,0.45230135416666667,0.5,5,not_applicable
4006,synthetic_cat_binary,persistent,1/2,1-Accuracy,0.11578947368421055,0.44210526315789478,-0.32631578947368423,0.405993471257716,0.5,5,not_applicable
4007,synthetic_cat_binary,persistent,1/2,1-Accuracy,0.11578947368421055,0.49473684210526314,-0.37894736842105259,0.3780881539351852,0.5,5,not_applicable
4008,synthetic_cat_binary,persistent,1/2,1-Accuracy,0.14736842105263159,0.50526315789473686,-0.35789473684210527,0.4193312239583334,0.5,5,not_applicable
4009,synthetic_cat_binary,persistent,1/2,1-Accuracy,0.12631578947368416,0.50526315789473686,-0.3789473684210527,0.429361662808642,0.5,5,not_applicable
4010,synthetic_cat_binary,persistent,1/2,1-Accuracy,0.073684210526315796,0.44210526315789478,-0.36842105263157898,0.43977643807870376,0.5,5,not_applicable
4011,synthetic_cat_binary,persistent,1/2,1-Accuracy,0.10526315789473684,0.5473684210526315,-0.44210526315789467,0.4078358767361111,0.5,5,not_applicable
4012,synthetic_cat_binary,persistent,1/2,1-Accuracy,0.16842105263157892,0.64210526315789473,-0.47368421052631582,0.4252533275462963,0.5,5,not_applicable
4013,synthetic_cat_binary,persistent,1/2,1-Accuracy,0.15789473684210531,0.50526315789473686,-0.34736842105263155,0.4017529021990741,0.5,5,not_applicable
4014,synthetic_cat_binary,persistent,1/2,1-Accuracy,0.16842105263157892,0.55789473684210522,-0.38947368421052631,0.3970713454861111,0.5,5,not_applicable
4015,synthetic_cat_binary,persistent,1/2,1-Accuracy,0.16842105263157892,0.49473684210526314,-0.32631578947368423,0.4218771113040123,0.5,5,not_applicable
4016,synthetic_cat_binary,persistent,1/2,1-Accuracy,0.10526315789473684,0.47368421052631582,-0.36842105263157898,0.4153822193287038,0.5,5,not_applicable
4017,synthetic_cat_binary,persistent,1/2,1-Accuracy,0.13684210526315788,0.48421052631578942,-0.34736842105263155,0.4422047974537037,0.5,5,not_applicable
4018,synthetic_cat_binary,persistent,1/2,1-Accuracy,0.12631578947368416,0.5368421052631579,-0.41052631578947374,0.42845509548611116,0.5,5,not_applicable
4019,synthetic_cat_binary,persistent,1/2,1-Accuracy,0.11578947368421055,0.51578947368421058,-0.40000000000000002,0.4474108613040123,0.5,5,not_applicable
4020,synthetic_cat_binary,persistent,1/2,1-Accuracy,0.15789473684210531,0.44210526315789478,-0.28421052631578947,0.41121369212962966,0.5,5,not_applicable
4001,synthetic_cat_binary,persistent,7/10,1-Accuracy,0.81052631578947365,0.98947368421052628,-0.17894736842105263,0.4075157118055556,0.7,5,not_applicable
4002,synthetic_cat_binary,persistent,7/10,1-Accuracy,0.86315789473684212,0.98947368421052628,-0.12631578947368416,0.4073034715332892,0.7,5,not_applicable
4003,synthetic_cat_binary,persistent,7/10,1-Accuracy,0.82105263157894737,1,-0.17894736842105263,0.4263220196759259,0.7,5,not_applicable
4004,synthetic_cat_binary,persistent,7/10,1-Accuracy,0.91578947368421049,1,-0.084210526315789513,0.3962039951223545,0.7,5,not_applicable
4005,synthetic_cat_binary,persistent,7/10,1-Accuracy,0.83157894736842108,1,-0.16842105263157892,0.455997337962963,0.7,5,not_applicable
4006,synthetic_cat_binary,persistent,7/10,1-Accuracy,0.89473684210526316,1,-0.10526315789473684,0.4066306568287038,0.7,5,not_applicable
4007,synthetic_cat_binary,persistent,7/10,1-Accuracy,0.91578947368421049,1,-0.084210526315789513,0.3743096746858466,0.7,5,not_applicable
4008,synthetic_cat_binary,persistent,7/10,1-Accuracy,0.88421052631578945,1,-0.11578947368421055,0.39571430844907407,0.7,5,not_applicable
4009,synthetic_cat_binary,persistent,7/10,1-Accuracy,0.89473684210526316,1,-0.10526315789473684,0.4191713148974868,0.7,5,not_applicable
4010,synthetic_cat_binary,persistent,7/10,1-Accuracy,0.85263157894736841,1,-0.14736842105263159,0.4329934027777778,0.7,5,not_applicable
4011,synthetic_cat_binary,persistent,7/10,1-Accuracy,0.91578947368421049,1,-0.084210526315789513,0.4288879236937831,0.7,5,not_applicable
4012,synthetic_cat_binary,persistent,7/10,1-Accuracy,0.91578947368421049,1,-0.084210526315789513,0.4387832320601852,0.7,5,not_applicable
4013,synthetic_cat_binary,persistent,7/10,1-Accuracy,0.89473684210526316,1,-0.10526315789473684,0.3995108114252645,0.7,5,not_applicable
4014,synthetic_cat_binary,persistent,7/10,1-Accuracy,0.9263157894736842,1,-0.073684210526315796,0.40153581142526457,0.7,5,not_applicable
4015,synthetic_cat_binary,persistent,7/10,1-Accuracy,0.88421052631578945,1,-0.11578947368421055,0.40933950617283954,0.7,5,not_applicable
4016,synthetic_cat_binary,persistent,7/10,1-Accuracy,0.86315789473684212,1,-0.13684210526315788,0.4072078641699736,0.7,5,not_applicable
4017,synthetic_cat_binary,persistent,7/10,1-Accuracy,0.9263157894736842,1,-0.073684210526315796,0.4393795862268519,0.7,5,not_applicable
4018,synthetic_cat_binary,persistent,7/10,1-Accuracy,0.87368421052631584,1,-0.12631578947368416,0.4412405133928572,0.7,5,not_applicable
4019,synthetic_cat_binary,persistent,7/10,1-Accuracy,0.83157894736842108,1,-0.16842105263157892,0.4451823640046296,0.7,5,not_applicable
4020,synthetic_cat_binary,persistent,7/10,1-Accuracy,0.87368421052631584,1,-0.12631578947368416,0.4145860380842152,0.7,5,not_applicable
4001,synthetic_cat_binary,persistent,9/10,1-Accuracy,1,1,0,0.3902131221064815,0.9,5,not_applicable
4002,synthetic_cat_binary,persistent,9/10,1-Accuracy,1,1,0,0.4046582668895748,0.9,5,not_applicable
4003,synthetic_cat_binary,persistent,9/10,1-Accuracy,1,1,0,0.39197939654063785,0.9,5,not_applicable
4004,synthetic_cat_binary,persistent,9/10,1-Accuracy,1,1,0,0.27696493537808636,0.9,5,not_applicable
4005,synthetic_cat_binary,persistent,9/10,1-Accuracy,1,1,0,0.45805066229423874,0.9,5,not_applicable
4006,synthetic_cat_binary,persistent,9/10,1-Accuracy,1,1,0,0.4358095448602538,0.9,5,not_applicable
4007,synthetic_cat_binary,persistent,9/10,1-Accuracy,1,1,0,0.3213268679269547,0.9,5,not_applicable
4008,synthetic_cat_binary,persistent,9/10,1-Accuracy,1,1,0,0.4451994180812758,0.9,5,not_applicable
4009,synthetic_cat_binary,persistent,9/10,1-Accuracy,1,1,0,0.44788412047753773,0.9,5,not_applicable
4010,synthetic_cat_binary,persistent,9/10,1-Accuracy,1,1,0,0.45109237557870374,0.9,5,not_applicable
4011,synthetic_cat_binary,persistent,9/10,1-Accuracy,1,1,0,0.4369655623070988,0.9,5,not_applicable
4012,synthetic_cat_binary,persistent,9/10,1-Accuracy,1,1,0,0.4446619132587449,0.9,5,not_applicable
4013,synthetic_cat_binary,persistent,9/10,1-Accuracy,1,1,0,0.3901753600823046,0.9,5,not_applicable
4014,synthetic_cat_binary,persistent,9/10,1-Accuracy,1,1,0,0.334315466928155,0.9,5,not_applicable
4015,synthetic_cat_binary,persistent,9/10,1-Accuracy,1,1,0,0.44766181895147467,0.9,5,not_applicable
4016,synthetic_cat_binary,persistent,9/10,1-Accuracy,1,1,0,0.43938758359053504,0.9,5,not_applicable
4017,synthetic_cat_binary,persistent,9/10,1-Accuracy,1,1,0,0.40643901588220166,0.9,5,not_applicable
4018,synthetic_cat_binary,persistent,9/10,1-Accuracy,1,1,0,0.3902089136445473,0.9,5,not_applicable
4019,synthetic_cat_binary,persistent,9/10,1-Accuracy,1,1,0,0.4571812735768176,0.9,5,not_applicable
4020,synthetic_cat_binary,persistent,9/10,1-Accuracy,1,1,0,0.29963274766375175,0.9,5,not_applicable
4001,synthetic_cat_binary,random,0,1-Accuracy,0,0,0,,0.0,0,not_applicable
4002,synthetic_cat_binary,random,0,1-Accuracy,0,0,0,,0.0,0,not_applicable
4003,synthetic_cat_binary,random,0,1-Accuracy,0,0,0,,0.0,0,not_applicable
4004,synthetic_cat_binary,random,0,1-Accuracy,0,0,0,,0.0,0,not_applicable
4005,synthetic_cat_binary,random,0,1-Accuracy,0,0,0,,0.0,0,not_applicable
4006,synthetic_cat_binary,random,0,1-Accuracy,0,0,0,,0.0,0,not_applicable
4007,synthetic_cat_binary,random,0,1-Accuracy,0,0,0,,0.0,0,not_applicable
4008,synthetic_cat_binary,random,0,1-Accuracy,0,0,0,,0.0,0,not_applicable
4009,synthetic_cat_binary,random,0,1-Accuracy,0,0,0,,0.0,0,not_applicable
4010,synthetic_cat_binary,random,0,1-Accuracy,0,0,0,,0.0,0,not_applicable
4011,synthetic_cat_binary,random,0,1-Accuracy,0,0,0,,0.0,0,not_applicable
4012,synthetic_cat_binary,random,0,1-Accuracy,0,0,0,,0.0,0,not_applicable
4013,synthetic_cat_binary,random,0,1-Accuracy,0,0,0,,0.0,0,not_applicable
4014,synthetic_cat_binary,random,0,1-Accuracy,0,0,0,,0.0,0,not_applicable
4015,synthetic_cat_binary,random,0,1-Accuracy,0,0,0,,0.0,0,not_applicable
4016,synthetic_cat_binary,random,0,1-Accuracy,0,0,0,,0.0,0,not_applicable
4017,synthetic_cat_binary,random,0,1-Accuracy,0,0,0,,0.0,0,not_applicable
4018,synthetic_cat_binary,random,0,1-Accuracy,0,0,0,,0.0,0,not_applicable
4019,synthetic_cat_binary,random,0,1-Accuracy,0,0,0,,0.0,0,not_applicable
4020,synthetic_cat_binary,random,0,1-Accuracy,0,0,0,,0.0,0,not_applicable
4001,synthetic_cat_binary,random,1/10,1-Accuracy,0,0,0,0.3219648292824075,0.1,5,not_applicable
4002,synthetic_cat_binary,random,1/10,1-Accuracy,0,0,0,0.20967251157407407,0.1,5,not_applicable
4003,synthetic_cat_binary,random,1/10,1-Accuracy,0,0,0,0.14463136574074076,0.1,5,not_applicable
4004,synthetic_cat_binary,random,1/10,1-Accuracy,0,0,0,0.20582050540123453,0.1,5,not_applicable
4005,synthetic_cat_binary,random,1/10,1-Accuracy,0,0,0,0.10543958333333336,0.1,5,not_applicable
4006,synthetic_cat_binary,random,1/10,1-Accuracy,0,0,0,0.2022299479166667,0.1,5,not_applicable
4007,synthetic_cat_binary,random,1/10,1-Accuracy,0,0,0,0.1890160493827161,0.1,5,not_applicable
4008,synthetic_cat_binary,random,1/10,1-Accuracy,0,0,0,0.1845530671296296,0.1,5,not_applicable
4009,synthetic_cat_binary,random,1/10,1-Accuracy,0,0,0,0.20189881365740747,0.1,5,not_applicable
4010,synthetic_cat_binary,random,1/10,1-Accuracy,0,0,0,0.2694979263117284,0.1,5,not_applicable
4011,synthetic_cat_binary,random,1/10,1-Accuracy,0,0,0,0.3518866464120371,0.1,5,not_applicable
4012,synthetic_cat_binary,random,1/10,1-Accuracy,0,0,0,0.2653899305555556,0.1,5,not_applicable
4013,synthetic_cat_binary,random,1/10,1-Accuracy,0,0,0,0.17473084490740742,0.1,5,not_applicable
4014,synthetic_cat_binary,random,1/10,1-Accuracy,0,0,0,0.21993119212962964,0.1,5,not_applicable
4015,synthetic_cat_binary,random,1/10,1-Accuracy,0,0,0,0.09976076388888888,0.1,5,not_applicable
4016,synthetic_cat_binary,random,1/10,1-Accuracy,0,0,0,0.28687948495370375,0.1,5,not_applicable
4017,synthetic_cat_binary,random,1/10,1-Accuracy,0,0,0,0.21810208333333336,0.1,5,not_applicable
4018,synthetic_cat_binary,random,1/10,1-Accuracy,0,0,0,0.2900239583333333,0.1,5,not_applicable
4019,synthetic_cat_binary,random,1/10,1-Accuracy,0,0,0,0.24881961805555564,0.1,5,not_applicable
4020,synthetic_cat_binary,random,1/10,1-Accuracy,0,0,0,0.14912303240740743,0.1,5,not_applicable
4001,synthetic_cat_binary,random,3/10,1-Accuracy,0,0,0,0.31201872244268086,0.3,5,not_applicable
4002,synthetic_cat_binary,random,3/10,1-Accuracy,0,0,0,0.2348075024801587,0.3,5,not_applicable
4003,synthetic_cat_binary,random,3/10,1-Accuracy,0,0,0,0.22120896439594356,0.3,5,not_applicable
4004,synthetic_cat_binary,random,3/10,1-Accuracy,0,0,0,0.20503345160016168,0.3,5,not_applicable
4005,synthetic_cat_binary,random,3/10,1-Accuracy,0,0,0,0.2261299231150794,0.3,5,not_applicable
4006,synthetic_cat_binary,random,3/10,1-Accuracy,0,0,0,0.21533584150867136,0.3,5,not_applicable
4007,synthetic_cat_binary,random,3/10,1-Accuracy,0,0,0,0.24202699652777782,0.3,5,not_applicable
4008,synthetic_cat_binary,random,3/10,1-Accuracy,0,0,0,0.1739177744708995,0.3,5,not_applicable
4009,synthetic_cat_binary,random,3/10,1-Accuracy,0,0,0,0.28450749191651964,0.3,5,not_applicable
4010,synthetic_cat_binary,random,3/10,1-Accuracy,0,0,0,0.25664556786449155,0.3,5,not_applicable
4011,synthetic_cat_binary,random,3/10,1-Accuracy,0,0,0,0.20387784391534391,0.3,5,not_applicable
4012,synthetic_cat_binary,random,3/10,1-Accuracy,0,0,0,0.1792897183641976,0.3,5,not_applicable
4013,synthetic_cat_binary,random,3/10,1-Accuracy,0,0,0,0.22995436691651971,0.3,5,not_applicable
4014,synthetic_cat_binary,random,3/10,1-Accuracy,0,0,0,0.1640692377645503,0.3,5,not_applicable
4015,synthetic_cat_binary,random,3/10,1-Accuracy,0,0,0,0.2855322360927396,0.3,5,not_applicable
4016,synthetic_cat_binary,random,3/10,1-Accuracy,0,0,0,0.14234090103248087,0.3,5,not_applicable
4017,synthetic_cat_binary,random,3/10,1-Accuracy,0,0,0,0.21161609944517934,0.3,5,not_applicable
4018,synthetic_cat_binary,random,3/10,1-Accuracy,0,0,0,0.25145856757054674,0.3,5,not_applicable
4019,synthetic_cat_binary,random,3/10,1-Accuracy,0,0,0,0.24596903039572315,0.3,5,not_applicable
4020,synthetic_cat_binary,random,3/10,1-Accuracy,0,0,0,0.2654637421461641,0.3,5,not_applicable
4001,synthetic_cat_binary,random,1/2,1-Accuracy,0,0,0,0.23520637056327165,0.5,5,not_applicable
4002,synthetic_cat_binary,random,1/2,1-Accuracy,0,0.010526315789473717,-0.010526315789473717,0.2297517303240741,0.5,5,not_applicable
4003,synthetic_cat_binary,random,1/2,1-Accuracy,0,0,0,0.19479684027777783,0.5,5,not_applicable
4004,synthetic_cat_binary,random,1/2,1-Accuracy,0,0,0,0.21057838445216048,0.5,5,not_applicable
4005,synthetic_cat_binary,random,1/2,1-Accuracy,0,0,0,0.2654575462962963,0.5,5,not_applicable
4006,synthetic_cat_binary,random,1/2,1-Accuracy,0,0,0,0.24565164544753082,0.5,5,not_applicable
4007,synthetic_cat_binary,random,1/2,1-Accuracy,0,0.03157894736842104,-0.03157894736842104,0.17150902777777777,0.5,5,not_applicable
4008,synthetic_cat_binary,random,1/2,1-Accuracy,0,0,0,0.24798152777777782,0.5,5,not_applicable
4009,synthetic_cat_binary,random,1/2,1-Accuracy,0.010526315789473717,0.021052631578947323,-0.010526315789473606,0.22478778935185184,0.5,5,not_applicable
4010,synthetic_cat_binary,random,1/2,1-Accuracy,0,0,0,0.23880895447530864,0.5,5,not_applicable
4011,synthetic_cat_binary,random,1/2,1-Accuracy,0,0,0,0.24497346064814818,0.5,5,not_applicable
4012,synthetic_cat_binary,random,1/2,1-Accuracy,0,0.010526315789473717,-0.010526315789473717,0.2081734837962963,0.5,5,not_applicable
4013,synthetic_cat_binary,random,1/2,1-Accuracy,0,0.010526315789473717,-0.010526315789473717,0.26794271604938275,0.5,5,not_applicable
4014,synthetic_cat_binary,random,1/2,1-Accuracy,0,0,0,0.2057609664351852,0.5,5,not_applicable
4015,synthetic_cat_binary,random,1/2,1-Accuracy,0,0,0,0.24321435570987648,0.5,5,not_applicable
4016,synthetic_cat_binary,random,1/2,1-Accuracy,0,0,0,0.2047766319444445,0.5,5,not_applicable
4017,synthetic_cat_binary,random,1/2,1-Accuracy,0,0,0,0.25372780092592595,0.5,5,not_applicable
4018,synthetic_cat_binary,random,1/2,1-Accuracy,0,0.010526315789473717,-0.010526315789473717,0.27800554398148153,0.5,5,not_applicable
4019,synthetic_cat_binary,random,1/2,1-Accuracy,0,0.010526315789473717,-0.010526315789473717,0.27643297743055556,0.5,5,not_applicable
4020,synthetic_cat_binary,random,1/2,1-Accuracy,0,0,0,0.22057924479166668,0.5,5,not_applicable
4001,synthetic_cat_binary,random,7/10,1-Accuracy,0.021052631578947323,0.042105263157894757,-0.021052631578947434,0.28703146012455916,0.7,5,not_applicable
4002,synthetic_cat_binary,random,7/10,1-Accuracy,0.06315789473684208,0.094736842105263119,-0.03157894736842104,0.218014666005291,0.7,5,not_applicable
4003,synthetic_cat_binary,random,7/10,1-Accuracy,0.042105263157894757,0.06315789473684208,-0.021052631578947323,0.20972278852513226,0.7,5,not_applicable
4004,synthetic_cat_binary,random,7/10,1-Accuracy,0.042105263157894757,0.073684210526315796,-0.03157894736842104,0.20280727857694003,0.7,5,not_applicable
4005,synthetic_cat_binary,random,7/10,1-Accuracy,0.06315789473684208,0.10526315789473684,-0.042105263157894757,0.20466227678571436,0.7,5,not_applicable
4006,synthetic_cat_binary,random,7/10,1-Accuracy,0.042105263157894757,0.052631578947368474,-0.010526315789473717,0.24709508239638456,0.7,5,not_applicable
4007,synthetic_cat_binary,random,7/10,1-Accuracy,0.052631578947368474,0.10526315789473684,-0.052631578947368363,0.20924016203703705,0.7,5,not_applicable
4008,synthetic_cat_binary,random,7/10,1-Accuracy,0.042105263157894757,0.052631578947368474,-0.010526315789473717,0.198230787037037,0.7,5,not_applicable
4009,synthetic_cat_binary,random,7/10,1-Accuracy,0.03157894736842104,0.06315789473684208,-0.03157894736842104,0.2236894359016755,0.7,5,not_applicable
4010,synthetic_cat_binary,random,7/10,1-Accuracy,0.042105263157894757,0.042105263157894757,0,0.22138782793209882,0.7,5,not_applicable
4011,synthetic_cat_binary,random,7/10,1-Accuracy,0.052631578947368474,0.084210526315789513,-0.03157894736842104,0.27717523974867725,0.7,5,not_applicable
4012,synthetic_cat_binary,random,7/10,1-Accuracy,0.12631578947368416,0.13684210526315788,-0.010526315789473717,0.2521146618716931,0.7,5,not_applicable
4013,synthetic_cat_binary,random,7/10,1-Accuracy,0.073684210526315796,0.094736842105263119,-0.021052631578947323,0.2181827642746913,0.7,5,not_applicable
4014,synthetic_cat_binary,random,7/10,1-Accuracy,0.03157894736842104,0.06315789473684208,-0.03157894736842104,0.2577713872354498,0.7,5,not_applicable
4015,synthetic_cat_binary,random,7/10,1-Accuracy,0.06315789473684208,0.06315789473684208,0,0.24477112406305118,0.7,5,not_applicable
4016,synthetic_cat_binary,random,7/10,1-Accuracy,0.052631578947368474,0.10526315789473684,-0.052631578947368363,0.19311959187610234,0.7,5,not_applicable
4017,synthetic_cat_binary,random,7/10,1-Accuracy,0,0.021052631578947323,-0.021052631578947323,0.2632332830412258,0.7,5,not_applicable
4018,synthetic_cat_binary,random,7/10,1-Accuracy,0.073684210526315796,0.11578947368421055,-0.042105263157894757,0.2911426249724427,0.7,5,not_applicable
4019,synthetic_cat_binary,random,7/10,1-Accuracy,0.052631578947368474,0.073684210526315796,-0.021052631578947323,0.26717976397156085,0.7,5,not_applicable
4020,synthetic_cat_binary,random,7/10,1-Accuracy,0.03157894736842104,0.094736842105263119,-0.06315789473684208,0.24258686549272485,0.7,5,not_applicable
4001,synthetic_cat_binary,random,9/10,1-Accuracy,0.27368421052631575,0.33684210526315794,-0.063157894736842191,0.27010246056241427,0.9,5,not_applicable
4002,synthetic_cat_binary,random,9/10,1-Accuracy,0.32631578947368423,0.32631578947368423,0,0.22346044077932098,0.9,5,not_applicable
4003,synthetic_cat_binary,random,9/10,1-Accuracy,0.29473684210526319,0.30526315789473679,-0.010526315789473606,0.17556681134259255,0.9,5,not_applicable
4004,synthetic_cat_binary,random,9/10,1-Accuracy,0.21052631578947367,0.28421052631578947,-0.073684210526315796,0.07353639135373796,0.9,5,not_applicable
4005,synthetic_cat_binary,random,9/10,1-Accuracy,0.27368421052631575,0.28421052631578947,-0.010526315789473717,0.2339294367283951,0.9,5,not_applicable
4006,synthetic_cat_binary,random,9/10,1-Accuracy,0.29473684210526319,0.33684210526315794,-0.042105263157894757,0.27039710005144035,0.9,5,not_applicable
4007,synthetic_cat_binary,random,9/10,1-Accuracy,0.37894736842105259,0.43157894736842106,-0.052631578947368474,0.1559875610853909,0.9,5,not_applicable
4008,synthetic_cat_binary,random,9/10,1-Accuracy,0.31578947368421051,0.35789473684210527,-0.042105263157894757,0.25974286908436217,0.9,5,not_applicable
4009,synthetic_cat_binary,random,9/10,1-Accuracy,0.29473684210526319,0.30526315789473679,-0.010526315789473606,0.2500072380829904,0.9,5,not_applicable
4010,synthetic_cat_binary,random,9/10,1-Accuracy,0.31578947368421051,0.33684210526315794,-0.021052631578947434,0.24963521840706449,0.9,5,not_applicable
4011,synthetic_cat_binary,random,9/10,1-Accuracy,0.30526315789473679,0.38947368421052631,-0.084210526315789513,0.2623097141846708,0.9,5,not_applicable
4012,synthetic_cat_binary,random,9/10,1-Accuracy,0.26315789473684215,0.33684210526315794,-0.073684210526315796,0.2620139965920782,0.9,5,not_applicable
4013,synthetic_cat_binary,random,9/10,1-Accuracy,0.28421052631578947,0.30526315789473679,-0.021052631578947323,0.21063642082475997,0.9,5,not_applicable
4014,synthetic_cat_binary,random,9/10,1-Accuracy,0.31578947368421051,0.36842105263157898,-0.052631578947368474,0.1455479434585048,0.9,5,not_applicable
4015,synthetic_cat_binary,random,9/10,1-Accuracy,0.27368421052631575,0.28421052631578947,-0.010526315789473717,0.2665929773233882,0.9,5,not_applicable
4016,synthetic_cat_binary,random,9/10,1-Accuracy,0.34736842105263155,0.34736842105263155,0,0.2585402574159808,0.9,5,not_applicable
4017,synthetic_cat_binary,random,9/10,1-Accuracy,0.27368421052631575,0.30526315789473679,-0.03157894736842104,0.23817043895747603,0.9,5,not_applicable
4018,synthetic_cat_binary,random,9/10,1-Accuracy,0.30526315789473679,0.35789473684210527,-0.052631578947368474,0.22021437060613852,0.9,5,not_applicable
4019,synthetic_cat_binary,random,9/10,1-Accuracy,0.26315789473684215,0.29473684210526319,-0.03157894736842104,0.2827444958847737,0.9,5,not_applicable
4020,synthetic_cat_binary,random,9/10,1-Accuracy,0.29473684210526319,0.33684210526315794,-0.042105263157894757,0.10657265464248977,0.9,5,not_applicable
4001,synthetic_cat_binary,on_off,0,1-Accuracy,0,0,0,,0.0,0,benign-first
4002,synthetic_cat_binary,on_off,0,1-Accuracy,0,0,0,,0.0,0,benign-first
4003,synthetic_cat_binary,on_off,0,1-Accuracy,0,0,0,,0.0,0,benign-first
4004,synthetic_cat_binary,on_off,0,1-Accuracy,0,0,0,,0.0,0,benign-first
4005,synthetic_cat_binary,on_off,0,1-Accuracy,0,0,0,,0.0,0,benign-first
4006,synthetic_cat_binary,on_off,0,1-Accuracy,0,0,0,,0.0,0,benign-first
4007,synthetic_cat_binary,on_off,0,1-Accuracy,0,0,0,,0.0,0,benign-first
4008,synthetic_cat_binary,on_off,0,1-Accuracy,0,0,0,,0.0,0,benign-first
4009,synthetic_cat_binary,on_off,0,1-Accuracy,0,0,0,,0.0,0,benign-first
4010,synthetic_cat_binary,on_off,0,1-Accuracy,0,0,0,,0.0,0,benign-first
4011,synthetic_cat_binary,on_off,0,1-Accuracy,0,0,0,,0.0,0,attack-first
4012,synthetic_cat_binary,on_off,0,1-Accuracy,0,0,0,,0.0,0,attack-first
4013,synthetic_cat_binary,on_off,0,1-Accuracy,0,0,0,,0.0,0,attack-first
4014,synthetic_cat_binary,on_off,0,1-Accuracy,0,0,0,,0.0,0,attack-first
4015,synthetic_cat_binary,on_off,0,1-Accuracy,0,0,0,,0.0,0,attack-first
4016,synthetic_cat_binary,on_off,0,1-Accuracy,0,0,0,,0.0,0,attack-first
4017,synthetic_cat_binary,on_off,0,1-Accuracy,0,0,0,,0.0,0,attack-first
4018,synthetic_cat_binary,on_off,0,1-Accuracy,0,0,0,,0.0,0,attack-first
4019,synthetic_cat_binary,on_off,0,1-Accuracy,0,0,0,,0.0,0,attack-first
4020,synthetic_cat_binary,on_off,0,1-Accuracy,0,0,0,,0.0,0,attack-first
4001,synthetic_cat_binary,on_off,1/10,1-Accuracy,0,0,0,0.42926646412037045,0.05,5,benign-first
4002,synthetic_cat_binary,on_off,1/10,1-Accuracy,0,0,0,0.41054273244598766,0.05,5,benign-first
4003,synthetic_cat_binary,on_off,1/10,1-Accuracy,0,0,0,0.42515692997685184,0.05,5,benign-first
4004,synthetic_cat_binary,on_off,1/10,1-Accuracy,0,0,0,0.4159340181327161,0.05,5,benign-first
4005,synthetic_cat_binary,on_off,1/10,1-Accuracy,0,0,0,0.4276661892361111,0.05,5,benign-first
4006,synthetic_cat_binary,on_off,1/10,1-Accuracy,0,0,0,0.4256650752314815,0.05,5,benign-first
4007,synthetic_cat_binary,on_off,1/10,1-Accuracy,0,0,0,0.3362067467206791,0.05,5,benign-first
4008,synthetic_cat_binary,on_off,1/10,1-Accuracy,0,0,0,0.3999976707175926,0.05,5,benign-first
4009,synthetic_cat_binary,on_off,1/10,1-Accuracy,0,0,0,0.41874689911265434,0.05,5,benign-first
4010,synthetic_cat_binary,on_off,1/10,1-Accuracy,0,0,0,0.4456268807870371,0.05,5,benign-first
4011,synthetic_cat_binary,on_off,1/10,1-Accuracy,0,0,0,-0.03800960648148144,0.05,0,attack-first
4012,synthetic_cat_binary,on_off,1/10,1-Accuracy,0,0,0,0.023072916666666665,0.05,0,attack-first
4013,synthetic_cat_binary,on_off,1/10,1-Accuracy,0,0,0,-0.04387800925925922,0.05,0,attack-first
4014,synthetic_cat_binary,on_off,1/10,1-Accuracy,0,0,0,-0.04320300925925924,0.05,0,attack-first
4015,synthetic_cat_binary,on_off,1/10,1-Accuracy,0,0,0,-0.025556250000000058,0.05,0,attack-first
4016,synthetic_cat_binary,on_off,1/10,1-Accuracy,0,0,0,0.10326793981481486,0.05,0,attack-first
4017,synthetic_cat_binary,on_off,1/10,1-Accuracy,0,0,0,-0.01279583333333334,0.05,0,attack-first
4018,synthetic_cat_binary,on_off,1/10,1-Accuracy,0,0,0,-0.025767592592592647,0.05,0,attack-first
4019,synthetic_cat_binary,on_off,1/10,1-Accuracy,0,0,0,0.03419166666666673,0.05,0,attack-first
4020,synthetic_cat_binary,on_off,1/10,1-Accuracy,0,0,0,-0.03370821759259257,0.05,0,attack-first
4001,synthetic_cat_binary,on_off,3/10,1-Accuracy,0,0.010526315789473717,-0.010526315789473717,0.4189890831679895,0.15,5,benign-first
4002,synthetic_cat_binary,on_off,3/10,1-Accuracy,0,0,0,0.4083877092059818,0.15,5,benign-first
4003,synthetic_cat_binary,on_off,3/10,1-Accuracy,0,0,0,0.44855932126322756,0.15,5,benign-first
4004,synthetic_cat_binary,on_off,3/10,1-Accuracy,0,0,0,0.39570787932649915,0.15,5,benign-first
4005,synthetic_cat_binary,on_off,3/10,1-Accuracy,0,0,0,0.44773145185736335,0.15,5,benign-first
4006,synthetic_cat_binary,on_off,3/10,1-Accuracy,0,0.010526315789473717,-0.010526315789473717,0.4143587260251323,0.15,5,benign-first
4007,synthetic_cat_binary,on_off,3/10,1-Accuracy,0,0,0,0.37275819830246915,0.15,5,benign-first
4008,synthetic_cat_binary,on_off,3/10,1-Accuracy,0,0,0,0.4239323336915785,0.15,5,benign-first
4009,synthetic_cat_binary,on_off,3/10,1-Accuracy,0,0,0,0.4353499462632275,0.15,5,benign-first
4010,synthetic_cat_binary,on_off,3/10,1-Accuracy,0,0,0,0.4350815069720018,0.15,5,benign-first
4011,synthetic_cat_binary,on_off,3/10,1-Accuracy,0,0,0,0.007564533730158751,0.15,0,attack-first
4012,synthetic_cat_binary,on_off,3/10,1-Accuracy,0,0,0,0.01403125000000005,0.15,0,attack-first
4013,synthetic_cat_binary,on_off,3/10,1-Accuracy,0,0,0,0.005964384920634891,0.15,0,attack-first
4014,synthetic_cat_binary,on_off,3/10,1-Accuracy,0,0,0,-0.0028463293650793364,0.15,0,attack-first
4015,synthetic_cat_binary,on_off,3/10,1-Accuracy,0,0,0,0.009088392857142802,0.15,0,attack-first
4016,synthetic_cat_binary,on_off,3/10,1-Accuracy,0,0,0,-0.043649553571428634,0.15,0,attack-first
4017,synthetic_cat_binary,on_off,3/10,1-Accuracy,0,0,0,-0.016451785714285738,0.15,0,attack-first
4018,synthetic_cat_binary,on_off,3/10,1-Accuracy,0,0,0,4.384920634914469e-05,0.15,0,attack-first
4019,synthetic_cat_binary,on_off,3/10,1-Accuracy,0,0,0,0.004907142857142888,0.15,0,attack-first
4020,synthetic_cat_binary,on_off,3/10,1-Accuracy,0,0,0,0.008285863095238155,0.15,0,attack-first
4001,synthetic_cat_binary,on_off,1/2,1-Accuracy,0.06315789473684208,0.24210526315789471,-0.17894736842105263,0.4067636689814815,0.25,5,benign-first
4002,synthetic_cat_binary,on_off,1/2,1-Accuracy,0.084210526315789513,0.23157894736842111,-0.14736842105263159,0.41553117091049385,0.25,5,benign-first
4003,synthetic_cat_binary,on_off,1/2,1-Accuracy,0.084210526315789513,0.25263157894736843,-0.16842105263157892,0.4448364091435186,0.25,5,benign-first
4004,synthetic_cat_binary,on_off,1/2,1-Accuracy,0.042105263157894757,0.18947368421052635,-0.14736842105263159,0.39069396990740746,0.25,5,benign-first
4005,synthetic_cat_binary,on_off,1/2,1-Accuracy,0.042105263157894757,0.22105263157894739,-0.17894736842105263,0.45230135416666667,0.25,5,benign-first
4006,synthetic_cat_binary,on_off,1/2,1-Accuracy,0.084210526315789513,0.23157894736842111,-0.14736842105263159,0.405993471257716,0.25,5,benign-first
4007,synthetic_cat_binary,on_off,1/2,1-Accuracy,0.052631578947368474,0.18947368421052635,-0.13684210526315788,0.3780881539351852,0.25,5,benign-first
4008,synthetic_cat_binary,on_off,1/2,1-Accuracy,0.084210526315789513,0.30526315789473679,-0.22105263157894728,0.4193312239583334,0.25,5,benign-first
4009,synthetic_cat_binary,on_off,1/2,1-Accuracy,0.06315789473684208,0.23157894736842111,-0.16842105263157903,0.429361662808642,0.25,5,benign-first
4010,synthetic_cat_binary,on_off,1/2,1-Accuracy,0.021052631578947323,0.19999999999999996,-0.17894736842105263,0.43977643807870376,0.25,5,benign-first
4011,synthetic_cat_binary,on_off,1/2,1-Accuracy,0.28421052631578947,0.32631578947368423,-0.042105263157894757,0.022352291666666635,0.25,0,attack-first
4012,synthetic_cat_binary,on_off,1/2,1-Accuracy,0.28421052631578947,0.32631578947368423,-0.042105263157894757,0.03379874999999999,0.25,0,attack-first
4013,synthetic_cat_binary,on_off,1/2,1-Accuracy,0.19999999999999996,0.27368421052631575,-0.073684210526315796,0.02658208333333334,0.25,0,attack-first
4014,synthetic_cat_binary,on_off,1/2,1-Accuracy,0.34736842105263155,0.28421052631578947,0.06315789473684208,-0.006534583333333344,0.25,0,attack-first
4015,synthetic_cat_binary,on_off,1/2,1-Accuracy,0.36842105263157898,0.27368421052631575,0.09473684210526323,-0.029598750000000007,0.25,0,attack-first
4016,synthetic_cat_binary,on_off,1/2,1-Accuracy,0.23157894736842111,0.27368421052631575,-0.042105263157894646,0.033243541666666765,0.25,0,attack-first
4017,synthetic_cat_binary,on_off,1/2,1-Accuracy,0.30526315789473679,0.26315789473684215,0.042105263157894646,-0.02303250000000001,0.25,0,attack-first
4018,synthetic_cat_binary,on_off,1/2,1-Accuracy,0.30526315789473679,0.31578947368421051,-0.010526315789473717,0.0248491666666667,0.25,0,attack-first
4019,synthetic_cat_binary,on_off,1/2,1-Accuracy,0.16842105263157892,0.25263157894736843,-0.084210526315789513,-0.004064999999999985,0.25,0,attack-first
4020,synthetic_cat_binary,on_off,1/2,1-Accuracy,0.29473684210526319,0.21052631578947367,0.084210526315789513,-0.008276458333333347,0.25,0,attack-first
4001,synthetic_cat_binary,on_off,7/10,1-Accuracy,0.37894736842105259,0.4631578947368421,-0.084210526315789513,0.4075157118055556,0.35,5,benign-first
4002,synthetic_cat_binary,on_off,7/10,1-Accuracy,0.38947368421052631,0.4631578947368421,-0.073684210526315796,0.4073034715332892,0.35,5,benign-first
4003,synthetic_cat_binary,on_off,7/10,1-Accuracy,0.37894736842105259,0.47368421052631582,-0.09473684210526323,0.4263220196759259,0.35,5,benign-first
4004,synthetic_cat_binary,on_off,7/10,1-Accuracy,0.42105263157894735,0.47368421052631582,-0.052631578947368474,0.3962039951223545,0.35,5,benign-first
4005,synthetic_cat_binary,on_off,7/10,1-Accuracy,0.38947368421052631,0.47368421052631582,-0.084210526315789513,0.455997337962963,0.35,5,benign-first
4006,synthetic_cat_binary,on_off,7/10,1-Accuracy,0.40000000000000002,0.47368421052631582,-0.073684210526315796,0.4066306568287038,0.35,5,benign-first
4007,synthetic_cat_binary,on_off,7/10,1-Accuracy,0.44210526315789478,0.47368421052631582,-0.03157894736842104,0.3743096746858466,0.35,5,benign-first
4008,synthetic_cat_binary,on_off,7/10,1-Accuracy,0.44210526315789478,0.47368421052631582,-0.03157894736842104,0.39571430844907407,0.35,5,benign-first
4009,synthetic_cat_binary,on_off,7/10,1-Accuracy,0.43157894736842106,0.47368421052631582,-0.042105263157894757,0.4191713148974868,0.35,5,benign-first
4010,synthetic_cat_binary,on_off,7/10,1-Accuracy,0.43157894736842106,0.47368421052631582,-0.042105263157894757,0.4329934027777778,0.35,5,benign-first
4011,synthetic_cat_binary,on_off,7/10,1-Accuracy,0.52631578947368429,0.52631578947368429,0,0.04886949404761909,0.35,0,attack-first
4012,synthetic_cat_binary,on_off,7/10,1-Accuracy,0.52631578947368429,0.52631578947368429,0,0.03759374999999998,0.35,0,attack-first
4013,synthetic_cat_binary,on_off,7/10,1-Accuracy,0.52631578947368429,0.52631578947368429,0,0.004789583333333347,0.35,0,attack-first
4014,synthetic_cat_binary,on_off,7/10,1-Accuracy,0.52631578947368429,0.52631578947368429,0,0.006814583333333402,0.35,0,attack-first
4015,synthetic_cat_binary,on_off,7/10,1-Accuracy,0.52631578947368429,0.52631578947368429,0,-0.03472232142857146,0.35,0,attack-first
4016,synthetic_cat_binary,on_off,7/10,1-Accuracy,0.52631578947368429,0.52631578947368429,0,-0.009867807539682527,0.35,0,attack-first
4017,synthetic_cat_binary,on_off,7/10,1-Accuracy,0.52631578947368429,0.52631578947368429,0,-0.012753571428571364,0.35,0,attack-first
4018,synthetic_cat_binary,on_off,7/10,1-Accuracy,0.52631578947368429,0.52631578947368429,0,0.03312976190476191,0.35,0,attack-first
4019,synthetic_cat_binary,on_off,7/10,1-Accuracy,0.52631578947368429,0.52631578947368429,0,-0.004907142857142888,0.35,0,attack-first
4020,synthetic_cat_binary,on_off,7/10,1-Accuracy,0.52631578947368429,0.52631578947368429,0,0.003200744047619053,0.35,0,attack-first
4001,synthetic_cat_binary,on_off,9/10,1-Accuracy,0.47368421052631582,0.47368421052631582,0,0.3902131221064815,0.45,5,benign-first
4002,synthetic_cat_binary,on_off,9/10,1-Accuracy,0.47368421052631582,0.47368421052631582,0,0.4046582668895748,0.45,5,benign-first
4003,synthetic_cat_binary,on_off,9/10,1-Accuracy,0.47368421052631582,0.47368421052631582,0,0.39197939654063785,0.45,5,benign-first
4004,synthetic_cat_binary,on_off,9/10,1-Accuracy,0.47368421052631582,0.47368421052631582,0,0.27696493537808636,0.45,5,benign-first
4005,synthetic_cat_binary,on_off,9/10,1-Accuracy,0.47368421052631582,0.47368421052631582,0,0.45805066229423874,0.45,5,benign-first
4006,synthetic_cat_binary,on_off,9/10,1-Accuracy,0.47368421052631582,0.47368421052631582,0,0.4358095448602538,0.45,5,benign-first
4007,synthetic_cat_binary,on_off,9/10,1-Accuracy,0.47368421052631582,0.47368421052631582,0,0.3213268679269547,0.45,5,benign-first
4008,synthetic_cat_binary,on_off,9/10,1-Accuracy,0.47368421052631582,0.47368421052631582,0,0.4451994180812758,0.45,5,benign-first
4009,synthetic_cat_binary,on_off,9/10,1-Accuracy,0.47368421052631582,0.47368421052631582,0,0.44788412047753773,0.45,5,benign-first
4010,synthetic_cat_binary,on_off,9/10,1-Accuracy,0.47368421052631582,0.47368421052631582,0,0.45109237557870374,0.45,5,benign-first
4011,synthetic_cat_binary,on_off,9/10,1-Accuracy,0.52631578947368429,0.52631578947368429,0,0.03800960648148144,0.45,0,attack-first
4012,synthetic_cat_binary,on_off,9/10,1-Accuracy,0.52631578947368429,0.52631578947368429,0,0.02923958333333332,0.45,0,attack-first
4013,synthetic_cat_binary,on_off,9/10,1-Accuracy,0.52631578947368429,0.52631578947368429,0,-0.008434490740740652,0.45,0,attack-first
4014,synthetic_cat_binary,on_off,9/10,1-Accuracy,0.52631578947368429,0.52631578947368429,0,-0.0772553240740741,0.45,0,attack-first
4015,synthetic_cat_binary,on_off,9/10,1-Accuracy,0.52631578947368429,0.52631578947368429,0,0.025556250000000058,0.45,0,attack-first
4016,synthetic_cat_binary,on_off,9/10,1-Accuracy,0.52631578947368429,0.52631578947368429,0,0.03394965277777784,0.45,0,attack-first
4017,synthetic_cat_binary,on_off,9/10,1-Accuracy,0.52631578947368429,0.52631578947368429,0,-0.04701666666666671,0.45,0,attack-first
4018,synthetic_cat_binary,on_off,9/10,1-Accuracy,0.52631578947368429,0.52631578947368429,0,-0.042378240740740813,0.45,0,attack-first
4019,synthetic_cat_binary,on_off,9/10,1-Accuracy,0.52631578947368429,0.52631578947368429,0,0.01137083333333333,0.45,0,attack-first
4020,synthetic_cat_binary,on_off,9/10,1-Accuracy,0.52631578947368429,0.52631578947368429,0,-0.13735312499999996,0.45,0,attack-first
4001,synthetic_cat_tie,persistent,0,1-MacroF1,0.4956521739130435,0.65517241379310343,-0.15952023988005992,,0.0,0,not_applicable
4002,synthetic_cat_tie,persistent,0,1-MacroF1,0.52197802197802201,0.65517241379310343,-0.13319439181508141,,0.0,0,not_applicable
4003,synthetic_cat_tie,persistent,0,1-MacroF1,0.49345076784101172,0.65517241379310343,-0.16172164595209171,,0.0,0,not_applicable
4004,synthetic_cat_tie,persistent,0,1-MacroF1,0.51315940696471674,0.65517241379310343,-0.14201300682838669,,0.0,0,not_applicable
4005,synthetic_cat_tie,persistent,0,1-MacroF1,0.57866911849212732,0.65517241379310343,-0.076503295300976104,,0.0,0,not_applicable
4006,synthetic_cat_tie,persistent,0,1-MacroF1,0.471996386630533,0.65517241379310343,-0.18317602716257042,,0.0,0,not_applicable
4007,synthetic_cat_tie,persistent,0,1-MacroF1,0.5121293800539084,0.65517241379310343,-0.14304303373919502,,0.0,0,not_applicable
4008,synthetic_cat_tie,persistent,0,1-MacroF1,0.46735241502683367,0.65517241379310343,-0.18781999876626976,,0.0,0,not_applicable
4009,synthetic_cat_tie,persistent,0,1-MacroF1,0.48419979612640163,0.65517241379310343,-0.1709726176667018,,0.0,0,not_applicable
4010,synthetic_cat_tie,persistent,0,1-MacroF1,0.48695246971109041,0.65517241379310343,-0.16821994408201302,,0.0,0,not_applicable
4011,synthetic_cat_tie,persistent,0,1-MacroF1,0.52631578947368418,0.65517241379310343,-0.12885662431941924,,0.0,0,not_applicable
4012,synthetic_cat_tie,persistent,0,1-MacroF1,0.5308473029992018,0.65517241379310343,-0.12432511079390163,,0.0,0,not_applicable
4013,synthetic_cat_tie,persistent,0,1-MacroF1,0.54824561403508776,0.65517241379310343,-0.10692679975801567,,0.0,0,not_applicable
4014,synthetic_cat_tie,persistent,0,1-MacroF1,0.51203736974487968,0.65517241379310343,-0.14313504404822375,,0.0,0,not_applicable
4015,synthetic_cat_tie,persistent,0,1-MacroF1,0.5066666666666666,0.65517241379310343,-0.14850574712643683,,0.0,0,not_applicable
4016,synthetic_cat_tie,persistent,0,1-MacroF1,0.47706729159691996,0.65517241379310343,-0.17810512219618346,,0.0,0,not_applicable
4017,synthetic_cat_tie,persistent,0,1-MacroF1,0.48245614035087714,0.65517241379310343,-0.17271627344222629,,0.0,0,not_applicable
4018,synthetic_cat_tie,persistent,0,1-MacroF1,0.47558126599176775,0.65517241379310343,-0.17959114780133567,,0.0,0,not_applicable
4019,synthetic_cat_tie,persistent,0,1-MacroF1,0.57017543859649122,0.65517241379310343,-0.084996975196612201,,0.0,0,not_applicable
4020,synthetic_cat_tie,persistent,0,1-MacroF1,0.56187925454748355,0.65517241379310343,-0.093293159245619872,,0.0,0,not_applicable
4001,synthetic_cat_tie,persistent,1/10,1-MacroF1,0.50275869834478104,0.56485863366096345,-0.062099935316182409,0.04498123446073388,0.1,5,not_applicable
4002,synthetic_cat_tie,persistent,1/10,1-MacroF1,0.46568627450980393,0.41323260073260082,0.052453673777203114,0.04256645126028813,0.1,5,not_applicable
4003,synthetic_cat_tie,persistent,1/10,1-MacroF1,0.4868538324420677,0.54180317922582211,-0.054949346783754405,-0.07493319026491768,0.1,5,not_applicable
4004,synthetic_cat_tie,persistent,1/10,1-MacroF1,0.40763324299909665,0.4793846153846153,-0.071751372385518652,0.005738476294581629,0.1,5,not_applicable
4005,synthetic_cat_tie,persistent,1/10,1-MacroF1,0.51670551670551668,0.45238095238095244,0.064324564324564237,0.09864566347307957,0.1,5,not_applicable
4006,synthetic_cat_tie,persistent,1/10,1-MacroF1,0.50983899821109124,0.55065524193548387,-0.040816243724392631,0.05247047485853912,0.1,5,not_applicable
4007,synthetic_cat_tie,persistent,1/10,1-MacroF1,0.60026604589291654,0.61975768872320591,-0.019491642830289369,0.06358195033864883,0.1,5,not_applicable
4008,synthetic_cat_tie,persistent,1/10,1-MacroF1,0.55888555888555891,0.61096954253124625,-0.052083983645687337,-0.02196069583762006,0.1,5,not_applicable
4009,synthetic_cat_tie,persistent,1/10,1-MacroF1,0.49345076784101172,0.58180227471566059,-0.088351506874648877,0.019586824845678974,0.1,5,not_applicable
4010,synthetic_cat_tie,persistent,1/10,1-MacroF1,0.44764969543730604,0.54191468253968256,-0.094264987102376518,-0.002075676761831291,0.1,5,not_applicable
4011,synthetic_cat_tie,persistent,1/10,1-MacroF1,0.53108228980322003,0.57344064386317906,-0.042358354059959025,0.011498596643518488,0.1,5,not_applicable
4012,synthetic_cat_tie,persistent,1/10,1-MacroF1,0.52415268550838867,0.51835317460317465,0.0057995109052140226,-0.04763983196159122,0.1,5,not_applicable
4013,synthetic_cat_tie,persistent,1/10,1-MacroF1,0.56694065983560415,0.60361681329423256,-0.036676153458628402,0.0056430041152263355,0.1,5,not_applicable
4014,synthetic_cat_tie,persistent,1/10,1-MacroF1,0.59584901357053255,0.60361681329423256,-0.0077677997237000085,0.03598697595164613,0.1,5,not_applicable
4015,synthetic_cat_tie,persistent,1/10,1-MacroF1,0.55814211284779958,0.53396871945259039,0.024173393395209186,0.027512086334019192,0.1,5,not_applicable
4016,synthetic_cat_tie,persistent,1/10,1-MacroF1,0.46945193171608268,0.6333333333333333,-0.16388140161725062,-0.01849209426440329,0.1,5,not_applicable
4017,synthetic_cat_tie,persistent,1/10,1-MacroF1,0.44215425531914887,0.46052631578947367,-0.018372060470324802,0.07567940189900552,0.1,5,not_applicable
4018,synthetic_cat_tie,persistent,1/10,1-MacroF1,0.52637411347517726,0.49761904761904763,0.028755065856129636,0.06219928787294238,0.1,5,not_applicable
4019,synthetic_cat_tie,persistent,1/10,1-MacroF1,0.56547619047619047,0.49479166666666674,0.070684523809523725,0.04262077921382029,0.1,5,not_applicable
4020,synthetic_cat_tie,persistent,1/10,1-MacroF1,0.59006211180124224,0.53499597747385352,0.055066134327388716,-0.014680606995884804,0.1,5,not_applicable
4001,synthetic_cat_tie,persistent,3/10,1-MacroF1,0.47706729159691996,0.42956521739130438,0.047502074205615585,-0.029128246252204615,0.3,5,not_applicable
4002,synthetic_cat_tie,persistent,3/10,1-MacroF1,0.56012904661252638,0.49132283645557973,0.068806210156946657,0.038571970072751316,0.3,5,not_applicable
4003,synthetic_cat_tie,persistent,3/10,1-MacroF1,0.57894736842105265,0.53499597747385352,0.043951390947199132,-0.02264884879298945,0.3,5,not_applicable
4004,synthetic_cat_tie,persistent,3/10,1-MacroF1,0.53499597747385352,0.51874772479068076,0.016248252683172759,0.003364052854938293,0.3,5,not_applicable
4005,synthetic_cat_tie,persistent,3/10,1-MacroF1,0.41217043052619862,0.44268406337371857,-0.030513632847519956,0.027184895144400367,0.3,5,not_applicable
4006,synthetic_cat_tie,persistent,3/10,1-MacroF1,0.52637411347517726,0.59179975082115754,-0.065425637345980281,-0.010960712907848336,0.3,5,not_applicable
4007,synthetic_cat_tie,persistent,3/10,1-MacroF1,0.52637411347517726,0.5613636363636364,-0.034989522888459135,0.042699580439814866,0.3,5,not_applicable
4008,synthetic_cat_tie,persistent,3/10,1-MacroF1,0.46568627450980393,0.45603559302189445,0.0096506814879094849,-0.010352424355158707,0.3,5,not_applicable
4009,synthetic_cat_tie,persistent,3/10,1-MacroF1,0.57356887298747761,0.56726378644186859,0.0063050865456090177,-0.022511756870958244,0.3,5,not_applicable
4010,synthetic_cat_tie,persistent,3/10,1-MacroF1,0.53108228980322003,0.53899210145733678,-0.0079098116541167496,0.02927090842702823,0.3,5,not_applicable
4011,synthetic_cat_tie,persistent,3/10,1-MacroF1,0.42335115864527628,0.52197802197802201,-0.098626863332745729,-0.03532919284612002,0.3,5,not_applicable
4012,synthetic_cat_tie,persistent,3/10,1-MacroF1,0.50802139037433158,0.54824561403508776,-0.040224223660756175,-0.008747885894326846,0.3,5,not_applicable
4013,synthetic_cat_tie,persistent,3/10,1-MacroF1,0.53899210145733678,0.48751282928498119,0.051479272172355595,-0.007553050595238142,0.3,5,not_applicable
4014,synthetic_cat_tie,persistent,3/10,1-MacroF1,0.571524064171123,0.53977272727272729,0.03175133689839571,0.010342616016313921,0.3,5,not_applicable
4015,synthetic_cat_tie,persistent,3/10,1-MacroF1,0.52777777777777779,0.52277250907387895,0.0050052687038988353,0.02321997078924165,0.3,5,not_applicable
4016,synthetic_cat_tie,persistent,3/10,1-MacroF1,0.47389424675756575,0.5308473029992018,-0.056953056241636046,-0.020564713541666668,0.3,5,not_applicable
4017,synthetic_cat_tie,persistent,3/10,1-MacroF1,0.50275869834478104,0.53971014492753622,-0.036951446582755176,0.017881905175264556,0.3,5,not_applicable
4018,synthetic_cat_tie,persistent,3/10,1-MacroF1,0.49132283645557973,0.50385728061716484,-0.012534444161585112,0.006564694940476179,0.3,5,not_applicable
4019,synthetic_cat_tie,persistent,3/10,1-MacroF1,0.59269162210338677,0.56726378644186859,0.025427835661518183,0.03345516493055556,0.3,5,not_applicable
4020,synthetic_cat_tie,persistent,3/10,1-MacroF1,0.50576752440106476,0.45603559302189445,0.049731931379170313,0.00815922894620813,0.3,5,not_applicable
4001,synthetic_cat_tie,persistent,1/2,1-MacroF1,0.49495621328012418,0.51315940696471674,-0.018203193684592556,-0.0024679687499999936,0.5,5,not_applicable
4002,synthetic_cat_tie,persistent,1/2,1-MacroF1,0.59111111111111114,0.58833464699921179,0.0027764641118993572,-0.0022939814814814663,0.5,5,not_applicable
4003,synthetic_cat_tie,persistent,1/2,1-MacroF1,0.50802139037433158,0.5176811594202898,-0.0096597690459582219,0.0013430844907407757,0.5,5,not_applicable
4004,synthetic_cat_tie,persistent,1/2,1-MacroF1,0.57356887298747761,0.57548928238583408,-0.0019204093983564707,0.0014025173611110775,0.5,5,not_applicable
4005,synthetic_cat_tie,persistent,1/2,1-MacroF1,0.48426418439716312,0.43641456582633054,0.047849618570832586,0.0026742139274691934,0.5,5,not_applicable
4006,synthetic_cat_tie,persistent,1/2,1-MacroF1,0.5613636363636364,0.57344064386317906,-0.012077007499542658,-0.00020368923611113754,0.5,5,not_applicable
4007,synthetic_cat_tie,persistent,1/2,1-MacroF1,0.51785515630214707,0.52631578947368418,-0.008460633171537113,-0.0009303722993827535,0.5,5,not_applicable
4008,synthetic_cat_tie,persistent,1/2,1-MacroF1,0.53779553779553779,0.57017543859649122,-0.032379900800953432,0.00019471450617286612,0.5,5,not_applicable
4009,synthetic_cat_tie,persistent,1/2,1-MacroF1,0.53108228980322003,0.56726378644186859,-0.036181496638648558,-0.001879378858024694,0.5,5,not_applicable
4010,synthetic_cat_tie,persistent,1/2,1-MacroF1,0.49079065588499549,0.52197802197802201,-0.031187366093026525,0.0032657262731481396,0.5,5,not_applicable
4011,synthetic_cat_tie,persistent,1/2,1-MacroF1,0.48555555555555552,0.47847985347985356,0.0070757020757019617,-0.001441690779320992,0.5,5,not_applicable
4012,synthetic_cat_tie,persistent,1/2,1-MacroF1,0.50275869834478104,0.48245614035087714,0.020302557993903902,-0.002013667052469137,0.5,5,not_applicable
4013,synthetic_cat_tie,persistent,1/2,1-MacroF1,0.579204079370358,0.55683254798299053,0.022371531387367471,-0.0011893229166666797,0.5,5,not_applicable
4014,synthetic_cat_tie,persistent,1/2,1-MacroF1,0.53108228980322003,0.50908667287977627,0.021995616923443762,0.0016265046296296548,0.5,5,not_applicable
4015,synthetic_cat_tie,persistent,1/2,1-MacroF1,0.48426418439716312,0.5308473029992018,-0.046583118602038676,0.0031195987654320523,0.5,5,not_applicable
4016,synthetic_cat_tie,persistent,1/2,1-MacroF1,0.46568627450980393,0.48928015331177388,-0.023593878801969947,-0.00034201871141975593,0.5,5,not_applicable
4017,synthetic_cat_tie,persistent,1/2,1-MacroF1,0.49827028233456083,0.5176811594202898,-0.019410877085728973,-0.002328718171296318,0.5,5,not_applicable
4018,synthetic_cat_tie,persistent,1/2,1-MacroF1,0.50576752440106476,0.54067626380984268,-0.034908739408777922,-0.0030375385802469124,0.5,5,not_applicable
4019,synthetic_cat_tie,persistent,1/2,1-MacroF1,0.52777777777777779,0.55251453985631205,-0.024736762078534258,0.0032796730324074486,0.5,5,not_applicable
4020,synthetic_cat_tie,persistent,1/2,1-MacroF1,0.53899210145733678,0.4956521739130435,0.043339927544293277,-0.001045515046296297,0.5,5,not_applicable
4001,synthetic_cat_tie,persistent,7/10,1-MacroF1,0.56012904661252638,0.54824561403508776,0.011883432577438624,-0.01790314291225753,0.7,5,not_applicable
4002,synthetic_cat_tie,persistent,7/10,1-MacroF1,0.54875976894325518,0.52846490708959637,0.020294861853658808,0.0414749090608465,0.7,5,not_applicable
4003,synthetic_cat_tie,persistent,7/10,1-MacroF1,0.51785515630214707,0.5613636363636364,-0.04350848006148933,0.006560382908950613,0.7,5,not_applicable
4004,synthetic_cat_tie,persistent,7/10,1-MacroF1,0.50983899821109124,0.61175506380985833,-0.10191606559876709,-0.005239390891387419,0.7,5,not_applicable
4005,synthetic_cat_tie,persistent,7/10,1-MacroF1,0.54067626380984268,0.54501814775787372,-0.0043418839480310334,-0.021407640266754846,0.7,5,not_applicable
4006,synthetic_cat_tie,persistent,7/10,1-MacroF1,0.49561549561549556,0.53977272727272729,-0.044157231657231732,0.009253554894179894,0.7,5,not_applicable
4007,synthetic_cat_tie,persistent,7/10,1-MacroF1,0.49561549561549556,0.5176811594202898,-0.022065663804794244,0.02724847814704584,0.7,5,not_applicable
4008,synthetic_cat_tie,persistent,7/10,1-MacroF1,0.45343545343545344,0.46481826654240443,-0.011382813106950995,-0.01692090980489419,0.7,5,not_applicable
4009,synthetic_cat_tie,persistent,7/10,1-MacroF1,0.40362254025044719,0.4956521739130435,-0.092029633662596311,-0.0036944706238977165,0.7,5,not_applicable
4010,synthetic_cat_tie,persistent,7/10,1-MacroF1,0.44610912343470477,0.5176811594202898,-0.071572035985585036,-0.0011813684964726567,0.7,5,not_applicable
4011,synthetic_cat_tie,persistent,7/10,1-MacroF1,0.52918894830659535,0.50908667287977627,0.020102275426819083,-0.03175519042107583,0.7,5,not_applicable
4012,synthetic_cat_tie,persistent,7/10,1-MacroF1,0.50918006614209144,0.54966248794599804,-0.040482421803906599,0.027645605985449684,0.7,5,not_applicable
4013,synthetic_cat_tie,persistent,7/10,1-MacroF1,0.49827028233456083,0.46481826654240443,0.033452015792156398,-0.014414820326278666,0.7,5,not_applicable
4014,synthetic_cat_tie,persistent,7/10,1-MacroF1,0.57614555256064692,0.54501814775787372,0.031127404802773206,-0.02380347153328921,0.7,5,not_applicable
4015,synthetic_cat_tie,persistent,7/10,1-MacroF1,0.52637411347517726,0.49132283645557973,0.035051277019597538,0.02745643394510583,0.7,5,not_applicable
4016,synthetic_cat_tie,persistent,7/10,1-MacroF1,0.55232558139534882,0.55755180261109116,-0.0052262212157423438,0.01026243592923276,0.7,5,not_applicable
4017,synthetic_cat_tie,persistent,7/10,1-MacroF1,0.52723977800430399,0.57256509161041469,-0.045325313606110695,-0.007591080384700188,0.7,5,not_applicable
4018,synthetic_cat_tie,persistent,7/10,1-MacroF1,0.43466131012163822,0.45997072401756567,-0.025309413895927446,0.007931367118606703,0.7,5,not_applicable
4019,synthetic_cat_tie,persistent,7/10,1-MacroF1,0.5066666666666666,0.51315940696471674,-0.006492740298050137,-0.031953137860082304,0.7,5,not_applicable
4020,synthetic_cat_tie,persistent,7/10,1-MacroF1,0.52777777777777779,0.52277250907387895,0.0050052687038988353,0.005363417658730163,0.7,5,not_applicable
4001,synthetic_cat_tie,persistent,9/10,1-MacroF1,0.49827028233456083,0.54285714285714293,-0.044586860522582095,0.05611466853137864,0.9,5,not_applicable
4002,synthetic_cat_tie,persistent,9/10,1-MacroF1,0.50275869834478104,0.52846490708959637,-0.025706208744815329,0.08563913644547327,0.9,5,not_applicable
4003,synthetic_cat_tie,persistent,9/10,1-MacroF1,0.40763324299909665,0.49479166666666674,-0.087158423667570095,0.0546324315200617,0.9,5,not_applicable
4004,synthetic_cat_tie,persistent,9/10,1-MacroF1,0.49561549561549556,0.54285714285714293,-0.047241647241647367,0.07239710433813445,0.9,5,not_applicable
4005,synthetic_cat_tie,persistent,9/10,1-MacroF1,0.44451871657754016,0.50438596491228072,-0.059867248334740553,-0.054922909164952016,0.9,5,not_applicable
4006,synthetic_cat_tie,persistent,9/10,1-MacroF1,0.51601817980268261,0.55755180261109116,-0.041533622808408555,-0.02607736304012348,0.9,5,not_applicable
4007,synthetic_cat_tie,persistent,9/10,1-MacroF1,0.40084388185654007,0.49498030245266234,-0.094136420596122261,-0.07584552469135802,0.9,5,not_applicable
4008,synthetic_cat_tie,persistent,9/10,1-MacroF1,0.38409703504043136,0.4351494696239151,-0.051052434583483741,-0.016028968942901234,0.9,5,not_applicable
4009,synthetic_cat_tie,persistent,9/10,1-MacroF1,0.52415268550838867,0.59546769527483123,-0.071315009766442561,-0.02054671639231831,0.9,5,not_applicable
4010,synthetic_cat_tie,persistent,9/10,1-MacroF1,0.44417835557076057,0.4793846153846153,-0.035206259813854723,-0.011431024948559632,0.9,5,not_applicable
4011,synthetic_cat_tie,persistent,9/10,1-MacroF1,0.54067626380984268,0.54501814775787372,-0.0043418839480310334,-0.05796438132287379,0.9,5,not_applicable
4012,synthetic_cat_tie,persistent,9/10,1-MacroF1,0.53971014492753622,0.55805524309461318,-0.018345098167076967,0.15283159079218106,0.9,5,not_applicable
4013,synthetic_cat_tie,persistent,9/10,1-MacroF1,0.55251453985631205,0.57459677419354838,-0.022082234337236328,0.0668205922067901,0.9,5,not_applicable
4014,synthetic_cat_tie,persistent,9/10,1-MacroF1,0.54067626380984268,0.5176811594202898,0.022995104389552878,0.09471378922325113,0.9,5,not_applicable
4015,synthetic_cat_tie,persistent,9/10,1-MacroF1,0.47706729159691996,0.58180227471566059,-0.10473498311874063,-0.06226766064386147,0.9,5,not_applicable
4016,synthetic_cat_tie,persistent,9/10,1-MacroF1,0.50802139037433158,0.56547619047619047,-0.057454800101858883,-0.036335293960047976,0.9,5,not_applicable
4017,synthetic_cat_tie,persistent,9/10,1-MacroF1,0.50022893772893773,0.54191468253968256,-0.041685744810744829,-0.03521586666237991,0.9,5,not_applicable
4018,synthetic_cat_tie,persistent,9/10,1-MacroF1,0.45263157894736838,0.53672316384180796,-0.084091584894439575,-0.06002565800754456,0.9,5,not_applicable
4019,synthetic_cat_tie,persistent,9/10,1-MacroF1,0.54285714285714293,0.57256509161041469,-0.029707948753271762,-0.008951287079904002,0.9,5,not_applicable
4020,synthetic_cat_tie,persistent,9/10,1-MacroF1,0.60026604589291654,0.64417883001953791,-0.043912784126621363,0.06631628407921808,0.9,5,not_applicable
4001,synthetic_cat_tie,random,0,1-MacroF1,0.4956521739130435,0.65517241379310343,-0.15952023988005992,,0.0,0,not_applicable
4002,synthetic_cat_tie,random,0,1-MacroF1,0.52197802197802201,0.65517241379310343,-0.13319439181508141,,0.0,0,not_applicable
4003,synthetic_cat_tie,random,0,1-MacroF1,0.49345076784101172,0.65517241379310343,-0.16172164595209171,,0.0,0,not_applicable
4004,synthetic_cat_tie,random,0,1-MacroF1,0.51315940696471674,0.65517241379310343,-0.14201300682838669,,0.0,0,not_applicable
4005,synthetic_cat_tie,random,0,1-MacroF1,0.57866911849212732,0.65517241379310343,-0.076503295300976104,,0.0,0,not_applicable
4006,synthetic_cat_tie,random,0,1-MacroF1,0.471996386630533,0.65517241379310343,-0.18317602716257042,,0.0,0,not_applicable
4007,synthetic_cat_tie,random,0,1-MacroF1,0.5121293800539084,0.65517241379310343,-0.14304303373919502,,0.0,0,not_applicable
4008,synthetic_cat_tie,random,0,1-MacroF1,0.46735241502683367,0.65517241379310343,-0.18781999876626976,,0.0,0,not_applicable
4009,synthetic_cat_tie,random,0,1-MacroF1,0.48419979612640163,0.65517241379310343,-0.1709726176667018,,0.0,0,not_applicable
4010,synthetic_cat_tie,random,0,1-MacroF1,0.48695246971109041,0.65517241379310343,-0.16821994408201302,,0.0,0,not_applicable
4011,synthetic_cat_tie,random,0,1-MacroF1,0.52631578947368418,0.65517241379310343,-0.12885662431941924,,0.0,0,not_applicable
4012,synthetic_cat_tie,random,0,1-MacroF1,0.5308473029992018,0.65517241379310343,-0.12432511079390163,,0.0,0,not_applicable
4013,synthetic_cat_tie,random,0,1-MacroF1,0.54824561403508776,0.65517241379310343,-0.10692679975801567,,0.0,0,not_applicable
4014,synthetic_cat_tie,random,0,1-MacroF1,0.51203736974487968,0.65517241379310343,-0.14313504404822375,,0.0,0,not_applicable
4015,synthetic_cat_tie,random,0,1-MacroF1,0.5066666666666666,0.65517241379310343,-0.14850574712643683,,0.0,0,not_applicable
4016,synthetic_cat_tie,random,0,1-MacroF1,0.47706729159691996,0.65517241379310343,-0.17810512219618346,,0.0,0,not_applicable
4017,synthetic_cat_tie,random,0,1-MacroF1,0.48245614035087714,0.65517241379310343,-0.17271627344222629,,0.0,0,not_applicable
4018,synthetic_cat_tie,random,0,1-MacroF1,0.47558126599176775,0.65517241379310343,-0.17959114780133567,,0.0,0,not_applicable
4019,synthetic_cat_tie,random,0,1-MacroF1,0.57017543859649122,0.65517241379310343,-0.084996975196612201,,0.0,0,not_applicable
4020,synthetic_cat_tie,random,0,1-MacroF1,0.56187925454748355,0.65517241379310343,-0.093293159245619872,,0.0,0,not_applicable
4001,synthetic_cat_tie,random,1/10,1-MacroF1,0.54067626380984268,0.50052687038988408,0.040149393419958601,0.021884099044067185,0.1,5,not_applicable
4002,synthetic_cat_tie,random,1/10,1-MacroF1,0.47899159663865554,0.51315940696471674,-0.034167810326061199,-0.10183240579989716,0.1,5,not_applicable
4003,synthetic_cat_tie,random,1/10,1-MacroF1,0.47558126599176775,0.50918006614209144,-0.033598800150323682,-0.022542044431584363,0.1,5,not_applicable
4004,synthetic_cat_tie,random,1/10,1-MacroF1,0.471996386630533,0.48095467695274841,-0.0089582903222154009,0.03304498671124828,0.1,5,not_applicable
4005,synthetic_cat_tie,random,1/10,1-MacroF1,0.45283228023500721,0.44417835557076057,0.0086539246642466372,-0.07455170342506862,0.1,5,not_applicable
4006,synthetic_cat_tie,random,1/10,1-MacroF1,0.50531914893617025,0.52197802197802201,-0.016658873041851763,-0.011642603845164634,0.1,5,not_applicable
4007,synthetic_cat_tie,random,1/10,1-MacroF1,0.52637411347517726,0.52197802197802201,0.0043960914971552523,0.04815004447445126,0.1,5,not_applicable
4008,synthetic_cat_tie,random,1/10,1-MacroF1,0.5368421052631579,0.59210526315789469,-0.055263157894736792,-0.010988300004286744,0.1,5,not_applicable
4009,synthetic_cat_tie,random,1/10,1-MacroF1,0.41217043052619862,0.47499999999999998,-0.062829569473801361,0.07105809220679016,0.1,5,not_applicable
4010,synthetic_cat_tie,random,1/10,1-MacroF1,0.47499999999999998,0.50597703870280508,-0.030977038702805104,-0.09949911426183122,0.1,5,not_applicable
4011,synthetic_cat_tie,random,1/10,1-MacroF1,0.43330737568138833,0.48245614035087714,-0.049148764669488809,0.029123857060185165,0.1,5,not_applicable
4012,synthetic_cat_tie,random,1/10,1-MacroF1,0.4868538324420677,0.49199623352165722,-0.0051424010795895203,0.018831088177297672,0.1,5,not_applicable
4013,synthetic_cat_tie,random,1/10,1-MacroF1,0.51578947368421058,0.50022893772893773,0.015560535955272847,0.014990081661522603,0.1,5,not_applicable
4014,synthetic_cat_tie,random,1/10,1-MacroF1,0.53635953026196925,0.53479458617798548,0.0015649440839837769,0.04538374967849801,0.1,5,not_applicable
4015,synthetic_cat_tie,random,1/10,1-MacroF1,0.51947327307220181,0.53122087604846224,-0.011747602976260429,-0.012599719221536354,0.1,5,not_applicable
4016,synthetic_cat_tie,random,1/10,1-MacroF1,0.5066666666666666,0.55908662900188322,-0.052419962335216619,-0.008044293338477393,0.1,5,not_applicable
4017,synthetic_cat_tie,random,1/10,1-MacroF1,0.47706729159691996,0.48245614035087714,-0.0053888487539571761,0.13288860328789437,0.1,5,not_applicable
4018,synthetic_cat_tie,random,1/10,1-MacroF1,0.50576752440106476,0.5176811594202898,-0.011913635019225044,0.04830808416923865,0.1,5,not_applicable
4019,synthetic_cat_tie,random,1/10,1-MacroF1,0.59481216457960639,0.58030901904419696,0.014503145535409434,-0.04664655296210568,0.1,5,not_applicable
4020,synthetic_cat_tie,random,1/10,1-MacroF1,0.51670551670551668,0.4813647111811733,0.035340805524343377,-0.04252800282921815,0.1,5,not_applicable
4001,synthetic_cat_tie,random,3/10,1-MacroF1,0.37439477536313481,0.37628145386766076,-0.0018866785045259515,0.06967403962742502,0.3,5,not_applicable
4002,synthetic_cat_tie,random,3/10,1-MacroF1,0.51670551670551668,0.52415268550838867,-0.0074471688028719951,-0.08352437927138451,0.3,5,not_applicable
4003,synthetic_cat_tie,random,3/10,1-MacroF1,0.51785515630214707,0.4813647111811733,0.036490445120973769,0.023482333691578483,0.3,5,not_applicable
4004,synthetic_cat_tie,random,3/10,1-MacroF1,0.51947327307220181,0.53971014492753622,-0.020236871855334404,-0.04554165702160495,0.3,5,not_applicable
4005,synthetic_cat_tie,random,3/10,1-MacroF1,0.48859570661896246,0.46584559242787094,0.022750114191091519,-0.018556761877204564,0.3,5,not_applicable
4006,synthetic_cat_tie,random,3/10,1-MacroF1,0.60106560106560103,0.64669121749804703,-0.045625616432446003,-0.0006306010251322935,0.3,5,not_applicable
4007,synthetic_cat_tie,random,3/10,1-MacroF1,0.56898846495119781,0.59179975082115754,-0.02281128586995973,-0.003579293659979388,0.3,5,not_applicable
4008,synthetic_cat_tie,random,3/10,1-MacroF1,0.49495621328012418,0.48751282928498119,0.0074433839951429936,0.005175154091343337,0.3,5,not_applicable
4009,synthetic_cat_tie,random,3/10,1-MacroF1,0.50983899821109124,0.54372710622710618,-0.033888108016014939,0.06330165619488531,0.3,5,not_applicable
4010,synthetic_cat_tie,random,3/10,1-MacroF1,0.49495621328012418,0.55480682839173401,-0.059850615111609828,-0.10940252907297171,0.3,5,not_applicable
4011,synthetic_cat_tie,random,3/10,1-MacroF1,0.47558126599176775,0.45054200542005418,0.025039260571713573,0.058419857115299845,0.3,5,not_applicable
4012,synthetic_cat_tie,random,3/10,1-MacroF1,0.56999999999999995,0.52415268550838867,0.04584731449161128,0.0021742302322163565,0.3,5,not_applicable
4013,synthetic_cat_tie,random,3/10,1-MacroF1,0.53708014632524115,0.52156862745098043,0.015511518874260721,0.08008172306731332,0.3,5,not_applicable
4014,synthetic_cat_tie,random,3/10,1-MacroF1,0.51601817980268261,0.47558126599176775,0.040436913810914854,0.0032630201444003304,0.3,5,not_applicable
4015,synthetic_cat_tie,random,3/10,1-MacroF1,0.54554667267199641,0.48245614035087714,0.063090532321119275,0.01701157958553795,0.3,5,not_applicable
4016,synthetic_cat_tie,random,3/10,1-MacroF1,0.45770308123249293,0.45997072401756567,-0.0022676427850727432,0.05157403067129629,0.3,5,not_applicable
4017,synthetic_cat_tie,random,3/10,1-MacroF1,0.51315940696471674,0.51435969868173259,-0.0012002917170158556,0.017548480213844808,0.3,5,not_applicable
4018,synthetic_cat_tie,random,3/10,1-MacroF1,0.42908762420957536,0.50385728061716484,-0.07476965640758948,-0.01598952959656086,0.3,5,not_applicable
4019,synthetic_cat_tie,random,3/10,1-MacroF1,0.6423899789380334,0.57614555256064692,0.066244426377386478,-0.04924074556327157,0.3,5,not_applicable
4020,synthetic_cat_tie,random,3/10,1-MacroF1,0.54888888888888887,0.46568627450980393,0.083202614379084938,-0.027417241925705438,0.3,5,not_applicable
4001,synthetic_cat_tie,random,1/2,1-MacroF1,0.5066666666666666,0.44417835557076057,0.062488311095906024,0.06502372395833333,0.5,5,not_applicable
4002,synthetic_cat_tie,random,1/2,1-MacroF1,0.63220940550133098,0.53977272727272729,0.092436678228603686,0.00016625578703705068,0.5,5,not_applicable
4003,synthetic_cat_tie,random,1/2,1-MacroF1,0.45263157894736838,0.45770308123249293,-0.0050715022851245406,0.03719548611111112,0.5,5,not_applicable
4004,synthetic_cat_tie,random,1/2,1-MacroF1,0.50531914893617025,0.48555555555555552,0.01976359338061473,0.009686028163580218,0.5,5,not_applicable
4005,synthetic_cat_tie,random,1/2,1-MacroF1,0.46735241502683367,0.43181818181818188,0.035534233208651789,-0.006747608989197518,0.5,5,not_applicable
4006,synthetic_cat_tie,random,1/2,1-MacroF1,0.57997557997558002,0.58833464699921179,-0.008359067023631761,-0.0844266579861111,0.5,5,not_applicable
4007,synthetic_cat_tie,random,1/2,1-MacroF1,0.48469387755102034,0.44811320754716988,0.036580670003850457,-0.004769979745370412,0.5,5,not_applicable
4008,synthetic_cat_tie,random,1/2,1-MacroF1,0.54888888888888887,0.5741817767134223,-0.025292887824533428,0.05191419849537038,0.5,5,not_applicable
4009,synthetic_cat_tie,random,1/2,1-MacroF1,0.44451871657754016,0.48751282928498119,-0.042994112707441023,0.05943949942129634,0.5,5,not_applicable
4010,synthetic_cat_tie,random,1/2,1-MacroF1,0.47452547452547456,0.4813647111811733,-0.0068392366556987438,-0.0190746903935185,0.5,5,not_applicable
4011,synthetic_cat_tie,random,1/2,1-MacroF1,0.56999999999999995,0.54875976894325518,0.021240231056744774,0.03433579282407406,0.5,5,not_applicable
4012,synthetic_cat_tie,random,1/2,1-MacroF1,0.579204079370358,0.60428523602276529,-0.025081156652407288,0.009054463734567919,0.5,5,not_applicable
4013,synthetic_cat_tie,random,1/2,1-MacroF1,0.44215425531914887,0.44254658385093171,-0.00039232853178283733,-0.0119517023533951,0.5,5,not_applicable
4014,synthetic_cat_tie,random,1/2,1-MacroF1,0.50028011204481793,0.49345076784101172,0.0068293442038062091,0.007918425925925954,0.5,5,not_applicable
4015,synthetic_cat_tie,random,1/2,1-MacroF1,0.47899159663865554,0.51490514905149054,-0.035913552412835004,0.0071482793209876605,0.5,5,not_applicable
4016,synthetic_cat_tie,random,1/2,1-MacroF1,0.51785515630214707,0.52723977800430399,-0.0093846217021569256,-0.02069884548611106,0.5,5,not_applicable
4017,synthetic_cat_tie,random,1/2,1-MacroF1,0.46320921985815611,0.44811320754716988,0.015096012310986229,0.06341265528549384,0.5,5,not_applicable
4018,synthetic_cat_tie,random,1/2,1-MacroF1,0.49473684210526314,0.48419979612640163,0.010537045978861515,-0.0076744965277777966,0.5,5,not_applicable
4019,synthetic_cat_tie,random,1/2,1-MacroF1,0.63220940550133098,0.59584901357053255,0.03636039193079843,0.038289632523148154,0.5,5,not_applicable
4020,synthetic_cat_tie,random,1/2,1-MacroF1,0.50983899821109124,0.48751282928498119,0.022326168926110057,-0.038300914351851845,0.5,5,not_applicable
4001,synthetic_cat_tie,random,7/10,1-MacroF1,0.51947327307220181,0.50022893772893773,0.019244335343264085,-0.0005572889109347612,0.7,5,not_applicable
4002,synthetic_cat_tie,random,7/10,1-MacroF1,0.58308224528512442,0.55683254798299053,0.02624969730213389,0.03926391782407407,0.7,5,not_applicable
4003,synthetic_cat_tie,random,7/10,1-MacroF1,0.49495621328012418,0.46735241502683367,0.027603798253290512,0.05270009851741625,0.7,5,not_applicable
4004,synthetic_cat_tie,random,7/10,1-MacroF1,0.48469387755102034,0.44451871657754016,0.040175160973480173,-0.003058404752719013,0.7,5,not_applicable
4005,synthetic_cat_tie,random,7/10,1-MacroF1,0.45444432083657804,0.51818181818181819,-0.063737497345240146,-0.06346719025573194,0.7,5,not_applicable
4006,synthetic_cat_tie,random,7/10,1-MacroF1,0.61059397163120566,0.61222222222222222,-0.0016282505910165668,0.016952558697089948,0.7,5,not_applicable
4007,synthetic_cat_tie,random,7/10,1-MacroF1,0.48426418439716312,0.48859570661896246,-0.0043315222217993332,0.11892407614087303,0.7,5,not_applicable
4008,synthetic_cat_tie,random,7/10,1-MacroF1,0.45770308123249293,0.48751282928498119,-0.029809748052488261,-0.0033548452656525507,0.7,5,not_applicable
4009,synthetic_cat_tie,random,7/10,1-MacroF1,0.57997557997558002,0.56414565826330532,0.015829921712274708,0.04227599895282186,0.7,5,not_applicable
4010,synthetic_cat_tie,random,7/10,1-MacroF1,0.47706729159691996,0.50918006614209144,-0.032112774545171474,-0.05289584022266308,0.7,5,not_applicable
4011,synthetic_cat_tie,random,7/10,1-MacroF1,0.44333333333333336,0.49345076784101172,-0.05011743450767836,-0.005112739748677209,0.7,5,not_applicable
4012,synthetic_cat_tie,random,7/10,1-MacroF1,0.60240293692290581,0.6175162504276428,-0.015113313504736992,0.06576772211199294,0.7,5,not_applicable
4013,synthetic_cat_tie,random,7/10,1-MacroF1,0.44610912343470477,0.45283228023500721,-0.0067231568003024433,-0.005102826692019391,0.7,5,not_applicable
4014,synthetic_cat_tie,random,7/10,1-MacroF1,0.51670551670551668,0.5479148181011535,-0.031209301395636824,-0.04351311108355377,0.7,5,not_applicable
4015,synthetic_cat_tie,random,7/10,1-MacroF1,0.48555555555555552,0.47899159663865554,0.0065639589168999812,0.06199134837962961,0.7,5,not_applicable
4016,synthetic_cat_tie,random,7/10,1-MacroF1,0.48555555555555552,0.50918006614209144,-0.023624510586535918,0.01627900614528216,0.7,5,not_applicable
4017,synthetic_cat_tie,random,7/10,1-MacroF1,0.46945193171608268,0.49132283645557973,-0.021870904739497044,0.018158121830908258,0.7,5,not_applicable
4018,synthetic_cat_tie,random,7/10,1-MacroF1,0.46362023070097602,0.45343545343545344,0.010184777265522582,0.036331704695767186,0.7,5,not_applicable
4019,synthetic_cat_tie,random,7/10,1-MacroF1,0.52918894830659535,0.54554667267199641,-0.016357724365401061,-0.05620310203556733,0.7,5,not_applicable
4020,synthetic_cat_tie,random,7/10,1-MacroF1,0.60026604589291654,0.55232558139534882,0.047940464497567725,-0.0322399532903439,0.7,5,not_applicable
4001,synthetic_cat_tie,random,9/10,1-MacroF1,0.46568627450980393,0.49132283645557973,-0.025636561945775793,0.08496058545524693,0.9,5,not_applicable
4002,synthetic_cat_tie,random,9/10,1-MacroF1,0.68542568542568549,0.65854203935599287,0.026883646069692624,0.08219167631172841,0.9,5,not_applicable
4003,synthetic_cat_tie,random,9/10,1-MacroF1,0.47452547452547456,0.44811320754716988,0.026412266978304677,0.11037220453960905,0.9,5,not_applicable
4004,synthetic_cat_tie,random,9/10,1-MacroF1,0.40039929015084286,0.37439477536313481,0.026004514787708044,0.10825833494084364,0.9,5,not_applicable
4005,synthetic_cat_tie,random,9/10,1-MacroF1,0.49561549561549556,0.51490514905149054,-0.01928965343599498,-0.07923684735082309,0.9,5,not_applicable
4006,synthetic_cat_tie,random,9/10,1-MacroF1,0.56848404255319152,0.60240293692290581,-0.033918894369714292,-0.0341732671039095,0.9,5,not_applicable
4007,synthetic_cat_tie,random,9/10,1-MacroF1,0.55035650623885912,0.51490514905149054,0.035451357187368582,-0.046142541688100114,0.9,5,not_applicable
4008,synthetic_cat_tie,random,9/10,1-MacroF1,0.47899159663865554,0.42956521739130438,0.04942637924735116,-0.013976129008059002,0.9,5,not_applicable
4009,synthetic_cat_tie,random,9/10,1-MacroF1,0.49495621328012418,0.47558126599176775,0.019374947288356426,0.0003673059199245099,0.9,5,not_applicable
4010,synthetic_cat_tie,random,9/10,1-MacroF1,0.46320921985815611,0.4813647111811733,-0.018155491323017192,-0.03581146369170091,0.9,5,not_applicable
4011,synthetic_cat_tie,random,9/10,1-MacroF1,0.40362254025044719,0.42677448337825696,-0.023151943127809771,-0.05701175733024688,0.9,5,not_applicable
4012,synthetic_cat_tie,random,9/10,1-MacroF1,0.5334681042228212,0.49659090909090908,0.036877195131912122,0.20436876875428667,0.9,5,not_applicable
4013,synthetic_cat_tie,random,9/10,1-MacroF1,0.50531914893617025,0.52415268550838867,-0.018833536572218423,0.11788614915552126,0.9,5,not_applicable
4014,synthetic_cat_tie,random,9/10,1-MacroF1,0.49495621328012418,0.50576752440106476,-0.010811311120940581,0.09225762442129637,0.9,5,not_applicable
4015,synthetic_cat_tie,random,9/10,1-MacroF1,0.53108228980322003,0.53977272727272729,-0.0086904374695072617,-0.05123412101337449,0.9,5,not_applicable
4016,synthetic_cat_tie,random,9/10,1-MacroF1,0.51670551670551668,0.55480682839173401,-0.038101311686217332,-0.04969934574331275,0.9,5,not_applicable
4017,synthetic_cat_tie,random,9/10,1-MacroF1,0.5121293800539084,0.53499597747385352,-0.022866597419945123,-0.004578495263202975,0.9,5,not_applicable
4018,synthetic_cat_tie,random,9/10,1-MacroF1,0.51785515630214707,0.50275869834478104,0.015096457957366027,-0.0644333236882716,0.9,5,not_applicable
4019,synthetic_cat_tie,random,9/10,1-MacroF1,0.60428523602276529,0.60972863416281953,-0.0054433981400542342,-0.012983330118312764,0.9,5,not_applicable
4020,synthetic_cat_tie,random,9/10,1-MacroF1,0.4868538324420677,0.51490514905149054,-0.028051316609422838,0.031229933449074043,0.9,5,not_applicable
4001,synthetic_cat_tie,on_off,0,1-MacroF1,0.4956521739130435,0.65517241379310343,-0.15952023988005992,,0.0,0,benign-first
4002,synthetic_cat_tie,on_off,0,1-MacroF1,0.52197802197802201,0.65517241379310343,-0.13319439181508141,,0.0,0,benign-first
4003,synthetic_cat_tie,on_off,0,1-MacroF1,0.49345076784101172,0.65517241379310343,-0.16172164595209171,,0.0,0,benign-first
4004,synthetic_cat_tie,on_off,0,1-MacroF1,0.51315940696471674,0.65517241379310343,-0.14201300682838669,,0.0,0,benign-first
4005,synthetic_cat_tie,on_off,0,1-MacroF1,0.57866911849212732,0.65517241379310343,-0.076503295300976104,,0.0,0,benign-first
4006,synthetic_cat_tie,on_off,0,1-MacroF1,0.471996386630533,0.65517241379310343,-0.18317602716257042,,0.0,0,benign-first
4007,synthetic_cat_tie,on_off,0,1-MacroF1,0.5121293800539084,0.65517241379310343,-0.14304303373919502,,0.0,0,benign-first
4008,synthetic_cat_tie,on_off,0,1-MacroF1,0.46735241502683367,0.65517241379310343,-0.18781999876626976,,0.0,0,benign-first
4009,synthetic_cat_tie,on_off,0,1-MacroF1,0.48419979612640163,0.65517241379310343,-0.1709726176667018,,0.0,0,benign-first
4010,synthetic_cat_tie,on_off,0,1-MacroF1,0.48695246971109041,0.65517241379310343,-0.16821994408201302,,0.0,0,benign-first
4011,synthetic_cat_tie,on_off,0,1-MacroF1,0.52631578947368418,0.65517241379310343,-0.12885662431941924,,0.0,0,attack-first
4012,synthetic_cat_tie,on_off,0,1-MacroF1,0.5308473029992018,0.65517241379310343,-0.12432511079390163,,0.0,0,attack-first
4013,synthetic_cat_tie,on_off,0,1-MacroF1,0.54824561403508776,0.65517241379310343,-0.10692679975801567,,0.0,0,attack-first
4014,synthetic_cat_tie,on_off,0,1-MacroF1,0.51203736974487968,0.65517241379310343,-0.14313504404822375,,0.0,0,attack-first
4015,synthetic_cat_tie,on_off,0,1-MacroF1,0.5066666666666666,0.65517241379310343,-0.14850574712643683,,0.0,0,attack-first
4016,synthetic_cat_tie,on_off,0,1-MacroF1,0.47706729159691996,0.65517241379310343,-0.17810512219618346,,0.0,0,attack-first
4017,synthetic_cat_tie,on_off,0,1-MacroF1,0.48245614035087714,0.65517241379310343,-0.17271627344222629,,0.0,0,attack-first
4018,synthetic_cat_tie,on_off,0,1-MacroF1,0.47558126599176775,0.65517241379310343,-0.17959114780133567,,0.0,0,attack-first
4019,synthetic_cat_tie,on_off,0,1-MacroF1,0.57017543859649122,0.65517241379310343,-0.084996975196612201,,0.0,0,attack-first
4020,synthetic_cat_tie,on_off,0,1-MacroF1,0.56187925454748355,0.65517241379310343,-0.093293159245619872,,0.0,0,attack-first
4001,synthetic_cat_tie,on_off,1/10,1-MacroF1,0.4813647111811733,0.56025641025641026,-0.078891699075236965,0.04498123446073388,0.05,5,benign-first
4002,synthetic_cat_tie,on_off,1/10,1-MacroF1,0.53108228980322003,0.4793846153846153,0.051697674418604733,0.04256645126028813,0.05,5,benign-first
4003,synthetic_cat_tie,on_off,1/10,1-MacroF1,0.45586430085927909,0.60767590618336886,-0.15181160532408977,-0.07493319026491768,0.05,5,benign-first
4004,synthetic_cat_tie,on_off,1/10,1-MacroF1,0.47847985347985356,0.53642748932653905,-0.057947635846685497,0.005738476294581629,0.05,5,benign-first
4005,synthetic_cat_tie,on_off,1/10,1-MacroF1,0.49671821114695736,0.5211598746081505,-0.024441663461193142,0.09864566347307957,0.05,5,benign-first
4006,synthetic_cat_tie,on_off,1/10,1-MacroF1,0.4021836007130124,0.57624488644378613,-0.17406128573077373,0.05247047485853912,0.05,5,benign-first
4007,synthetic_cat_tie,on_off,1/10,1-MacroF1,0.52777777777777779,0.59561128526645768,-0.067833507488679889,0.06358195033864883,0.05,5,benign-first
4008,synthetic_cat_tie,on_off,1/10,1-MacroF1,0.50022893772893773,0.65142857142857147,-0.15119963369963374,-0.02196069583762006,0.05,5,benign-first
4009,synthetic_cat_tie,on_off,1/10,1-MacroF1,0.49079065588499549,0.55703624733475476,-0.066245591449759278,0.019586824845678974,0.05,5,benign-first
4010,synthetic_cat_tie,on_off,1/10,1-MacroF1,0.44764969543730604,0.54330065359477131,-0.095650958157465271,-0.002075676761831291,0.05,5,benign-first
4011,synthetic_cat_tie,on_off,1/10,1-MacroF1,0.53635953026196925,0.6268598783801268,-0.090500348118157548,0.0009840133101851611,0.05,0,attack-first
4012,synthetic_cat_tie,on_off,1/10,1-MacroF1,0.55251453985631205,0.56390977443609025,-0.011395234579778202,0.06747301526063104,0.05,0,attack-first
4013,synthetic_cat_tie,on_off,1/10,1-MacroF1,0.54875976894325518,0.68840579710144922,-0.13964602815819405,-0.02097042181069958,0.05,0,attack-first
4014,synthetic_cat_tie,on_off,1/10,1-MacroF1,0.60579710144927534,0.66416040100250628,-0.058363299553230941,-0.037639065715020514,0.05,0,attack-first
4015,synthetic_cat_tie,on_off,1/10,1-MacroF1,0.55232558139534882,0.6269360269360269,-0.074610445540678083,-0.026224719221536352,0.05,0,attack-first
4016,synthetic_cat_tie,on_off,1/10,1-MacroF1,0.45340909090909087,0.65142857142857147,-0.1980194805194806,0.03524471129115225,0.05,0,attack-first
4017,synthetic_cat_tie,on_off,1/10,1-MacroF1,0.50983899821109124,0.5115384615384615,-0.0016994633273702542,-0.11486893432784645,0.05,0,attack-first
4018,synthetic_cat_tie,on_off,1/10,1-MacroF1,0.48555555555555552,0.58235607675906187,-0.096800521203506351,-0.07137351305298356,0.05,0,attack-first
4019,synthetic_cat_tie,on_off,1/10,1-MacroF1,0.59210526315789469,0.64109626773171735,-0.048991004573822661,-0.05183978212877233,0.05,0,attack-first
4020,synthetic_cat_tie,on_off,1/10,1-MacroF1,0.60026604589291654,0.58903769841269837,0.01122834748021817,0.02244740226337444,0.05,0,attack-first
4001,synthetic_cat_tie,on_off,3/10,1-MacroF1,0.4813647111811733,0.46282051282051284,0.018544198360660458,-0.029128246252204615,0.15,5,benign-first
4002,synthetic_cat_tie,on_off,3/10,1-MacroF1,0.43466131012163822,0.49498030245266234,-0.060318992331024113,0.038571970072751316,0.15,5,benign-first
4003,synthetic_cat_tie,on_off,3/10,1-MacroF1,0.46362023070097602,0.53589743589743588,-0.072277205196459859,-0.02264884879298945,0.15,5,benign-first
4004,synthetic_cat_tie,on_off,3/10,1-MacroF1,0.45054200542005418,0.51378446115288223,-0.063242455732828051,0.003364052854938293,0.15,5,benign-first
4005,synthetic_cat_tie,on_off,3/10,1-MacroF1,0.41512605042016815,0.47152560083594564,-0.056399550415777489,0.027184895144400367,0.15,5,benign-first
4006,synthetic_cat_tie,on_off,3/10,1-MacroF1,0.5613636363636364,0.58461538461538465,-0.02325174825174825,-0.010960712907848336,0.15,5,benign-first
4007,synthetic_cat_tie,on_off,3/10,1-MacroF1,0.53108228980322003,0.56025641025641026,-0.029174120453190233,0.042699580439814866,0.15,5,benign-first
4008,synthetic_cat_tie,on_off,3/10,1-MacroF1,0.47899159663865554,0.51378446115288223,-0.034792864514226696,-0.010352424355158707,0.15,5,benign-first
4009,synthetic_cat_tie,on_off,3/10,1-MacroF1,0.53108228980322003,0.55065524193548387,-0.019572952132263843,-0.022511756870958244,0.15,5,benign-first
4010,synthetic_cat_tie,on_off,3/10,1-MacroF1,0.40763324299909665,0.47123015873015872,-0.063596915731062076,0.02927090842702823,0.15,5,benign-first
4011,synthetic_cat_tie,on_off,3/10,1-MacroF1,0.46945193171608268,0.55718475073313778,-0.087732819017055097,0.08850768504739859,0.15,0,attack-first
4012,synthetic_cat_tie,on_off,3/10,1-MacroF1,0.56414565826330532,0.61259920634920628,-0.048453548085900966,0.013867825911228704,0.15,0,attack-first
4013,synthetic_cat_tie,on_off,3/10,1-MacroF1,0.54285714285714293,0.56547619047619047,-0.022619047619047539,0.027313037367724835,0.15,0,attack-first
4014,synthetic_cat_tie,on_off,3/10,1-MacroF1,0.57926829268292679,0.62683284457478006,-0.047564551891853268,-0.024542762070105806,0.15,0,attack-first
4015,synthetic_cat_tie,on_off,3/10,1-MacroF1,0.48859570661896246,0.57769439772286191,-0.089098691103899452,-0.03971104772927686,0.15,0,attack-first
4016,synthetic_cat_tie,on_off,3/10,1-MacroF1,0.56187925454748355,0.60554930633670789,-0.04367005178922434,0.04079436728395064,0.15,0,attack-first
4017,synthetic_cat_tie,on_off,3/10,1-MacroF1,0.59179975082115754,0.6292963379577553,-0.037496587136597759,-0.057990919863315726,0.15,0,attack-first
4018,synthetic_cat_tie,on_off,3/10,1-MacroF1,0.50571978706535281,0.64678649237472774,-0.14106670530937493,-0.02922978326168435,0.15,0,attack-first
4019,synthetic_cat_tie,on_off,3/10,1-MacroF1,0.52723977800430399,0.6268598783801268,-0.099620100375822807,-0.07344504726080248,0.15,0,attack-first
4020,synthetic_cat_tie,on_off,3/10,1-MacroF1,0.53708014632524115,0.53430821147356578,0.0027719348516753728,-0.02117059358465606,0.15,0,attack-first
4001,synthetic_cat_tie,on_off,1/2,1-MacroF1,0.54888888888888887,0.53430821147356578,0.014580677415323096,-0.0024679687499999936,0.25,5,benign-first
4002,synthetic_cat_tie,on_off,1/2,1-MacroF1,0.55251453985631205,0.56025641025641026,-0.0077418704000982164,-0.0022939814814814663,0.25,5,benign-first
4003,synthetic_cat_tie,on_off,1/2,1-MacroF1,0.49671821114695736,0.56025641025641026,-0.063538199109452909,0.0013430844907407757,0.25,5,benign-first
4004,synthetic_cat_tie,on_off,1/2,1-MacroF1,0.58833464699921179,0.59561128526645768,-0.007276638267245894,0.0014025173611110775,0.25,5,benign-first
4005,synthetic_cat_tie,on_off,1/2,1-MacroF1,0.52918894830659535,0.48753665689149561,0.04165229141509974,0.0026742139274691934,0.25,5,benign-first
4006,synthetic_cat_tie,on_off,1/2,1-MacroF1,0.52723977800430399,0.57769439772286191,-0.050454619718557914,-0.00020368923611113754,0.25,5,benign-first
4007,synthetic_cat_tie,on_off,1/2,1-MacroF1,0.54875976894325518,0.55065524193548387,-0.0018954729922286973,-0.0009303722993827535,0.25,5,benign-first
4008,synthetic_cat_tie,on_off,1/2,1-MacroF1,0.45997072401756567,0.56390977443609025,-0.10393905041852458,0.00019471450617286612,0.25,5,benign-first
4009,synthetic_cat_tie,on_off,1/2,1-MacroF1,0.51670551670551668,0.56390977443609025,-0.047204257730573573,-0.001879378858024694,0.25,5,benign-first
4010,synthetic_cat_tie,on_off,1/2,1-MacroF1,0.471996386630533,0.49479166666666674,-0.022795280036133736,0.0032657262731481396,0.25,5,benign-first
4011,synthetic_cat_tie,on_off,1/2,1-MacroF1,0.4813647111811733,0.55065524193548387,-0.069290530754310575,-0.03056500868055556,0.25,0,attack-first
4012,synthetic_cat_tie,on_off,1/2,1-MacroF1,0.56547619047619047,0.54327106366755618,0.02220512680863429,0.012889023919753106,0.25,0,attack-first
4013,synthetic_cat_tie,on_off,1/2,1-MacroF1,0.47499999999999998,0.59561128526645768,-0.1206112852664577,-0.04521763888888891,0.25,0,attack-first
4014,synthetic_cat_tie,on_off,1/2,1-MacroF1,0.5176811594202898,0.57769439772286191,-0.060013238302572103,0.011862598379629663,0.25,0,attack-first
4015,synthetic_cat_tie,on_off,1/2,1-MacroF1,0.53708014632524115,0.57292307692307687,-0.03584293059783572,0.02787945601851849,0.25,0,attack-first
4016,synthetic_cat_tie,on_off,1/2,1-MacroF1,0.49079065588499549,0.6013468013468013,-0.11055614546180581,-0.021164907407407396,0.25,0,attack-first
4017,synthetic_cat_tie,on_off,1/2,1-MacroF1,0.51947327307220181,0.53396871945259039,-0.014495446380388577,0.04681869984567899,0.25,0,attack-first
4018,synthetic_cat_tie,on_off,1/2,1-MacroF1,0.54067626380984268,0.6292963379577553,-0.08862007414791262,0.0021954832175926087,0.25,0,attack-first
4019,synthetic_cat_tie,on_off,1/2,1-MacroF1,0.52723977800430399,0.59853830645161288,-0.071298528447308884,0.06134721547067906,0.25,0,attack-first
4020,synthetic_cat_tie,on_off,1/2,1-MacroF1,0.51785515630214707,0.58180227471566059,-0.063947118413513526,-0.010497916666666662,0.25,0,attack-first
4001,synthetic_cat_tie,on_off,7/10,1-MacroF1,0.51670551670551668,0.53589743589743588,-0.019191919191919204,-0.01790314291225753,0.35,5,benign-first
4002,synthetic_cat_tie,on_off,7/10,1-MacroF1,0.46584559242787094,0.53642748932653905,-0.070581896898668117,0.0414749090608465,0.35,5,benign-first
4003,synthetic_cat_tie,on_off,7/10,1-MacroF1,0.62215562215562215,0.53430821147356578,0.08784741068205637,0.006560382908950613,0.35,5,benign-first
4004,synthetic_cat_tie,on_off,7/10,1-MacroF1,0.61331974176010873,0.62042842215256011,-0.0071086803924513831,-0.005239390891387419,0.35,5,benign-first
4005,synthetic_cat_tie,on_off,7/10,1-MacroF1,0.41345831938399735,0.52457912457912459,-0.11112080519512724,-0.021407640266754846,0.35,5,benign-first
4006,synthetic_cat_tie,on_off,7/10,1-MacroF1,0.50571978706535281,0.53430821147356578,-0.028588424408212965,0.009253554894179894,0.35,5,benign-first
4007,synthetic_cat_tie,on_off,7/10,1-MacroF1,0.46052631578947367,0.53589743589743588,-0.075371120107962208,0.02724847814704584,0.35,5,benign-first
4008,synthetic_cat_tie,on_off,7/10,1-MacroF1,0.43641456582633054,0.50394617673696462,-0.067531610910634088,-0.01692090980489419,0.35,5,benign-first
4009,synthetic_cat_tie,on_off,7/10,1-MacroF1,0.41963982330954808,0.46306711661042366,-0.04342729330087558,-0.0036944706238977165,0.35,5,benign-first
4010,synthetic_cat_tie,on_off,7/10,1-MacroF1,0.4868538324420677,0.50277217741935487,-0.015918344977287169,-0.0011813684964726567,0.35,5,benign-first
4011,synthetic_cat_tie,on_off,7/10,1-MacroF1,0.4868538324420677,0.59853830645161288,-0.11168447400954518,-0.07125743014219577,0.35,0,attack-first
4012,synthetic_cat_tie,on_off,7/10,1-MacroF1,0.56173913043478263,0.59561128526645768,-0.03387215483167505,0.06677762621252203,0.35,0,attack-first
4013,synthetic_cat_tie,on_off,7/10,1-MacroF1,0.49827028233456083,0.60227713805149441,-0.10400685571693358,-0.03909430114638446,0.35,0,attack-first
4014,synthetic_cat_tie,on_off,7/10,1-MacroF1,0.57866911849212732,0.56390977443609025,0.014759344056037071,-0.06067153742283948,0.35,0,attack-first
4015,synthetic_cat_tie,on_off,7/10,1-MacroF1,0.56898846495119781,0.58903769841269837,-0.02004923346150056,0.07235836915784832,0.35,0,attack-first
4016,synthetic_cat_tie,on_off,7/10,1-MacroF1,0.49659090909090908,0.60767590618336886,-0.11108499709245978,0.022554715057319208,0.35,0,attack-first
4017,synthetic_cat_tie,on_off,7/10,1-MacroF1,0.59584901357053255,0.68922305764411029,-0.093374044073577744,-0.011544339726631436,0.35,0,attack-first
4018,synthetic_cat_tie,on_off,7/10,1-MacroF1,0.50531914893617025,0.57459677419354838,-0.069277625257378128,0.01779827008928575,0.35,0,attack-first
4019,synthetic_cat_tie,on_off,7/10,1-MacroF1,0.55232558139534882,0.59853830645161288,-0.046212725056264059,-0.07937860426771015,0.35,0,attack-first
4020,synthetic_cat_tie,on_off,7/10,1-MacroF1,0.53899210145733678,0.58040078201368517,-0.041408680556348387,0.019240658068783056,0.35,0,attack-first
4001,synthetic_cat_tie,on_off,9/10,1-MacroF1,0.51785515630214707,0.56390977443609025,-0.046054618133943181,0.05611466853137864,0.45,5,benign-first
4002,synthetic_cat_tie,on_off,9/10,1-MacroF1,0.53499597747385352,0.58235607675906187,-0.047360099285208346,0.08563913644547327,0.45,5,benign-first
4003,synthetic_cat_tie,on_off,9/10,1-MacroF1,0.51490514905149054,0.53884711779448624,-0.023941968742995701,0.0546324315200617,0.45,5,benign-first
4004,synthetic_cat_tie,on_off,9/10,1-MacroF1,0.5334681042228212,0.57769439772286191,-0.044226293500040703,0.07239710433813445,0.45,5,benign-first
4005,synthetic_cat_tie,on_off,9/10,1-MacroF1,0.46267980518745044,0.48717948717948723,-0.024499681992036781,-0.054922909164952016,0.45,5,benign-first
4006,synthetic_cat_tie,on_off,9/10,1-MacroF1,0.61605545617173529,0.59504357298474941,0.02101188318698588,-0.02607736304012348,0.45,5,benign-first
4007,synthetic_cat_tie,on_off,9/10,1-MacroF1,0.55251453985631205,0.56259468392783363,-0.01008014407152158,-0.07584552469135802,0.45,5,benign-first
4008,synthetic_cat_tie,on_off,9/10,1-MacroF1,0.37254901960784315,0.45478069607969984,-0.082231676471856696,-0.016028968942901234,0.45,5,benign-first
4009,synthetic_cat_tie,on_off,9/10,1-MacroF1,0.50571978706535281,0.5501683501683502,-0.044448563102997385,-0.02054671639231831,0.45,5,benign-first
4010,synthetic_cat_tie,on_off,9/10,1-MacroF1,0.48859570661896246,0.50639658848614078,-0.01780088186717832,-0.011431024948559632,0.45,5,benign-first
4011,synthetic_cat_tie,on_off,9/10,1-MacroF1,0.49345076784101172,0.6333333333333333,-0.13988256549232159,-0.07442082208076128,0.45,0,attack-first
4012,synthetic_cat_tie,on_off,9/10,1-MacroF1,0.59584901357053255,0.6013468013468013,-0.0054977877762687477,0.1892102409122085,0.45,0,attack-first
4013,synthetic_cat_tie,on_off,9/10,1-MacroF1,0.50571978706535281,0.66726346233301204,-0.16154367526765923,0.08302414480452669,0.45,0,attack-first
4014,synthetic_cat_tie,on_off,9/10,1-MacroF1,0.57614555256064692,0.56547619047619047,0.010669362084456457,0.1157681166409466,0.45,0,attack-first
4015,synthetic_cat_tie,on_off,9/10,1-MacroF1,0.56187925454748355,0.59504357298474941,-0.033164318437265861,-0.07717387902949246,0.45,0,attack-first
4016,synthetic_cat_tie,on_off,9/10,1-MacroF1,0.45770308123249293,0.61403508771929827,-0.15633200648680534,-0.04786168981481481,0.45,0,attack-first
4017,synthetic_cat_tie,on_off,9/10,1-MacroF1,0.52723977800430399,0.55703624733475476,-0.02979646933045077,-0.04404686428326471,0.45,0,attack-first
4018,synthetic_cat_tie,on_off,9/10,1-MacroF1,0.50531914893617025,0.63985258609734397,-0.13453343716117372,-0.07495335808899178,0.45,0,attack-first
4019,synthetic_cat_tie,on_off,9/10,1-MacroF1,0.49345076784101172,0.59561128526645768,-0.10216051742544596,-0.011772647140775028,0.45,0,attack-first
4020,synthetic_cat_tie,on_off,9/10,1-MacroF1,0.61605545617173529,0.65004887585532756,-0.033993419683592263,0.08260358796296291,0.45,0,attack-first
